gcid,all_authors,primary_author,num_authors,total_changes,first_revision,last_revision
2,bwelling,bwelling,1,4,41,51
3,bwelling,bwelling,1,1,6,6
4,bwelling,bwelling,1,1,6,6
5,bwelling,bwelling,1,2,6,9
6,bwelling,bwelling,1,2,6,9
7,bwelling,bwelling,1,1,6,6
8,bwelling,bwelling,1,1,6,6
9,bwelling,bwelling,1,2,6,9
10,bwelling,bwelling,1,2,6,9
11,bwelling,bwelling,1,2,41,94
12,bwelling,bwelling,1,1,41,41
13,bwelling,bwelling,1,1,41,41
14,bwelling,bwelling,1,2,41,94
15,bwelling,bwelling,1,1,28,28
16,bwelling,bwelling,1,1,28,28
17,bwelling,bwelling,1,1,28,28
18,bwelling,bwelling,1,1,28,28
19,bwelling,bwelling,1,1,48,48
20,bwelling,bwelling,1,1,48,48
21,bwelling,bwelling,1,1,48,48
22,bwelling,bwelling,1,1,48,48
25,bwelling,bwelling,1,4,20,827
26,bwelling,bwelling,1,4,20,829
27,bwelling,bwelling,1,2,16,41
28,bwelling,bwelling,1,5,16,1421
29,bwelling,bwelling,1,2,16,41
30,bwelling,bwelling,1,4,16,269
31,bwelling,bwelling,1,2,41,48
32,bwelling,bwelling,1,2,41,48
33,bwelling,bwelling,1,6,41,269
34,bwelling,bwelling,1,6,41,269
35,bwelling,bwelling,1,2,41,48
36,bwelling,bwelling,1,2,41,48
37,bwelling,bwelling,1,4,41,218
38,bwelling,bwelling,1,5,41,1421
39,bwelling,bwelling,1,1,41,41
40,bwelling,bwelling,1,4,41,269
41,bwelling,bwelling,1,4,41,269
42,bwelling,bwelling,1,1,41,41
44,bwelling,bwelling,1,3,94,1179
45,bwelling,bwelling,1,1,41,41
47,bwelling,bwelling,1,2,41,248
48,bwelling,bwelling,1,1,41,41
49,bwelling,bwelling,1,2,41,248
50,bwelling,bwelling,1,3,94,1421
51,bwelling,bwelling,1,3,4,405
52,bwelling,bwelling,1,1,4,4
53,bwelling,bwelling,1,3,4,44
54,bwelling,bwelling,1,6,4,248
55,bwelling,bwelling,1,1,41,41
56,bwelling,bwelling,1,1,41,41
57,bwelling,bwelling,1,3,41,248
58,bwelling,bwelling,1,5,41,758
63,bwelling,bwelling,1,1,41,41
64,bwelling,bwelling,1,3,41,248
65,bwelling,bwelling,1,1,41,41
66,bwelling,bwelling,1,3,41,248
68,bwelling,bwelling,1,1,13,13
69,bwelling,bwelling,1,3,7,1096
70,bwelling,bwelling,1,1,13,13
73,bwelling,bwelling,1,2,7,20
74,bwelling,bwelling,1,1,13,13
75,bwelling,bwelling,1,2,7,20
76,bwelling,bwelling,1,2,7,20
78,bwelling,bwelling,1,1,13,13
79,bwelling,bwelling,1,1,41,41
80,bwelling,bwelling,1,2,41,87
82,bwelling,bwelling,1,3,21,87
83,bwelling,bwelling,1,1,41,41
84,bwelling,bwelling,1,5,41,281
85,bwelling,bwelling,1,6,41,991
86,bwelling,bwelling,1,1,41,41
87,bwelling,bwelling,1,4,9,48
88,bwelling,bwelling,1,9,9,281
89,bwelling,bwelling,1,1,41,41
90,bwelling,bwelling,1,3,9,41
91,bwelling,bwelling,1,1,41,41
92,bwelling,bwelling,1,1,41,41
93,bwelling,bwelling,1,3,41,248
94,bwelling,bwelling,1,3,41,248
99,bwelling,bwelling,1,2,41,48
100,bwelling,bwelling,1,2,41,48
101,bwelling,bwelling,1,4,41,135
102,bwelling,bwelling,1,4,41,135
103,bwelling,bwelling,1,3,41,74
104,bwelling,bwelling,1,5,41,253
105,bwelling,bwelling,1,3,41,74
106,bwelling,bwelling,1,5,41,253
107,bwelling,bwelling,1,1,43,43
108,bwelling,bwelling,1,4,43,253
109,bwelling,bwelling,1,4,43,253
110,bwelling,bwelling,1,1,43,43
111,bwelling,bwelling,1,2,41,43
112,bwelling,bwelling,1,6,41,253
113,bwelling,bwelling,1,6,41,253
114,bwelling,bwelling,1,2,41,43
115,bwelling,bwelling,1,3,41,48
116,bwelling,bwelling,1,9,41,1003
117,bwelling,bwelling,1,5,41,232
118,bwelling,bwelling,1,3,41,48
120,bwelling,bwelling,1,8,87,1045
121,bwelling,bwelling,1,6,87,1295
123,bwelling,bwelling,1,1,41,41
124,bwelling,bwelling,1,10,41,1222
125,bwelling,bwelling,1,1,41,41
126,bwelling,bwelling,1,4,41,248
127,bwelling,bwelling,1,2,8,41
128,bwelling,bwelling,1,5,8,248
129,bwelling,bwelling,1,5,8,248
130,bwelling,bwelling,1,2,8,41
132,bwelling,bwelling,1,2,41,44
134,bwelling,bwelling,1,5,41,248
139,bwelling,bwelling,1,1,41,41
141,bwelling,bwelling,1,5,41,996
142,bwelling,bwelling,1,1,41,41
145,bwelling,bwelling,1,1,6,6
146,bwelling,bwelling,1,1,6,6
147,bwelling,bwelling,1,1,6,6
148,bwelling,bwelling,1,1,6,6
154,bwelling,bwelling,1,19,41,1458
156,bwelling,bwelling,1,1,41,41
157,bwelling,bwelling,1,6,41,248
160,bwelling,bwelling,1,2,41,135
161,bwelling,bwelling,1,1,4,4
163,bwelling,bwelling,1,3,4,44
164,bwelling,bwelling,1,6,41,248
165,bwelling,bwelling,1,1,41,41
166,bwelling,bwelling,1,5,41,205
167,bwelling,bwelling,1,1,41,41
168,bwelling,bwelling,1,5,41,205
170,bwelling,bwelling,1,1,210,210
171,bwelling,bwelling,1,1,210,210
173,bwelling,bwelling,1,1,210,210
175,bwelling,bwelling,1,1,30,30
176,bwelling,bwelling,1,4,30,284
177,bwelling,bwelling,1,9,201,284
178,bwelling,bwelling,1,2,30,208
179,bwelling,bwelling,1,1,30,30
180,bwelling,bwelling,1,4,30,210
181,bwelling,bwelling,1,3,4,16
182,bwelling,bwelling,1,7,4,284
183,bwelling,bwelling,1,7,4,210
184,bwelling,bwelling,1,9,4,284
185,bwelling,bwelling,1,4,4,30
186,bwelling,bwelling,1,5,4,208
187,bwelling,bwelling,1,5,14,33
188,bwelling,bwelling,1,10,14,223
189,bwelling,bwelling,1,8,14,208
190,bwelling,bwelling,1,10,14,223
191,bwelling,bwelling,1,5,14,33
192,bwelling,bwelling,1,8,14,208
193,bwelling,bwelling,1,1,14,14
194,bwelling,bwelling,1,1,14,14
195,bwelling,bwelling,1,1,14,14
196,bwelling,bwelling,1,1,14,14
197,bwelling,bwelling,1,1,14,14
198,bwelling,bwelling,1,1,14,14
199,bwelling,bwelling,1,9,16,72
200,bwelling,bwelling,1,12,16,144
201,bwelling,bwelling,1,14,16,281
202,bwelling,bwelling,1,14,16,281
203,bwelling,bwelling,1,12,16,144
204,bwelling,bwelling,1,9,16,72
205,bwelling,bwelling,1,1,41,41
206,bwelling,bwelling,1,1,41,41
207,bwelling,bwelling,1,3,41,248
208,bwelling,bwelling,1,3,41,248
209,bwelling,bwelling,1,4,6,248
210,bwelling,bwelling,1,2,6,41
211,bwelling,bwelling,1,2,6,41
212,bwelling,bwelling,1,6,6,758
213,bwelling,bwelling,1,11,7,1222
214,bwelling,bwelling,1,3,7,41
215,bwelling,bwelling,1,3,7,41
216,bwelling,bwelling,1,5,7,268
217,bwelling,bwelling,1,2,8,41
218,bwelling,bwelling,1,2,8,41
219,bwelling,bwelling,1,1,8,8
220,bwelling,bwelling,1,5,8,248
223,bwelling,bwelling,1,1,278,278
224,bwelling,bwelling,1,3,278,866
225,bwelling,bwelling,1,1,41,41
226,bwelling,bwelling,1,4,41,248
227,bwelling,bwelling,1,1,41,41
228,bwelling,bwelling,1,4,41,248
229,bwelling,bwelling,1,3,48,61
230,bwelling,bwelling,1,3,48,61
231,bwelling,bwelling,1,3,48,61
232,bwelling,bwelling,1,7,48,1210
233,bwelling,bwelling,1,4,7,48
234,bwelling,bwelling,1,6,7,94
235,bwelling,bwelling,1,4,7,48
236,bwelling,bwelling,1,6,7,94
237,bwelling,bwelling,1,2,7,18
238,bwelling,bwelling,1,2,7,20
239,bwelling,bwelling,1,2,7,18
240,bwelling,bwelling,1,1,7,7
241,bwelling,bwelling,1,3,37,52
242,bwelling,bwelling,1,5,37,753
243,bwelling,bwelling,1,4,37,94
244,bwelling,bwelling,1,3,37,52
245,bwelling,bwelling,1,2,37,41
246,bwelling,bwelling,1,2,37,41
247,bwelling,bwelling,1,3,37,43
248,bwelling,bwelling,1,2,37,41
249,bwelling,bwelling,1,2,41,43
250,bwelling,bwelling,1,4,41,753
251,bwelling,bwelling,1,5,41,753
252,bwelling,bwelling,1,2,41,43
253,bwelling,bwelling,1,1,4,4
254,bwelling,bwelling,1,3,4,44
255,bwelling,bwelling,1,2,4,41
256,bwelling,bwelling,1,1,4,4
257,bwelling,bwelling,1,5,4,682
258,bwelling,bwelling,1,7,4,248
259,bwelling,bwelling,1,3,4,44
260,bwelling,bwelling,1,3,4,18
261,bwelling,bwelling,1,3,4,20
262,bwelling,bwelling,1,2,4,7
263,bwelling,bwelling,1,2,7,32
264,bwelling,bwelling,1,2,7,32
265,bwelling,bwelling,1,2,7,32
266,bwelling,bwelling,1,2,7,32
271,bwelling,bwelling,1,3,20,233
272,bwelling,bwelling,1,2,20,32
273,bwelling,bwelling,1,4,15,233
274,bwelling,bwelling,1,1,15,15
282,bwelling,bwelling,1,2,9,20
283,bwelling,bwelling,1,7,20,281
284,bwelling,bwelling,1,1,7,7
285,bwelling,bwelling,1,1,7,7
286,bwelling,bwelling,1,1,7,7
287,bwelling,bwelling,1,1,7,7
288,bwelling,bwelling,1,1,7,7
289,bwelling,bwelling,1,1,7,7
298,bwelling,bwelling,1,3,94,756
299,bwelling,bwelling,1,2,94,248
300,bwelling,bwelling,1,1,41,41
302,bwelling,bwelling,1,1,41,41
303,bwelling,bwelling,1,3,41,248
306,bwelling,bwelling,1,1,94,94
307,bwelling,bwelling,1,5,94,1210
308,bwelling,bwelling,1,1,9,9
309,bwelling,bwelling,1,2,9,206
310,bwelling,bwelling,1,1,9,9
311,bwelling,bwelling,1,4,9,991
312,bwelling,bwelling,1,1,15,15
313,bwelling,bwelling,1,5,14,41
314,bwelling,bwelling,1,12,14,281
315,bwelling,bwelling,1,8,14,144
316,bwelling,bwelling,1,5,14,41
317,bwelling,bwelling,1,8,14,144
318,bwelling,bwelling,1,12,14,281
319,bwelling,bwelling,1,1,41,41
320,bwelling,bwelling,1,1,41,41
321,bwelling,bwelling,1,1,41,41
322,bwelling,bwelling,1,2,41,392
323,bwelling,bwelling,1,1,18,18
324,bwelling,bwelling,1,1,18,18
325,bwelling,bwelling,1,1,18,18
326,bwelling,bwelling,1,1,18,18
335,bwelling,bwelling,1,6,18,48
336,bwelling,bwelling,1,10,18,281
337,bwelling,bwelling,1,6,18,48
338,bwelling,bwelling,1,10,18,281
339,bwelling,bwelling,1,1,28,28
340,bwelling,bwelling,1,2,28,30
341,bwelling,bwelling,1,3,20,48
342,bwelling,bwelling,1,10,20,1370
343,bwelling,bwelling,1,9,20,206
344,bwelling,bwelling,1,6,20,269
345,bwelling,bwelling,1,4,20,48
346,bwelling,bwelling,1,3,20,48
347,bwelling,bwelling,1,4,20,48
348,bwelling,bwelling,1,11,20,551
349,bwelling,bwelling,1,4,20,48
350,bwelling,bwelling,1,8,20,128
351,bwelling,bwelling,1,4,20,48
352,bwelling,bwelling,1,8,20,128
353,bwelling,bwelling,1,2,20,26
354,bwelling,bwelling,1,2,20,26
355,bwelling,bwelling,1,2,20,26
356,bwelling,bwelling,1,2,20,26
357,bwelling,bwelling,1,2,20,23
358,bwelling,bwelling,1,2,20,23
359,bwelling,bwelling,1,2,20,23
360,bwelling,bwelling,1,2,20,23
361,bwelling,bwelling,1,1,233,233
362,bwelling,bwelling,1,1,233,233
365,bwelling,bwelling,1,3,23,48
366,bwelling,bwelling,1,7,23,128
367,bwelling,bwelling,1,3,23,48
368,bwelling,bwelling,1,7,23,128
369,bwelling,bwelling,1,1,26,26
370,bwelling,bwelling,1,1,26,26
371,bwelling,bwelling,1,1,26,26
372,bwelling,bwelling,1,1,26,26
373,bwelling,bwelling,1,3,30,48
374,bwelling,bwelling,1,4,26,48
375,bwelling,bwelling,1,18,30,1380
376,bwelling,bwelling,1,14,26,1380
377,bwelling,bwelling,1,3,30,48
378,bwelling,bwelling,1,4,26,48
379,bwelling,bwelling,1,6,30,272
380,bwelling,bwelling,1,16,26,988
381,bwelling,bwelling,1,2,27,41
382,bwelling,bwelling,1,6,27,267
383,bwelling,bwelling,1,6,27,267
384,bwelling,bwelling,1,2,27,41
385,bwelling,bwelling,1,2,41,90
386,bwelling,bwelling,1,2,41,90
387,bwelling,bwelling,1,1,41,41
388,bwelling,bwelling,1,1,41,41
389,bwelling,bwelling,1,1,232,232
390,bwelling,bwelling,1,1,232,232
391,bwelling,bwelling,1,1,232,232
392,bwelling,bwelling,1,1,232,232
393,bwelling,bwelling,1,1,232,232
394,bwelling,bwelling,1,1,232,232
395,bwelling,bwelling,1,1,232,232
396,bwelling,bwelling,1,1,232,232
417,bwelling,bwelling,1,1,202,202
418,bwelling,bwelling,1,1,202,202
421,bwelling,bwelling,1,2,202,232
422,bwelling,bwelling,1,2,202,232
425,bwelling,bwelling,1,2,33,44
426,bwelling,bwelling,1,4,33,208
427,bwelling,bwelling,1,2,33,63
428,bwelling,bwelling,1,2,33,63
429,bwelling,bwelling,1,17,33,924
430,bwelling,bwelling,1,6,33,210
431,bwelling,bwelling,1,10,33,284
432,bwelling,bwelling,1,2,33,44
433,bwelling,bwelling,1,6,33,210
434,bwelling,bwelling,1,4,33,208
435,bwelling,bwelling,1,5,33,222
436,bwelling,bwelling,1,5,33,222
437,bwelling,bwelling,1,4,33,82
438,bwelling,bwelling,1,4,33,82
439,bwelling,bwelling,1,3,33,82
440,bwelling,bwelling,1,3,33,82
441,bwelling,bwelling,1,6,33,210
442,bwelling,bwelling,1,9,33,210
443,bwelling,bwelling,1,4,33,82
444,bwelling,bwelling,1,9,33,210
445,bwelling,bwelling,1,11,33,314
446,bwelling,bwelling,1,13,33,314
447,bwelling,bwelling,1,7,33,210
448,bwelling,bwelling,1,13,33,403
449,bwelling,bwelling,1,16,33,771
450,bwelling,bwelling,1,10,33,284
451,bwelling,bwelling,1,8,33,210
452,bwelling,bwelling,1,4,33,82
453,bwelling,bwelling,1,7,33,210
454,bwelling,bwelling,1,10,33,284
455,bwelling,bwelling,1,4,41,1210
456,bwelling,bwelling,1,1,41,41
457,bwelling,bwelling,1,1,41,41
458,bwelling,bwelling,1,4,41,756
459,bwelling,bwelling,1,1,41,41
460,bwelling,bwelling,1,3,41,268
461,bwelling,bwelling,1,1,41,41
462,bwelling,bwelling,1,6,41,758
463,bwelling,bwelling,1,1,41,41
464,bwelling,bwelling,1,4,41,268
465,bwelling,bwelling,1,4,41,268
466,bwelling,bwelling,1,1,41,41
468,bwelling,bwelling,1,8,44,1210
469,bwelling,bwelling,1,1,44,44
470,bwelling,bwelling,1,5,44,1222
473,bwelling,bwelling,1,1,44,44
475,bwelling,bwelling,1,3,41,599
477,bwelling,bwelling,1,21,128,1458
478,bwelling,bwelling,1,1,41,41
479,bwelling,bwelling,1,16,128,1458
481,bwelling,bwelling,1,1,41,41
482,bwelling,bwelling,1,4,41,1208
487,bwelling,bwelling,1,2,41,48
488,bwelling,bwelling,1,2,41,48
489,bwelling,bwelling,1,9,41,1216
490,bwelling,bwelling,1,6,41,278
492,bwelling,bwelling,1,3,599,1210
494,bwelling,bwelling,1,1,1042,1042
496,bwelling,bwelling,1,3,94,1280
497,bwelling,bwelling,1,2,94,248
499,bwelling,bwelling,1,1,41,41
500,bwelling,bwelling,1,8,41,1163
501,bwelling,bwelling,1,1,41,41
502,bwelling,bwelling,1,4,41,267
503,bwelling,bwelling,1,1,48,48
504,bwelling,bwelling,1,5,48,278
505,bwelling,bwelling,1,6,48,756
506,bwelling,bwelling,1,7,48,866
507,bwelling,bwelling,1,1,48,48
508,bwelling,bwelling,1,1,48,48
509,bwelling,bwelling,1,10,48,1216
510,bwelling,bwelling,1,1,48,48
511,bwelling,bwelling,1,2,41,48
512,bwelling,bwelling,1,5,41,278
513,bwelling,bwelling,1,5,48,278
514,bwelling,bwelling,1,8,41,1212
515,bwelling,bwelling,1,5,48,278
516,bwelling,bwelling,1,1,48,48
517,bwelling,bwelling,1,1,48,48
518,bwelling,bwelling,1,2,41,48
519,bwelling,bwelling,1,1,41,41
520,bwelling,bwelling,1,1,41,41
521,bwelling,bwelling,1,4,41,248
522,bwelling,bwelling,1,4,41,248
523,bwelling,bwelling,1,1,48,48
524,bwelling,bwelling,1,9,48,866
525,bwelling,bwelling,1,1,48,48
526,bwelling,bwelling,1,9,48,866
527,bwelling,bwelling,1,3,41,76
528,bwelling,bwelling,1,10,41,418
529,bwelling,bwelling,1,1,44,44
530,bwelling,bwelling,1,2,41,44
531,bwelling,bwelling,1,4,41,87
532,bwelling,bwelling,1,8,43,418
533,bwelling,bwelling,1,2,43,44
535,bwelling,bwelling,1,2,41,48
536,bwelling,bwelling,1,4,48,128
537,bwelling,bwelling,1,6,41,247
538,bwelling,bwelling,1,2,41,48
540,bwelling,bwelling,1,1,48,48
541,bwelling,bwelling,1,1,48,48
542,bwelling,bwelling,1,2,41,48
544,bwelling,bwelling,1,1,94,94
545,bwelling,bwelling,1,1,94,94
547,bwelling,bwelling,1,1,41,41
548,bwelling,bwelling,1,5,41,267
549,bwelling,bwelling,1,5,41,267
550,bwelling,bwelling,1,1,41,41
553,bwelling,bwelling,1,2,756,866
555,bwelling,bwelling,1,2,41,48
556,bwelling,bwelling,1,6,41,278
557,bwelling,bwelling,1,2,41,48
558,bwelling,bwelling,1,4,41,108
559,bwelling,bwelling,1,1,48,48
560,bwelling,bwelling,1,1,48,48
561,bwelling,bwelling,1,7,48,1040
562,bwelling,bwelling,1,4,48,278
564,bwelling,bwelling,1,1,247,247
568,bwelling,bwelling,1,4,675,1210
569,bwelling,bwelling,1,2,247,1208
571,bwelling,bwelling,1,4,94,758
573,bwelling,bwelling,1,2,94,248
575,bwelling,bwelling,1,4,94,516
578,bwelling,bwelling,1,4,94,1178
579,bwelling,bwelling,1,2,94,248
580,bwelling,bwelling,1,6,94,1208
583,bwelling,bwelling,1,12,87,1163
585,bwelling,bwelling,1,6,87,1210
587,bwelling,bwelling,1,10,48,1216
588,bwelling,bwelling,1,1,48,48
589,bwelling,bwelling,1,6,48,278
590,bwelling,bwelling,1,1,48,48
591,bwelling,bwelling,1,1,48,48
592,bwelling,bwelling,1,2,48,108
593,bwelling,bwelling,1,2,48,108
594,bwelling,bwelling,1,1,48,48
596,bwelling,bwelling,1,1,91,91
597,bwelling,bwelling,1,1,91,91
605,bwelling,bwelling,1,1,247,247
606,bwelling,bwelling,1,1,247,247
611,bwelling,bwelling,1,2,43,55
612,bwelling,bwelling,1,3,43,55
613,bwelling,bwelling,1,2,43,44
614,bwelling,bwelling,1,2,43,44
615,bwelling,bwelling,1,4,43,254
616,bwelling,bwelling,1,4,43,254
621,bwelling,bwelling,1,2,44,46
622,bwelling,bwelling,1,2,44,46
623,bwelling,bwelling,1,2,44,46
624,bwelling,bwelling,1,2,44,46
629,bwelling,bwelling,1,1,44,44
630,bwelling,bwelling,1,1,44,44
631,bwelling,bwelling,1,1,44,44
632,bwelling,bwelling,1,1,44,44
633,bwelling,bwelling,1,9,47,281
634,bwelling,bwelling,1,10,47,691
635,bwelling,bwelling,1,8,47,281
636,bwelling,bwelling,1,9,47,513
637,bwelling,bwelling,1,9,47,691
638,bwelling,bwelling,1,1,95,95
639,bwelling,bwelling,1,1,95,95
642,bwelling,bwelling,1,2,48,57
643,bwelling,bwelling,1,6,48,253
644,bwelling,bwelling,1,2,48,57
645,bwelling,bwelling,1,6,48,253
647,bwelling,bwelling,1,1,171,171
648,bwelling,bwelling,1,4,171,693
650,bwelling,bwelling,1,1,48,48
651,bwelling,bwelling,1,1,48,48
652,bwelling,bwelling,1,2,48,87
653,bwelling,bwelling,1,3,48,1048
654,bwelling,bwelling,1,1,48,48
655,bwelling,bwelling,1,1,48,48
656,bwelling,bwelling,1,2,48,178
657,bwelling,bwelling,1,2,48,178
660,bwelling,bwelling,1,1,94,94
661,bwelling,bwelling,1,1,94,94
662,bwelling,bwelling,1,1,72,72
663,bwelling,bwelling,1,1,72,72
664,bwelling,bwelling,1,4,72,113
665,bwelling,bwelling,1,4,72,113
666,bwelling,bwelling,1,1,53,53
667,bwelling,bwelling,1,3,53,280
668,bwelling,bwelling,1,3,53,280
669,bwelling,bwelling,1,1,53,53
670,bwelling,bwelling,1,2,55,69
671,bwelling,bwelling,1,1,55,55
672,bwelling,bwelling,1,1,55,55
673,bwelling,bwelling,1,1,55,55
674,bwelling,bwelling,1,3,55,82
675,bwelling,bwelling,1,3,55,82
676,bwelling,bwelling,1,1,232,232
677,bwelling,bwelling,1,1,232,232
684,bwelling,bwelling,1,3,120,449
685,bwelling,bwelling,1,1,120,120
687,bwelling,bwelling,1,1,87,87
688,bwelling,bwelling,1,1,87,87
691,bwelling,bwelling,1,5,87,299
693,bwelling,bwelling,1,5,87,299
694,bwelling,bwelling,1,1,87,87
695,bwelling,bwelling,1,1,87,87
696,bwelling,bwelling,1,3,87,120
697,bwelling,bwelling,1,3,87,120
698,bwelling,bwelling,1,2,87,120
699,bwelling,bwelling,1,2,87,120
700,bwelling,bwelling,1,5,72,94
701,bwelling,bwelling,1,5,72,94
702,bwelling,bwelling,1,2,65,87
703,bwelling,bwelling,1,2,65,87
704,bwelling,bwelling,1,2,65,87
705,bwelling,bwelling,1,2,65,87
706,bwelling,bwelling,1,1,92,92
707,bwelling,bwelling,1,1,92,92
708,bwelling,bwelling,1,1,65,65
710,bwelling,bwelling,1,26,65,1485
711,bwelling,bwelling,1,21,216,1485
714,bwelling,bwelling,1,2,87,108
715,bwelling,bwelling,1,2,87,108
716,bwelling,bwelling,1,7,71,162
717,bwelling,bwelling,1,7,71,162
718,bwelling,bwelling,1,3,87,162
719,bwelling,bwelling,1,4,87,909
722,bwelling,bwelling,1,1,207,207
723,bwelling,bwelling,1,1,207,207
724,bwelling,bwelling,1,1,207,207
727,bwelling,bwelling,1,1,204,204
728,bwelling,bwelling,1,1,204,204
730,bwelling,bwelling,1,1,204,204
731,bwelling,bwelling,1,1,204,204
732,bwelling,bwelling,1,1,102,102
733,bwelling,bwelling,1,1,102,102
734,bwelling,bwelling,1,2,92,109
735,bwelling,bwelling,1,2,92,109
736,bwelling,bwelling,1,1,247,247
737,bwelling,bwelling,1,1,247,247
738,bwelling,bwelling,1,2,117,238
739,bwelling,bwelling,1,2,117,238
740,bwelling,bwelling,1,1,238,238
741,bwelling,bwelling,1,1,238,238
742,bwelling,bwelling,1,3,535,1169
746,bwelling,bwelling,1,1,320,320
749,bwelling,bwelling,1,1,535,535
750,bwelling,bwelling,1,2,117,1181
752,bwelling,bwelling,1,1,117,117
754,bwelling,bwelling,1,1,238,238
755,bwelling,bwelling,1,1,238,238
756,bwelling,bwelling,1,1,237,237
757,bwelling,bwelling,1,1,237,237
758,bwelling,bwelling,1,2,237,429
759,bwelling,bwelling,1,1,237,237
762,bwelling,bwelling,1,1,232,232
763,bwelling,bwelling,1,1,232,232
764,bwelling,bwelling,1,1,95,95
765,bwelling,bwelling,1,1,95,95
766,bwelling,bwelling,1,4,109,299
767,bwelling,bwelling,1,7,109,1390
768,bwelling,bwelling,1,2,119,156
769,bwelling,bwelling,1,2,119,156
771,bwelling,bwelling,1,11,576,1458
772,bwelling,bwelling,1,1,155,155
773,bwelling,bwelling,1,4,155,996
776,bwelling,bwelling,1,9,154,1429
777,bwelling,bwelling,1,8,194,1429
778,bwelling,bwelling,1,7,154,1453
779,bwelling,bwelling,1,2,194,285
780,bwelling,bwelling,1,1,120,120
781,bwelling,bwelling,1,1,120,120
782,bwelling,bwelling,1,1,120,120
783,bwelling,bwelling,1,7,120,654
784,bwelling,bwelling,1,1,120,120
785,bwelling,bwelling,1,3,120,147
786,bwelling,bwelling,1,1,120,120
787,bwelling,bwelling,1,1,120,120
788,bwelling,bwelling,1,1,120,120
789,bwelling,bwelling,1,1,120,120
792,bwelling,bwelling,1,2,131,155
793,bwelling,bwelling,1,2,131,155
794,bwelling,bwelling,1,1,232,232
795,bwelling,bwelling,1,1,232,232
796,bwelling,bwelling,1,1,232,232
797,bwelling,bwelling,1,1,232,232
798,bwelling,bwelling,1,1,232,232
799,bwelling,bwelling,1,1,232,232
801,bwelling,bwelling,1,2,386,560
804,bwelling,bwelling,1,4,144,210
805,bwelling,bwelling,1,3,133,321
806,bwelling,bwelling,1,4,144,210
807,bwelling,bwelling,1,11,144,771
808,bwelling,bwelling,1,7,144,230
809,bwelling,bwelling,1,5,232,1101
810,bwelling,bwelling,1,4,232,829
813,bwelling,bwelling,1,1,139,139
814,bwelling,bwelling,1,1,139,139
820,bwelling,bwelling,1,4,412,1096
821,bwelling,bwelling,1,9,141,541
822,bwelling,bwelling,1,2,143,272
823,bwelling,bwelling,1,3,154,310
824,bwelling,bwelling,1,3,154,310
825,bwelling,bwelling,1,2,155,247
826,bwelling,bwelling,1,2,155,247
827,bwelling,bwelling,1,5,159,290
828,bwelling,bwelling,1,5,159,290
831,bwelling,bwelling,1,1,159,159
832,bwelling,bwelling,1,2,159,580
835,bwelling,bwelling,1,19,159,828
836,bwelling,bwelling,1,31,370,1500
839,bwelling,bwelling,1,5,159,1408
840,bwelling,bwelling,1,8,838,954
841,bwelling,bwelling,1,9,159,1408
842,bwelling,bwelling,1,5,159,838
843,bwelling,bwelling,1,4,159,290
844,bwelling,bwelling,1,5,159,840
845,bwelling,bwelling,1,7,159,290
846,bwelling,bwelling,1,8,159,844
847,bwelling,bwelling,1,5,169,239
848,bwelling,bwelling,1,6,169,704
849,bwelling,bwelling,1,7,185,370
850,bwelling,bwelling,1,5,185,290
851,bwelling,bwelling,1,1,239,239
852,bwelling,bwelling,1,1,239,239
853,bwelling,bwelling,1,2,159,172
854,bwelling,bwelling,1,2,159,172
855,bwelling,bwelling,1,4,159,290
856,bwelling,bwelling,1,4,159,290
857,bwelling,bwelling,1,1,285,285
858,bwelling,bwelling,1,1,285,285
861,bwelling,bwelling,1,1,267,267
862,bwelling,bwelling,1,1,267,267
863,bwelling,bwelling,1,1,247,247
864,bwelling,bwelling,1,1,247,247
865,bwelling,bwelling,1,3,165,294
866,bwelling,bwelling,1,3,165,294
867,bwelling,bwelling,1,2,165,232
868,bwelling,bwelling,1,3,165,590
869,bwelling,bwelling,1,1,269,269
870,bwelling,bwelling,1,1,269,269
871,bwelling,bwelling,1,2,269,298
872,bwelling,bwelling,1,2,269,298
875,bwelling,bwelling,1,2,170,174
876,bwelling,bwelling,1,2,170,174
877,bwelling,bwelling,1,4,174,290
878,bwelling,bwelling,1,4,174,290
879,bwelling,bwelling,1,1,174,174
880,bwelling,bwelling,1,1,174,174
881,bwelling,bwelling,1,3,176,194
882,bwelling,bwelling,1,3,176,194
885,bwelling,bwelling,1,1,194,194
886,bwelling,bwelling,1,1,194,194
887,bwelling,bwelling,1,11,182,299
888,bwelling,bwelling,1,11,182,299
889,bwelling,bwelling,1,4,182,266
890,bwelling,bwelling,1,4,182,266
891,bwelling,bwelling,1,6,192,290
892,bwelling,bwelling,1,6,192,290
893,bwelling,bwelling,1,1,285,285
894,bwelling,bwelling,1,1,285,285
895,bwelling,bwelling,1,1,195,195
896,bwelling,bwelling,1,1,195,195
897,bwelling,bwelling,1,2,196,248
898,bwelling,bwelling,1,6,196,756
899,bwelling,bwelling,1,1,278,278
900,bwelling,bwelling,1,1,278,278
901,bwelling,bwelling,1,1,199,199
902,bwelling,bwelling,1,1,199,199
903,bwelling,bwelling,1,1,199,199
904,bwelling,bwelling,1,1,199,199
907,bwelling,bwelling,1,2,230,244
908,bwelling,bwelling,1,2,230,244
911,bwelling,bwelling,1,1,276,276
912,bwelling,bwelling,1,1,276,276
913,bwelling,bwelling,1,1,208,208
914,bwelling,bwelling,1,1,208,208
915,bwelling,bwelling,1,1,208,208
916,bwelling,bwelling,1,1,208,208
917,bwelling,bwelling,1,2,208,210
918,bwelling,bwelling,1,3,208,222
919,bwelling,bwelling,1,2,208,210
920,bwelling,bwelling,1,3,208,222
926,bwelling,bwelling,1,1,220,220
927,bwelling,bwelling,1,1,220,220
928,bwelling,bwelling,1,1,231,231
929,bwelling,bwelling,1,1,231,231
930,bwelling,bwelling,1,4,215,230
931,bwelling,bwelling,1,4,215,230
932,bwelling,bwelling,1,1,226,226
933,bwelling,bwelling,1,2,226,704
934,bwelling,bwelling,1,1,222,222
935,bwelling,bwelling,1,1,222,222
939,bwelling,bwelling,1,5,230,305
940,bwelling,bwelling,1,5,230,305
942,bwelling,bwelling,1,1,223,223
943,bwelling,bwelling,1,1,223,223
944,bwelling,bwelling,1,1,223,223
947,bwelling,bwelling,1,9,230,957
948,bwelling,bwelling,1,3,230,256
949,bwelling,bwelling,1,1,230,230
950,bwelling,bwelling,1,1,230,230
951,bwelling,bwelling,1,1,230,230
952,bwelling,bwelling,1,3,243,305
953,bwelling,bwelling,1,3,243,305
954,bwelling,bwelling,1,3,243,305
955,bwelling,bwelling,1,2,231,241
956,bwelling,bwelling,1,3,231,732
957,bwelling,bwelling,1,12,231,1158
958,bwelling,bwelling,1,12,231,1158
959,bwelling,bwelling,1,2,241,256
960,bwelling,bwelling,1,2,241,256
963,bwelling,bwelling,1,2,241,259
964,bwelling,bwelling,1,2,241,259
965,bwelling,bwelling,1,4,241,309
966,bwelling,bwelling,1,4,241,309
967,bwelling,bwelling,1,3,252,276
968,bwelling,bwelling,1,3,252,276
969,bwelling,bwelling,1,3,252,473
970,bwelling,bwelling,1,1,252,252
971,bwelling,bwelling,1,2,252,265
972,bwelling,bwelling,1,2,252,265
973,bwelling,bwelling,1,1,265,265
974,bwelling,bwelling,1,4,265,812
977,bwelling,bwelling,1,2,252,276
978,bwelling,bwelling,1,2,252,473
979,bwelling,bwelling,1,7,259,1158
980,bwelling,bwelling,1,2,259,283
984,bwelling,bwelling,1,1,266,266
985,bwelling,bwelling,1,1,266,266
990,bwelling,bwelling,1,1,267,267
991,bwelling,bwelling,1,1,267,267
992,bwelling,bwelling,1,1,279,279
997,bwelling,bwelling,1,2,858,866
998,bwelling,bwelling,1,3,756,866
999,bwelling,bwelling,1,1,280,280
1000,bwelling,bwelling,1,1,280,280
1001,bwelling,bwelling,1,3,285,299
1002,bwelling,bwelling,1,3,285,299
1003,bwelling,bwelling,1,2,285,288
1004,bwelling,bwelling,1,2,285,288
1005,bwelling,bwelling,1,2,285,288
1006,bwelling,bwelling,1,2,285,288
1007,bwelling,bwelling,1,2,285,286
1008,bwelling,bwelling,1,2,285,286
1009,bwelling,bwelling,1,24,288,1500
1010,bwelling,bwelling,1,3,288,299
1017,bwelling,bwelling,1,6,288,541
1018,bwelling,bwelling,1,1,298,298
1019,bwelling,bwelling,1,1,298,298
1021,bwelling,bwelling,1,3,704,1183
1026,bwelling,bwelling,1,1,309,309
1027,bwelling,bwelling,1,1,309,309
1028,bwelling,bwelling,1,1,310,310
1029,bwelling,bwelling,1,3,310,1453
1030,bwelling,bwelling,1,2,363,759
1031,bwelling,bwelling,1,2,1210,1212
1032,bwelling,bwelling,1,1,866,866
1034,bwelling,bwelling,1,7,675,1222
1035,bwelling,bwelling,1,4,337,887
1036,bwelling,bwelling,1,5,343,1210
1037,bwelling,bwelling,1,4,343,977
1039,bwelling,bwelling,1,23,387,767
1040,bwelling,bwelling,1,25,389,826
1041,bwelling,bwelling,1,1,1057,1057
1046,bwelling,bwelling,1,3,756,1212
1047,bwelling,bwelling,1,1,866,866
1048,bwelling,bwelling,1,7,756,1222
1049,bwelling,bwelling,1,4,420,771
1050,bwelling,bwelling,1,5,420,995
1051,bwelling,bwelling,1,2,441,466
1052,bwelling,bwelling,1,1,456,456
1054,bwelling,bwelling,1,1,456,456
1055,bwelling,bwelling,1,4,756,1222
1056,bwelling,bwelling,1,6,460,1351
1057,bwelling,bwelling,1,3,481,758
1058,bwelling,bwelling,1,1,473,473
1059,bwelling,bwelling,1,1,473,473
1060,bwelling,bwelling,1,3,599,1210
1061,bwelling,bwelling,1,7,494,986
1062,bwelling,bwelling,1,1,495,495
1063,bwelling,bwelling,1,5,514,1013
1064,bwelling,bwelling,1,4,514,1013
1065,bwelling,bwelling,1,2,599,760
1066,bwelling,bwelling,1,1,756,756
1069,bwelling,bwelling,1,2,1333,1335
1070,bwelling,bwelling,1,1,858,858
1071,bwelling,bwelling,1,9,541,731
1072,bwelling,bwelling,1,7,542,1126
1073,bwelling,bwelling,1,1,542,542
1074,bwelling,bwelling,1,5,548,1475
1075,bwelling,bwelling,1,2,617,697
1076,bwelling,bwelling,1,1,554,554
1077,bwelling,bwelling,1,8,582,850
1078,bwelling,bwelling,1,1,582,582
1079,bwelling,bwelling,1,15,586,1500
1080,bwelling,bwelling,1,1,670,670
1081,bwelling,bwelling,1,2,756,758
1082,bwelling,bwelling,1,2,1096,1210
1083,bwelling,bwelling,1,4,866,1216
1084,bwelling,bwelling,1,2,866,871
1085,bwelling,bwelling,1,3,677,894
1086,bwelling,bwelling,1,1,683,683
1087,bwelling,bwelling,1,1,691,691
1088,bwelling,bwelling,1,3,697,704
1089,bwelling,bwelling,1,4,889,1390
1090,bwelling,bwelling,1,3,832,1387
1091,bwelling,bwelling,1,3,727,1153
1092,bwelling,bwelling,1,7,756,1490
1093,bwelling,bwelling,1,1,756,756
1094,bwelling,bwelling,1,3,756,1210
1095,bwelling,bwelling,1,6,756,1210
1096,bwelling,bwelling,1,7,756,1160
1097,bwelling,bwelling,1,3,817,1183
1098,bwelling,bwelling,1,1,840,840
1099,bwelling,bwelling,1,2,843,844
1100,bwelling,bwelling,1,11,884,1295
1102,bwelling,bwelling,1,2,903,972
1103,bwelling,bwelling,1,1,866,866
1104,bwelling,bwelling,1,12,871,1295
1107,bwelling,bwelling,1,1,894,894
1108,bwelling,bwelling,1,3,896,1172
1109,bwelling,bwelling,1,1,907,907
1110,bwelling,bwelling,1,1,1006,1006
1111,bwelling,bwelling,1,6,908,1326
1112,bwelling,bwelling,1,6,907,1326
1113,bwelling,bwelling,1,6,907,1326
1114,bwelling,bwelling,1,1,1115,1115
1115,bwelling,bwelling,1,3,1054,1492
1116,bwelling,bwelling,1,2,907,1316
1117,bwelling,bwelling,1,1,907,907
1118,bwelling,bwelling,1,2,907,1316
1119,bwelling,bwelling,1,3,919,1326
1120,bwelling,bwelling,1,10,926,1500
1121,bwelling,bwelling,1,8,937,1327
1122,bwelling,bwelling,1,5,935,1216
1123,bwelling,bwelling,1,5,935,1216
1124,bwelling,bwelling,1,5,950,1327
1125,bwelling,bwelling,1,6,938,1327
1126,bwelling,bwelling,1,2,950,991
1127,bwelling,bwelling,1,1,996,996
1128,bwelling,bwelling,1,5,950,1454
1130,bwelling,bwelling,1,1,977,977
1131,bwelling,bwelling,1,3,957,1158
1132,bwelling,bwelling,1,1,960,960
1133,bwelling,bwelling,1,1,983,983
1134,bwelling,bwelling,1,6,1361,1500
1135,bwelling,bwelling,1,5,1361,1500
1136,bwelling,bwelling,1,5,1361,1500
1137,bwelling,bwelling,1,5,1361,1500
1138,bwelling,bwelling,1,7,1361,1500
1139,bwelling,bwelling,1,7,1361,1500
1140,bwelling,bwelling,1,2,1027,1411
1141,bwelling,bwelling,1,1,998,998
1142,bwelling,bwelling,1,2,998,1096
1143,bwelling,bwelling,1,3,998,1212
1145,bwelling,bwelling,1,11,1013,1342
1146,bwelling,bwelling,1,1,1302,1302
1147,bwelling,bwelling,1,1,1302,1302
1148,bwelling,bwelling,1,1,1302,1302
1149,bwelling,bwelling,1,2,1024,1302
1150,bwelling,bwelling,1,2,1024,1302
1151,bwelling,bwelling,1,3,1024,1461
1152,bwelling,bwelling,1,1,1024,1024
1153,bwelling,bwelling,1,5,1104,1461
1154,bwelling,bwelling,1,1,1302,1302
1155,bwelling,bwelling,1,1,1302,1302
1156,bwelling,bwelling,1,1,1302,1302
1157,bwelling,bwelling,1,2,1013,1026
1158,bwelling,bwelling,1,1,1013,1013
1159,bwelling,bwelling,1,3,1013,1049
1160,bwelling,bwelling,1,2,1024,1105
1161,bwelling,bwelling,1,1,1024,1024
1163,bwelling,bwelling,1,13,1040,1458
1164,bwelling,bwelling,1,18,1033,1458
1166,bwelling,bwelling,1,11,1040,1458
1167,bwelling,bwelling,1,3,1045,1295
1168,bwelling,bwelling,1,1,1046,1046
1169,bwelling,bwelling,1,1,1046,1046
1170,bwelling,bwelling,1,1,1047,1047
1171,bwelling,bwelling,1,1,1153,1153
1172,bwelling,bwelling,1,4,1096,1222
1173,bwelling,bwelling,1,2,1210,1212
1175,bwelling,bwelling,1,3,1208,1437
1176,bwelling,bwelling,1,1,1110,1110
1177,bwelling,bwelling,1,1,1153,1153
1178,bwelling,bwelling,1,4,1270,1437
1179,bwelling,bwelling,1,4,1270,1437
1180,bwelling,bwelling,1,1,1163,1163
1181,bwelling,bwelling,1,3,1163,1177
1182,bwelling,bwelling,1,1,1163,1163
1184,bwelling,bwelling,1,2,1178,1212
1185,bwelling,bwelling,1,1,1164,1164
1186,bwelling,bwelling,1,1,1166,1166
1187,bwelling,bwelling,1,1,1167,1167
1189,bwelling,bwelling,1,1,1167,1167
1190,bwelling,bwelling,1,2,1210,1212
1191,bwelling,bwelling,1,3,1208,1211
1192,bwelling,bwelling,1,2,1212,1280
1193,bwelling,bwelling,1,2,1216,1280
1194,bwelling,bwelling,1,2,1185,1216
1195,bwelling,bwelling,1,3,1185,1216
1196,bwelling,bwelling,1,2,1208,1210
1199,bwelling,bwelling,1,6,1210,1490
1212,bwelling,bwelling,1,2,1221,1222
1213,bwelling,bwelling,1,2,1221,1222
1214,bwelling,bwelling,1,2,1221,1222
1215,bwelling,bwelling,1,2,1221,1222
1216,bwelling,bwelling,1,1,1222,1222
1220,bwelling,bwelling,1,1,1475,1475
1221,bwelling,bwelling,1,2,1229,1475
1224,bwelling,bwelling,1,1,1475,1475
1226,bwelling,bwelling,1,1,1234,1234
1228,bwelling,bwelling,1,1,1287,1287
1229,bwelling,bwelling,1,2,1300,1344
1230,bwelling,bwelling,1,1,1300,1300
1235,bwelling,bwelling,1,2,1243,1444
1236,bwelling,bwelling,1,1,1243,1243
1239,bwelling,bwelling,1,2,1417,1458
1246,bwelling,bwelling,1,2,1283,1348
1248,bwelling,bwelling,1,1,1289,1289
1251,bwelling,bwelling,1,1,1309,1309
1252,bwelling,bwelling,1,1,1309,1309
1253,bwelling,bwelling,1,1,1324,1324
1254,bwelling,bwelling,1,4,1329,1477
1255,bwelling,bwelling,1,2,1465,1476
1256,bwelling,bwelling,1,2,1465,1476
1257,bwelling,bwelling,1,3,1329,1476
1258,bwelling,bwelling,1,3,1329,1476
1259,bwelling,bwelling,1,4,1329,1477
1260,bwelling,bwelling,1,1,1342,1342
1261,bwelling,bwelling,1,1,1349,1349
1263,bwelling,bwelling,1,1,1349,1349
1266,bwelling,bwelling,1,1,1351,1351
1267,bwelling,bwelling,1,2,1354,1402
1268,bwelling,bwelling,1,1,1354,1354
1273,bwelling,bwelling,1,2,1361,1363
1274,bwelling,bwelling,1,1,1363,1363
1275,bwelling,bwelling,1,1,1373,1373
1276,bwelling,bwelling,1,1,1373,1373
1277,bwelling,bwelling,1,1,1387,1387
1278,bwelling,bwelling,1,1,1387,1387
1279,bwelling,bwelling,1,1,1390,1390
1280,bwelling,bwelling,1,5,1390,1500
1281,bwelling,bwelling,1,1,1390,1390
1282,bwelling,bwelling,1,3,1390,1408
1283,bwelling,bwelling,1,2,1390,1475
1284,bwelling,bwelling,1,1,1390,1390
1285,bwelling,bwelling,1,2,1390,1392
1286,bwelling,bwelling,1,1,1390,1390
1288,bwelling,bwelling,1,1,1390,1390
1289,bwelling,bwelling,1,2,1494,1500
1291,bwelling,bwelling,1,1,1390,1390
1296,bwelling,bwelling,1,2,1437,1461
1361,bwelling,bwelling,1,1,1479,1479
1724,bwelling,bwelling,1,1,1476,1476
1725,bwelling,bwelling,1,2,1465,1476
1727,bwelling,bwelling,1,1,1474,1474
1728,bwelling,bwelling,1,1,1482,1482
1729,bwelling,bwelling,1,1,1482,1482
