system,experiment,n,n_pos,n_neg,mcc,balanced_acc,f1,auc_roc,pr_auc,TP,TN,FP,FN,sensitivity,specificity,gmean,model,total_predictions,precision,npv,seed
tuxguitar,seed_variability,13874,9486,4388,0.673397469890448,0.837576716712111,0.8961910296370649,0.920563295695946,0.9579655545414936,8482,3427,961,1004,0.8942,0.781,0.8356632751456209,RandomForest,13874,,,42
tuxguitar,seed_variability,13874,9486,4388,0.6709475919247219,0.8359031618057874,0.8956783283204053,0.9203705489508022,0.9578128737336195,8487,3410,978,999,0.8947,0.7771,0.833833656801763,RandomForest,13874,,,0
tuxguitar,seed_variability,13874,9486,4388,0.6757542866710609,0.8377735716079984,0.897507509089951,0.9204351982704061,0.9578378661241894,8516,3413,975,970,0.8977,0.7778,0.8356243771835534,RandomForest,13874,,,1
tuxguitar,seed_variability,13874,9486,4388,0.6703055558997608,0.8344078670077729,0.89614898989899,0.9203850355876366,0.9578163602550653,8517,3383,1005,969,0.8978,0.771,0.8319925795960659,RandomForest,13874,,,7
tuxguitar,seed_variability,13874,9486,4388,0.6725944524057512,0.8360287126583512,0.8966025809849881,0.9204164112886409,0.9578843108470246,8511,3400,988,975,0.8972,0.7748,0.8337865481293896,RandomForest,13874,,,13
tuxguitar,seed_variability,13874,9486,4388,0.6774357536658525,0.8380913646959651,0.898326491948216,0.9205968816300988,0.9579559524057575,8535,3407,981,951,0.8997,0.7764,0.8358203866616148,RandomForest,13874,,,17
tuxguitar,seed_variability,13874,9486,4388,0.6732616245738414,0.8368775142603282,0.8965189873417722,0.9205565448751324,0.9579359648896447,8499,3413,975,987,0.896,0.7778,0.8347899061314491,RandomForest,13874,,,21
tuxguitar,seed_variability,13874,9486,4388,0.6749009379414465,0.8373263117109108,0.8972494467277901,0.9204546098832785,0.9578384143758161,8514,3410,978,972,0.8975,0.7771,0.8351589561654604,RandomForest,13874,,,37
tuxguitar,seed_variability,13874,9486,4388,0.6761393221020505,0.838193708100466,0.8975007908889592,0.9203852037575501,0.9577880643811386,8511,3419,969,975,0.8972,0.7792,0.8361130001751041,RandomForest,13874,,,99
tuxguitar,seed_variability,13874,9486,4388,0.6757438352341165,0.8375813293725956,0.8976087643526809,0.9205849655905136,0.9578722850599484,8521,3409,979,965,0.8983,0.7769,0.8353796924962555,RandomForest,13874,,,123
