gcid,author,num_authors,filePath,total_own_changes,pair_events,dep_events,indep_events,dep_ratio,same_file_frac,mean_depth,behavior
123,basmith,3,Animate.java,3,52,0,52,0.0,0.153846,0.9615,Mostly Independent
132,basmith,3,Animate.java,3,17,1,16,0.058824,0.470588,0.7647,Mostly Independent
136,yeldar,5,Animate.java,9,88,23,65,0.261364,0.340909,0.9659,Mixed
138,yeldar,5,Animate.java,9,40,13,27,0.325,0.125,1.025,Mixed
139,basmith,1,Animate.java,1,6,1,5,0.166667,1.0,0.0,Mixed
141,basmith,2,Animate.java,2,2,0,2,0.0,0.0,1.0,Mostly Independent
145,yeldar,6,Animate.java,11,11,4,7,0.363636,0.545455,0.4545,Mixed
147,basmith,1,Animate.java,1,5,1,4,0.2,0.8,0.6,Mixed
158,basmith,2,Animate.java,2,15,1,14,0.066667,0.333333,0.8667,Mostly Independent
162,basmith,3,Animate.java,3,11,0,11,0.0,0.272727,1.4545,Mostly Independent
168,yeldar,2,AtomTypesModel.java,6,73,13,60,0.178082,0.09589,0.9452,Mixed
166,basmith,2,AtomType.java,4,9,0,9,0.0,0.0,1.4444,Mostly Independent
169,yeldar,3,AtomTypesModel.java,6,72,15,57,0.208333,0.097222,0.9444,Mixed
103,yeldar,2,Angle.java,6,28,13,15,0.464286,0.0,1.0,Mixed
104,yeldar,2,Dihedral.java,5,27,13,14,0.481481,0.0,1.0,Mixed
105,yeldar,2,Distance.java,6,28,13,15,0.464286,0.0,1.0,Mixed
106,yeldar,2,Angle.java,9,132,52,80,0.393939,0.0,1.0,Mixed
107,yeldar,2,Dihedral.java,8,128,44,84,0.34375,0.0,1.0,Mixed
108,yeldar,2,Angle.java,5,6,0,6,0.0,0.0,1.0,Mostly Independent
109,yeldar,2,Dihedral.java,7,33,10,23,0.30303,0.0,1.2121,Mixed
110,yeldar,2,Angle.java,4,62,3,59,0.048387,0.0,1.0,Mostly Independent
111,yeldar,3,Distance.java,5,62,3,59,0.048387,0.0,1.0,Mostly Independent
112,basmith,1,Animate.java,1,9,0,9,0.0,0.111111,1.0,Mostly Independent
176,yeldar,4,Bond.java,8,44,14,30,0.318182,0.181818,0.8409,Mixed
177,yeldar,3,Bond.java,7,41,14,27,0.341463,0.195122,0.8293,Mixed
178,yeldar,4,Bond.java,9,46,17,29,0.369565,0.195652,0.8043,Mixed
179,yeldar,3,Bond.java,6,41,16,25,0.390244,0.219512,0.7805,Mixed
194,basmith,2,ChemFrame.java,2,2,0,2,0.0,0.0,1.0,Mostly Independent
196,yeldar,3,ChemFrame.java,7,72,14,58,0.194444,0.194444,0.8056,Mixed
198,yeldar,2,ChemFrame.java,6,60,19,41,0.316667,0.233333,0.7667,Mixed
281,yeldar,4,Jmol.java,8,16,5,11,0.3125,0.5625,0.4375,Mixed
361,yeldar,3,Preferences.java,10,45,32,13,0.711111,0.955556,0.5111,Mostly Dependent
381,basmith,1,Preferences.java,3,3,0,3,0.0,1.0,1.0,Mostly Independent
383,basmith,1,Preferences.java,3,5,0,5,0.0,1.0,0.8,Mostly Independent
389,basmith,1,Preferences.java,2,2,0,2,0.0,1.0,1.0,Mostly Independent
398,basmith,1,Preferences.java,4,7,0,7,0.0,1.0,1.0,Mostly Independent
400,basmith,2,Preferences.java,5,6,0,6,0.0,1.0,0.8333,Mostly Independent
428,basmith,1,Preferences.java,2,6,2,4,0.333333,1.0,0.0,Mixed
429,yeldar,3,Preferences.java,12,76,44,32,0.578947,0.644737,1.1711,Mostly Dependent
431,basmith,1,Preferences.java,2,6,2,4,0.333333,1.0,0.0,Mixed
263,basmith,1,XYZFile.java,1,5,0,5,0.0,0.0,1.0,Mostly Independent
452,basmith,1,AtomType.java,2,10,0,10,0.0,0.2,2.0,Mostly Independent
458,basmith,1,AtomType.java,1,8,0,8,0.0,0.0,1.25,Mostly Independent
460,basmith,1,AtomType.java,2,12,2,10,0.166667,0.0,1.0,Mixed
482,basmith,1,ChemFrame.java,1,7,0,7,0.0,0.0,2.0,Mostly Independent
483,basmith,1,ChemFrame.java,1,3,1,2,0.333333,0.666667,1.6667,Mixed
484,basmith,1,ChemFrame.java,1,3,1,2,0.333333,0.666667,1.6667,Mixed
494,basmith,3,ChemFrame.java,10,32,2,30,0.0625,0.0,2.25,Mostly Independent
495,basmith,2,ChemFrame.java,6,35,0,35,0.0,0.771429,2.1429,Mostly Independent
500,basmith,1,ChemFrame.java,4,16,0,16,0.0,0.4375,2.0,Mostly Independent
559,basmith,1,ChemFrame.java,2,3,2,1,0.666667,1.0,0.0,Mostly Dependent
560,basmith,2,ChemFrame.java,4,2,2,0,1.0,1.0,0.0,Mostly Dependent
561,basmith,1,ChemFrame.java,2,3,2,1,0.666667,1.0,0.0,Mostly Dependent
571,basmith,2,displayPanel.java,4,10,0,10,0.0,0.0,2.5,Mostly Independent
574,basmith,1,displayPanel.java,1,8,5,3,0.625,1.0,0.0,Mostly Dependent
577,basmith,1,displayPanel.java,1,8,5,3,0.625,1.0,0.0,Mostly Dependent
580,basmith,1,displayPanel.java,1,8,5,3,0.625,1.0,0.0,Mostly Dependent
581,basmith,1,displayPanel.java,1,8,5,3,0.625,1.0,0.0,Mostly Dependent
584,basmith,1,displayPanel.java,1,8,5,3,0.625,1.0,0.0,Mostly Dependent
591,yeldar,4,JmolSimpleBean.java,9,42,14,28,0.333333,0.214286,1.4524,Mixed
592,yeldar,4,JmolSimpleBean.java,9,42,14,28,0.333333,0.214286,1.4524,Mixed
596,basmith,4,JmolSimpleBean.java,10,28,19,9,0.678571,0.714286,0.5714,Mostly Dependent
598,basmith,4,JmolSimpleBean.java,10,28,19,9,0.678571,0.714286,0.5714,Mostly Dependent
602,basmith,1,AtomType.java,3,16,3,13,0.1875,0.1875,1.5625,Mixed
619,basmith,1,Bond.java,3,9,0,9,0.0,0.333333,2.0,Mostly Independent
626,basmith,1,displayPanel.java,1,8,5,3,0.625,1.0,0.0,Mostly Dependent
477,basmith,1,Bond.java,2,12,0,12,0.0,0.0,2.0,Mostly Independent
493,basmith,1,ChemFrame.java,1,6,0,6,0.0,0.166667,2.0,Mostly Independent
497,basmith,3,ChemFrame.java,8,21,1,20,0.047619,1.0,2.0,Mostly Independent
498,yeldar,5,ChemFrame.java,18,186,36,150,0.193548,0.317204,1.8495,Mixed
510,basmith,3,displayPanel.java,3,28,0,28,0.0,0.321429,2.0,Mostly Independent
519,basmith,2,displayPanel.java,2,4,1,3,0.25,0.25,0.75,Mixed
554,basmith,1,Bond.java,2,6,2,4,0.333333,0.333333,0.6667,Mixed
555,basmith,1,Bond.java,2,6,2,4,0.333333,0.333333,0.6667,Mixed
556,basmith,1,Bond.java,2,2,2,0,1.0,1.0,0.0,Mostly Dependent
557,basmith,1,Bond.java,2,2,2,0,1.0,1.0,0.0,Mostly Dependent
569,basmith,4,displayPanel.java,5,5,5,0,1.0,1.0,0.0,Mostly Dependent
570,basmith,3,displayPanel.java,4,5,5,0,1.0,1.0,0.0,Mostly Dependent
593,yeldar,4,JmolSimpleBean.java,10,52,21,31,0.403846,0.384615,1.2308,Mixed
594,yeldar,3,JmolSimpleBean.java,8,47,20,27,0.425532,0.404255,1.1915,Mixed
595,yeldar,3,JmolSimpleBean.java,9,49,21,28,0.428571,0.387755,1.2245,Mixed
597,basmith,4,JmolSimpleBean.java,8,28,16,12,0.571429,0.714286,0.5714,Mostly Dependent
622,basmith,1,DisplaySettings.java,1,3,0,3,0.0,0.0,2.0,Mostly Independent
496,yeldar,3,ChemFrame.java,8,123,12,111,0.097561,0.463415,1.7724,Mostly Independent
501,basmith,3,ChemFrame.java,5,14,0,14,0.0,0.785714,1.6429,Mostly Independent
491,basmith,1,ChemFrame.java,2,14,0,14,0.0,0.428571,2.1429,Mostly Independent
621,yeldar,3,ChemFrame.java,6,41,5,36,0.121951,0.317073,2.0976,Mixed
630,basmith,1,ChemFrame.java,1,10,0,10,0.0,0.2,2.1,Mostly Independent
634,basmith,1,ChemFrame.java,1,3,0,3,0.0,0.333333,2.6667,Mostly Independent
636,yeldar,3,ChemFrame.java,7,66,9,57,0.136364,0.090909,1.7576,Mixed
637,michaelthoward,6,ChemFrame.java,36,3,1,2,0.333333,0.0,1.0,Mixed
525,basmith,1,JmolSimpleBean.java,1,2,0,2,0.0,0.0,2.0,Mostly Independent
599,basmith,2,JmolSimpleBean.java,4,27,0,27,0.0,0.0,2.1111,Mostly Independent
600,basmith,1,JmolSimpleBean.java,2,3,0,3,0.0,0.0,1.0,Mostly Independent
639,basmith,1,AtomRenderer.java,1,11,0,11,0.0,0.0,2.0,Mostly Independent
642,yeldar,2,BondRenderer.java,5,57,9,48,0.157895,0.175439,1.5614,Mixed
645,yeldar,2,BondRenderer.java,4,9,3,6,0.333333,0.0,1.6667,Mixed
628,basmith,1,DisplaySettings.java,1,8,1,7,0.125,0.0,1.375,Mixed
564,yeldar,2,CMLHandler.java,3,12,10,2,0.833333,1.0,0.0,Mostly Dependent
565,yeldar,2,CMLHandler.java,3,12,10,2,0.833333,1.0,0.0,Mostly Dependent
566,basmith,2,CMLHandler.java,2,11,8,3,0.727273,1.0,0.0,Mostly Dependent
567,yeldar,2,CMLHandler.java,3,12,10,2,0.833333,1.0,0.0,Mostly Dependent
568,basmith,2,CMLHandler.java,2,11,8,3,0.727273,1.0,0.0,Mostly Dependent
587,basmith,2,JmolSimpleBean.java,2,3,0,3,0.0,0.333333,0.6667,Mostly Independent
513,basmith,4,displayPanel.java,4,16,1,15,0.0625,0.3125,1.75,Mostly Independent
515,basmith,1,displayPanel.java,1,3,0,3,0.0,1.0,2.0,Mostly Independent
517,basmith,3,displayPanel.java,3,12,0,12,0.0,1.0,2.0,Mostly Independent
53,yeldar,4,AboutDialog.java,7,23,11,12,0.478261,0.0,1.0,Mixed
54,yeldar,4,WhatsNewDialog.java,7,22,12,10,0.545455,0.0,1.0,Mostly Dependent
601,basmith,2,AtomType.java,3,21,0,21,0.0,0.095238,1.2857,Mostly Independent
55,yeldar,3,HelpDialog.java,6,20,11,9,0.55,0.0,1.0,Mostly Dependent
87,yeldar,3,Gaussian98Reader.java,5,66,30,36,0.454545,0.0,1.0152,Mixed
504,gezelter,3,JmolApplet.java,5,2,0,2,0.0,0.0,1.0,Mostly Independent
505,gezelter,3,JmolApplet.java,5,16,0,16,0.0,0.0,2.0,Mostly Independent
655,basmith,1,CMLReader.java,1,10,0,10,0.0,0.2,2.0,Mostly Independent
18,yeldar,7,ChemFrame.java,21,174,22,152,0.126437,0.178161,0.8851,Mixed
186,basmith,1,ChemFrame.java,1,3,0,3,0.0,0.666667,1.6667,Mostly Independent
188,yeldar,2,ChemFrame.java,4,51,11,40,0.215686,0.235294,0.7647,Mixed
190,yeldar,5,ChemFrame.java,20,19,0,19,0.0,0.0,1.0,Mostly Independent
192,basmith,2,ChemFrame.java,2,7,1,6,0.142857,0.285714,0.7143,Mixed
200,basmith,1,ChemFrame.java,1,20,1,19,0.05,0.3,1.75,Mostly Independent
202,yeldar,5,ChemFrame.java,14,21,1,20,0.047619,1.0,2.0,Mostly Independent
204,yeldar,4,ChemFrame.java,12,19,1,18,0.052632,0.631579,2.0,Mostly Independent
205,yeldar,8,ChemFrame.java,33,327,26,301,0.079511,0.094801,0.948,Mostly Independent
207,yeldar,6,ChemFrame.java,16,52,20,32,0.384615,0.730769,0.8654,Mixed
209,yeldar,5,ChemFrame.java,12,131,31,100,0.236641,0.389313,1.1756,Mixed
211,yeldar,6,ChemFrame.java,14,47,20,27,0.425532,0.744681,0.8723,Mixed
213,yeldar,6,ChemFrame.java,19,192,36,156,0.1875,0.307292,1.1615,Mixed
217,gezelter,5,ChemFrame.java,7,20,1,19,0.05,0.0,1.0,Mostly Independent
219,gezelter,4,ChemFrame.java,5,5,0,5,0.0,0.0,1.0,Mostly Independent
221,basmith,1,ChemFrame.java,1,11,0,11,0.0,0.454545,1.4545,Mostly Independent
346,yeldar,5,Preferences.java,14,37,13,24,0.351351,0.378378,1.0,Mixed
379,basmith,2,Preferences.java,2,2,0,2,0.0,1.0,1.0,Mostly Independent
396,basmith,2,Preferences.java,4,4,0,4,0.0,1.0,1.0,Mostly Independent
402,basmith,1,Preferences.java,3,3,0,3,0.0,1.0,1.0,Mostly Independent
415,yeldar,3,Preferences.java,11,56,19,37,0.339286,0.357143,1.0536,Mixed
416,yeldar,4,Preferences.java,10,69,17,52,0.246377,0.15942,1.029,Mixed
417,yeldar,4,Preferences.java,11,73,17,56,0.232877,0.150685,1.0274,Mixed
418,basmith,2,Preferences.java,3,15,3,12,0.2,1.0,0.6,Mixed
438,yeldar,4,DisplaySettings.java,7,124,20,104,0.16129,0.080645,1.1855,Mixed
440,yeldar,4,DisplaySettings.java,7,124,20,104,0.16129,0.080645,1.1855,Mixed
476,yeldar,2,Bond.java,5,53,10,43,0.188679,0.0,1.6038,Mixed
490,yeldar,4,ChemFrame.java,10,50,14,36,0.28,0.08,0.92,Mixed
620,yeldar,5,ChemFrame.java,13,62,10,52,0.16129,0.225806,0.9677,Mixed
236,yeldar,9,Jmol.java,34,141,11,130,0.078014,0.0,1.0426,Mostly Independent
268,yeldar,5,Jmol.java,20,166,23,143,0.138554,0.0,1.006,Mixed
269,yeldar,6,Jmol.java,19,38,11,27,0.289474,0.368421,1.0526,Mixed
272,yeldar,4,Jmol.java,9,50,13,37,0.26,0.18,0.98,Mixed
273,yeldar,3,Jmol.java,8,46,13,33,0.282609,0.195652,0.9565,Mixed
274,yeldar,6,Jmol.java,15,53,16,37,0.301887,0.283019,1.2264,Mixed
275,yeldar,10,Jmol.java,39,102,2,100,0.019608,0.0,1.0784,Mostly Independent
276,yeldar,10,Jmol.java,41,42,2,40,0.047619,0.0,1.0,Mostly Independent
277,yeldar,6,Jmol.java,15,53,16,37,0.301887,0.283019,1.2264,Mixed
278,yeldar,3,Jmol.java,8,10,8,2,0.8,0.9,0.1,Mostly Dependent
279,yeldar,4,Jmol.java,9,11,8,3,0.727273,0.818182,0.1818,Mostly Dependent
524,yeldar,4,Jmol.java,16,41,10,31,0.243902,0.414634,0.7073,Mixed
658,yeldar,2,Splash.java,5,51,13,38,0.254902,0.098039,1.098,Mixed
249,gezelter,1,XYZFile.java,2,8,0,8,0.0,0.0,1.25,Mostly Independent
434,gezelter,1,XYZFile.java,1,12,0,12,0.0,0.0,1.0833,Mostly Independent
436,gezelter,2,BaseAtomType.java,2,25,2,23,0.08,0.0,1.88,Mostly Independent
610,yeldar,2,BaseAtomType.java,3,23,5,18,0.217391,0.130435,1.1304,Mixed
612,yeldar,2,BaseAtomType.java,4,15,2,13,0.133333,0.4,1.7333,Mixed
614,yeldar,2,BaseAtomType.java,3,23,8,15,0.347826,0.478261,1.5217,Mixed
616,yeldar,2,BaseAtomType.java,4,26,8,18,0.307692,0.461538,1.5385,Mixed
78,yeldar,2,Gaussian94Reader.java,5,54,25,29,0.462963,0.0,1.1481,Mixed
81,yeldar,2,Gaussian98Reader.java,6,61,26,35,0.42623,0.0,1.1311,Mixed
250,gezelter,1,GaussianFile.java,1,4,0,4,0.0,0.0,1.0,Mostly Independent
262,gezelter,1,GaussianFile.java,1,6,0,6,0.0,0.0,1.0,Mostly Independent
435,gezelter,1,XYZReader.java,2,16,0,16,0.0,0.0,1.125,Mostly Independent
654,gezelter,1,CMLReader.java,1,8,2,6,0.25,0.25,1.375,Mixed
532,ewilligh,3,JMolCDO.java,8,38,6,32,0.157895,0.0,1.0,Mixed
667,yeldar,3,JMolCDO.java,6,14,4,10,0.285714,0.5,1.5,Mixed
668,ewilligh,1,JMolCDO.java,1,9,0,9,0.0,0.0,1.0,Mostly Independent
534,yeldar,3,JMolCDO.java,5,21,5,16,0.238095,0.428571,1.4762,Mixed
536,ewilligh,1,JMolCDO.java,2,10,0,10,0.0,0.2,1.2,Mostly Independent
661,yeldar,3,PropertyGraph.java,7,124,42,82,0.33871,0.0,1.0,Mixed
662,yeldar,3,PropertyGraph.java,7,6,0,6,0.0,0.0,1.0,Mostly Independent
663,yeldar,4,PropertyGraph.java,7,26,7,19,0.269231,0.192308,1.0385,Mixed
665,yeldar,4,PropertyGraph.java,8,12,3,9,0.25,0.0,1.0,Mixed
672,yeldar,2,JMolCDO.java,4,13,3,10,0.230769,0.538462,2.0,Mixed
673,gezelter,1,JMolCDO.java,1,9,0,9,0.0,0.0,2.1111,Mostly Independent
675,yeldar,2,JMolCDO.java,4,18,2,16,0.111111,0.388889,1.7778,Mixed
585,mfagan,3,JmolApplet.java,4,4,4,0,1.0,1.0,0.0,Mostly Dependent
679,michaelthoward,6,JmolApplet.java,11,102,7,95,0.068627,0.0,2.0196,Mostly Independent
680,tjg1,1,displayPanel.java,1,1,1,0,1.0,1.0,0.0,Mostly Dependent
686,ewilligh,1,PropertyGraph.java,1,1,0,1,0.0,1.0,0.0,Mostly Independent
607,yeldar,3,BaseAtomType.java,4,11,0,11,0.0,0.0,1.8182,Mostly Independent
71,yeldar,3,Vibrate.java,7,130,40,90,0.307692,0.0,1.0,Mixed
121,gezelter,2,Vibrate.java,2,6,0,6,0.0,0.0,1.3333,Mostly Independent
126,yeldar,3,Vibrate.java,7,35,9,26,0.257143,0.0,1.2,Mixed
130,yeldar,5,Vibrate.java,10,32,9,23,0.28125,0.0,1.0312,Mixed
137,yeldar,5,Vibrate.java,9,77,26,51,0.337662,0.12987,0.8701,Mixed
140,yeldar,3,Vibrate.java,8,79,24,55,0.303797,0.126582,0.8734,Mixed
142,yeldar,3,Vibrate.java,7,34,8,26,0.235294,0.0,1.0882,Mixed
664,yeldar,3,Vibrate.java,8,26,7,19,0.269231,0.0,1.1923,Mixed
666,yeldar,3,Vibrate.java,7,12,3,9,0.25,0.0,1.0,Mixed
687,gezelter,2,Vibrate.java,2,13,1,12,0.076923,0.0,1.5385,Mostly Independent
248,gezelter,1,Gaussian94Reader.java,1,4,1,3,0.25,0.0,1.0,Mixed
251,gezelter,1,Gaussian98Reader.java,1,4,1,3,0.25,0.0,1.0,Mixed
253,gezelter,1,Gaussian98Reader.java,1,47,2,45,0.042553,0.0,1.3617,Mostly Independent
260,yeldar,2,Gaussian98Reader.java,6,6,6,0,1.0,1.0,0.0,Mostly Dependent
261,yeldar,2,Gaussian98Reader.java,5,6,6,0,1.0,1.0,0.0,Mostly Dependent
270,yeldar,4,Jmol.java,8,33,11,22,0.333333,0.424242,0.9697,Mixed
688,yeldar,3,CMLReader.java,4,12,5,7,0.416667,0.0,1.25,Mixed
77,yeldar,2,GamessReader.java,5,55,23,32,0.418182,0.0,1.1273,Mixed
89,yeldar,3,GamessReader.java,6,66,36,30,0.545455,0.0,1.0,Mostly Dependent
239,yeldar,2,GamessReader.java,4,43,8,35,0.186047,0.0,1.0465,Mixed
241,yeldar,2,GamessReader.java,5,14,7,7,0.5,0.714286,0.2857,Mixed
243,yeldar,2,GamessReader.java,3,12,6,6,0.5,0.666667,0.3333,Mixed
690,basmith,1,GamessReader.java,1,6,0,6,0.0,0.0,1.3333,Mostly Independent
231,basmith,1,displayPanel.java,1,4,1,3,0.25,0.25,0.75,Mixed
232,basmith,1,displayPanel.java,1,4,1,3,0.25,0.25,0.75,Mixed
235,basmith,3,displayPanel.java,3,8,0,8,0.0,0.5,2.0,Mostly Independent
373,yeldar,3,Preferences.java,9,42,32,10,0.761905,0.952381,0.5,Mostly Dependent
451,yeldar,2,AtomType.java,3,23,6,17,0.26087,0.0,1.4348,Mixed
459,yeldar,2,AtomType.java,4,32,1,31,0.03125,0.0,1.25,Mostly Independent
514,basmith,1,displayPanel.java,1,3,0,3,0.0,1.0,1.3333,Mostly Independent
70,yeldar,3,Preferences.java,10,40,3,37,0.075,0.0,1.0,Mostly Independent
171,yeldar,3,Vibrate.java,8,43,11,32,0.255814,0.162791,0.9302,Mixed
350,basmith,1,Preferences.java,1,13,0,13,0.0,0.076923,1.1538,Mostly Independent
363,yeldar,3,Preferences.java,10,52,24,28,0.461538,0.384615,1.1923,Mixed
693,yeldar,3,Preferences.java,9,45,20,25,0.444444,0.444444,0.8,Mixed
694,yeldar,2,Preferences.java,5,11,4,7,0.363636,0.272727,0.7273,Mixed
695,yeldar,3,CACheReader.java,6,64,36,28,0.5625,0.0,1.0,Mostly Dependent
535,yeldar,2,JMolCDO.java,5,23,3,20,0.130435,0.391304,1.9565,Mixed
259,yeldar,2,Gaussian98Reader.java,4,12,1,11,0.083333,0.416667,0.9167,Mostly Independent
586,mfagan,2,JmolApplet.java,3,4,4,0,1.0,1.0,0.0,Mostly Dependent
641,mfagan,2,AtomRenderer.java,2,8,0,8,0.0,0.0,2.25,Mostly Independent
648,yeldar,2,XYZReader.java,5,46,7,39,0.152174,0.043478,1.8913,Mixed
651,mfagan,2,Gaussian98Reader.java,2,21,4,17,0.190476,0.0,1.8095,Mixed
682,yeldar,3,JmolApplet.java,6,50,7,43,0.14,0.06,2.48,Mixed
683,mfagan,3,JmolApplet.java,4,4,3,1,0.75,1.0,0.0,Mostly Dependent
684,mfagan,2,JmolApplet.java,3,4,3,1,0.75,1.0,0.0,Mostly Dependent
697,yeldar,2,Gaussian98Reader.java,3,23,6,17,0.26087,0.0,2.0,Mixed
699,yeldar,2,Gaussian98Reader.java,3,9,4,5,0.444444,0.0,1.5556,Mixed
700,yeldar,2,PDBReader.java,4,10,4,6,0.4,0.0,1.6,Mixed
707,mfagan,2,displayPanel.java,2,24,1,23,0.041667,0.083333,1.9167,Mostly Independent
709,mfagan,2,displayPanel.java,2,6,0,6,0.0,0.666667,1.6667,Mostly Independent
710,michaelthoward,5,Atom.java,13,62,2,60,0.032258,0.0,1.5645,Mostly Independent
711,mfagan,2,ChemFrame.java,2,2,0,2,0.0,0.0,3.0,Mostly Independent
604,yeldar,2,AtomTypeSet.java,3,20,4,16,0.2,0.15,2.1,Mixed
606,yeldar,2,AtomTypeSet.java,3,16,4,12,0.25,0.25,2.0,Mixed
129,tjg1,1,displayPanel.java,1,8,0,8,0.0,0.0,1.0,Mostly Independent
233,tjg1,1,displayPanel.java,1,18,1,17,0.055556,0.277778,1.1667,Mostly Independent
234,tjg1,1,displayPanel.java,1,18,1,17,0.055556,0.277778,1.1667,Mostly Independent
237,tjg1,3,displayPanel.java,3,9,3,6,0.333333,1.0,1.3333,Mixed
238,tjg1,3,displayPanel.java,3,9,3,6,0.333333,1.0,1.3333,Mixed
509,tjg1,1,displayPanel.java,1,2,0,2,0.0,1.0,1.0,Mostly Independent
721,tjg1,2,RecentFilesDialog.java,2,14,1,13,0.071429,0.142857,1.0,Mostly Independent
722,tjg1,1,RecentFilesDialog.java,1,8,1,7,0.125,0.25,0.875,Mixed
282,yeldar,3,JmolResourceHandler.java,10,51,2,49,0.039216,0.0,1.6667,Mostly Independent
283,yeldar,2,JmolResourceHandler.java,4,4,0,4,0.0,0.0,1.0,Mostly Independent
280,yeldar,2,Jmol.java,6,11,5,6,0.454545,0.818182,0.1818,Mixed
731,yeldar,4,RasMolScriptHandler.java,8,20,13,7,0.65,0.7,0.3,Mostly Dependent
732,yeldar,4,RasMolScriptHandler.java,8,20,13,7,0.65,0.7,0.3,Mostly Dependent
733,yeldar,2,RasMolScriptHandler.java,4,41,11,30,0.268293,0.707317,0.4146,Mixed
734,yeldar,3,RasMolScriptHandler.java,4,43,13,30,0.302326,0.627907,0.5116,Mixed
736,yeldar,6,RasMolScriptHandler.java,11,59,20,39,0.338983,0.59322,0.5254,Mixed
737,yeldar,6,RasMolScriptHandler.java,12,59,20,39,0.338983,0.59322,0.5254,Mixed
738,yeldar,2,Bond.java,4,61,32,29,0.52459,0.0,1.0,Mostly Dependent
729,ewilligh,3,RasMolScriptHandler.java,3,5,0,5,0.0,0.0,1.2,Mostly Independent
701,yeldar,2,AtomType.java,4,11,2,9,0.181818,0.0,2.0,Mixed
181,%a,3,displayPanel.java,3,25,12,13,0.48,0.48,0.8,Mixed
182,%a,3,displayPanel.java,3,25,12,13,0.48,0.48,0.8,Mixed
183,%a,3,displayPanel.java,3,25,12,13,0.48,0.48,0.8,Mixed
184,%a,3,displayPanel.java,3,25,12,13,0.48,0.48,0.8,Mixed
185,%a,3,displayPanel.java,3,25,12,13,0.48,0.48,0.8,Mixed
516,%a,1,displayPanel.java,1,12,0,12,0.0,0.416667,1.6667,Mostly Independent
739,yeldar,3,RasMolScriptHandler.java,6,14,10,4,0.714286,0.857143,0.1429,Mostly Dependent
740,yeldar,3,Bond.java,7,29,0,29,0.0,0.0,1.0,Mostly Independent
75,ewilligh,1,Animate.java,1,1,0,1,0.0,0.0,1.0,Mostly Independent
118,ewilligh,2,Animate.java,2,14,0,14,0.0,0.142857,1.0,Mostly Independent
128,yeldar,5,Animate.java,12,48,9,39,0.1875,0.041667,1.1042,Mixed
146,ewilligh,2,Animate.java,2,8,2,6,0.25,0.75,0.25,Mixed
150,yeldar,4,Animate.java,9,73,28,45,0.383562,0.328767,0.8493,Mixed
725,yeldar,2,PovraySaver.java,4,34,18,16,0.529412,0.0,1.0,Mostly Dependent
180,gezelter,3,ChemFrame.java,3,32,0,32,0.0,0.0,1.0938,Mostly Independent
203,yeldar,3,ChemFrame.java,8,3,0,3,0.0,0.0,1.0,Mostly Independent
404,yeldar,4,Preferences.java,8,21,12,9,0.571429,0.809524,0.6667,Mostly Dependent
741,yeldar,5,DisplaySettings.java,9,54,10,44,0.185185,0.185185,0.8704,Mixed
742,yeldar,6,DisplaySettings.java,9,57,10,47,0.175439,0.175439,0.8947,Mixed
359,ewilligh,1,Preferences.java,1,3,0,3,0.0,1.0,0.6667,Mostly Independent
407,yeldar,2,Preferences.java,6,42,5,37,0.119048,0.0,1.0,Mixed
410,ewilligh,1,Preferences.java,1,7,2,5,0.285714,1.0,0.4286,Mixed
413,ewilligh,1,Preferences.java,1,7,2,5,0.285714,1.0,0.7143,Mixed
743,yeldar,3,ChemFrame.java,7,13,2,11,0.153846,0.0,1.1538,Mixed
744,ewilligh,1,Preferences.java,1,2,0,2,0.0,1.0,0.5,Mostly Independent
674,yeldar,3,JMolCDO.java,4,17,2,15,0.117647,0.411765,1.6471,Mixed
747,yeldar,3,JmolApplet.java,9,111,10,101,0.09009,0.09009,1.7748,Mostly Independent
165,yeldar,1,ArrowLine.java,4,13,5,8,0.384615,1.0,0.6154,Mixed
437,yeldar,1,BaseAtomType.java,2,67,12,55,0.179104,0.0,1.0,Mixed
445,yeldar,1,ArrowLine.java,3,12,4,8,0.333333,1.0,2.0,Mixed
447,yeldar,1,ArrowLine.java,1,6,0,6,0.0,0.166667,1.5,Mostly Independent
528,yeldar,1,CMLHandler.java,1,8,1,7,0.125,0.0,1.625,Mixed
529,yeldar,1,JMolCDO.java,4,59,10,49,0.169492,0.118644,2.0,Mixed
563,yeldar,1,CMLHandler.java,1,3,3,0,1.0,1.0,0.0,Mostly Dependent
613,yeldar,1,BaseAtomType.java,3,15,3,12,0.2,0.4,1.9333,Mixed
615,yeldar,1,BaseAtomType.java,3,29,5,24,0.172414,0.448276,1.5172,Mixed
638,yeldar,1,AtomRenderer.java,4,26,4,22,0.153846,0.0,1.8462,Mixed
640,yeldar,1,AtomRenderer.java,3,34,1,33,0.029412,0.0,2.0,Mostly Independent
643,yeldar,1,BondRenderer.java,2,34,9,25,0.264706,0.205882,1.4412,Mixed
644,yeldar,1,BondRenderer.java,2,34,9,25,0.264706,0.205882,1.4412,Mixed
657,yeldar,1,ReaderFactory.java,3,32,6,26,0.1875,0.125,2.0312,Mixed
677,yeldar,1,JMolCDO.java,4,36,3,33,0.083333,0.0,1.9444,Mostly Independent
702,yeldar,1,AtomRenderer.java,2,8,3,5,0.375,0.0,1.625,Mixed
704,yeldar,1,AtomRenderer.java,2,39,6,33,0.153846,0.0,2.0,Mixed
706,yeldar,1,AtomRenderer.java,2,4,1,3,0.25,0.0,2.0,Mixed
713,yeldar,2,PDBReader.java,5,13,3,10,0.230769,0.692308,2.0,Mixed
715,yeldar,1,ChemFrame.java,2,2,2,0,1.0,1.0,0.0,Mostly Dependent
719,yeldar,1,ChemFrame.java,1,10,0,10,0.0,0.0,1.8,Mostly Independent
730,yeldar,1,JmolSimpleBean.java,6,38,2,36,0.052632,0.0,2.0,Mostly Independent
753,yeldar,1,CMLHandler.java,1,2,1,1,0.5,0.5,1.0,Mixed
754,yeldar,1,CMLHandler.java,1,2,1,1,0.5,0.5,1.0,Mixed
758,yeldar,1,CMLHandler.java,1,3,3,0,1.0,1.0,0.0,Mostly Dependent
759,yeldar,1,CMLHandler.java,1,3,3,0,1.0,1.0,0.0,Mostly Dependent
760,yeldar,1,CMLHandler.java,1,3,3,0,1.0,1.0,0.0,Mostly Dependent
450,yeldar,1,ArrowLine.java,3,37,7,30,0.189189,0.108108,2.0,Mixed
762,yeldar,2,DisplayPanel.java,7,15,3,12,0.2,0.0,1.8667,Mixed
766,yeldar,2,DisplayPanel.java,14,60,2,58,0.033333,0.033333,1.6,Mostly Independent
767,yeldar,1,DisplayPanel.java,5,85,2,83,0.023529,0.0,1.8118,Mostly Independent
768,yeldar,1,DisplayPanel.java,2,21,2,19,0.095238,0.142857,1.6667,Mostly Independent
769,yeldar,1,DisplayPanel.java,3,27,2,25,0.074074,0.111111,1.7407,Mostly Independent
770,yeldar,1,JmolApplet.java,2,24,7,17,0.291667,0.125,2.4583,Mixed
356,yeldar,2,Preferences.java,9,42,32,10,0.761905,0.952381,0.7857,Mostly Dependent
390,yeldar,2,Preferences.java,11,73,44,29,0.60274,0.630137,0.9315,Mostly Dependent
414,yeldar,1,Preferences.java,6,16,12,4,0.75,1.0,0.4375,Mostly Dependent
771,yeldar,1,ChemFrameRenderer.java,1,7,1,6,0.142857,0.142857,1.5714,Mixed
772,yeldar,1,ChemFrameRenderer.java,1,7,1,6,0.142857,0.142857,1.5714,Mixed
773,yeldar,1,ChemFrameRenderer.java,1,2,0,2,0.0,0.5,1.0,Mostly Independent
790,yeldar,1,ChemFrameRenderer.java,4,4,4,0,1.0,1.0,0.0,Mostly Dependent
791,yeldar,1,ChemFrameRenderer.java,4,4,4,0,1.0,1.0,0.0,Mostly Dependent
656,yeldar,1,ReaderFactory.java,3,30,6,24,0.2,0.133333,1.1333,Mixed
223,yeldar,2,CMLSaver.java,3,4,2,2,0.5,0.0,1.0,Mixed
724,yeldar,2,CMLSaver.java,3,14,3,11,0.214286,0.0,1.2143,Mixed
527,yeldar,2,JMolCDO.java,4,52,18,34,0.346154,0.134615,1.1346,Mixed
308,yeldar,2,LoopedStreams.java,3,47,8,39,0.170213,0.06383,1.1489,Mixed
345,yeldar,1,Preferences.java,3,27,5,22,0.185185,0.518519,1.0,Mixed
355,yeldar,1,Preferences.java,2,49,11,38,0.22449,0.0,1.0408,Mixed
358,yeldar,2,Preferences.java,9,51,23,28,0.45098,0.392157,0.8824,Mixed
365,yeldar,2,Preferences.java,8,39,32,7,0.820513,0.948718,0.7692,Mostly Dependent
371,yeldar,2,Preferences.java,9,42,32,10,0.761905,0.952381,0.5,Mostly Dependent
384,yeldar,1,Preferences.java,2,10,5,5,0.5,0.6,0.4,Mixed
391,yeldar,2,Preferences.java,10,68,44,24,0.647059,0.632353,0.8971,Mostly Dependent
392,yeldar,2,Preferences.java,10,68,44,24,0.647059,0.632353,0.8971,Mostly Dependent
394,yeldar,2,Preferences.java,10,68,44,24,0.647059,0.632353,0.8971,Mostly Dependent
825,yeldar,2,ChemFrame.java,8,43,11,32,0.255814,0.372093,1.0465,Mixed
826,yeldar,2,ChemFrame.java,8,17,14,3,0.823529,0.941176,0.0588,Mostly Dependent
828,yeldar,2,ChemFrame.java,8,19,2,17,0.105263,0.473684,1.4737,Mixed
66,yeldar,1,Measure.java,5,103,41,62,0.398058,0.0,1.0,Mixed
68,yeldar,2,Animate.java,6,114,41,73,0.359649,0.026316,1.0,Mixed
101,yeldar,1,Distance.java,3,16,5,11,0.3125,0.0,1.0,Mixed
102,yeldar,1,Dihedral.java,3,16,5,11,0.3125,0.0,1.0,Mixed
114,yeldar,1,Animate.java,3,11,2,9,0.181818,0.0,2.0,Mixed
125,yeldar,2,Animate.java,5,30,8,22,0.266667,0.0,1.2,Mixed
152,yeldar,3,Animate.java,8,68,25,43,0.367647,0.323529,0.8529,Mixed
224,yeldar,1,XYZSaver.java,3,4,2,2,0.5,0.0,1.0,Mixed
314,yeldar,2,Measure.java,5,48,16,32,0.333333,0.229167,0.7917,Mixed
315,yeldar,2,Measure.java,5,48,16,32,0.333333,0.229167,0.7917,Mixed
316,yeldar,2,Measure.java,6,51,16,35,0.313725,0.235294,0.7843,Mixed
317,yeldar,2,Measure.java,6,56,11,45,0.196429,0.0,1.0,Mixed
319,yeldar,2,Measure.java,6,23,5,18,0.217391,0.0,1.5217,Mixed
321,yeldar,2,Measure.java,8,70,42,28,0.6,0.571429,0.5,Mostly Dependent
322,yeldar,2,Measure.java,8,70,42,28,0.6,0.571429,0.5,Mostly Dependent
323,yeldar,2,Measure.java,7,69,38,31,0.550725,0.57971,0.4928,Mostly Dependent
325,yeldar,2,Measure.java,8,69,42,27,0.608696,0.57971,0.4928,Mostly Dependent
775,yeldar,2,DisplayPanel.java,16,34,11,23,0.323529,0.588235,0.4118,Mixed
776,yeldar,1,DisplayPanel.java,1,10,4,6,0.4,0.4,0.7,Mixed
777,yeldar,1,DisplayPanel.java,1,10,4,6,0.4,0.4,0.7,Mixed
778,yeldar,1,DisplayPanel.java,1,10,4,6,0.4,0.4,0.7,Mixed
780,yeldar,1,DisplayPanel.java,1,10,4,6,0.4,0.4,0.7,Mixed
781,yeldar,2,DisplayPanel.java,7,10,7,3,0.7,1.0,0.0,Mostly Dependent
782,yeldar,2,DisplayPanel.java,10,10,7,3,0.7,1.0,0.0,Mostly Dependent
783,yeldar,3,DisplayPanel.java,15,56,15,41,0.267857,0.321429,0.9821,Mixed
784,yeldar,2,DisplayPanel.java,16,58,15,43,0.258621,0.310345,1.0,Mixed
787,yeldar,2,DisplayPanel.java,18,258,57,201,0.22093,0.120155,0.8798,Mixed
788,michaelthoward,3,DisplayPanel.java,24,85,9,76,0.105882,0.0,1.0,Mixed
789,michaelthoward,3,DisplayPanel.java,24,394,47,347,0.119289,0.076142,0.9239,Mixed
792,yeldar,1,HeapSorter.java,3,4,3,1,0.75,0.75,0.5,Mostly Dependent
793,yeldar,1,HeapSorter.java,3,4,3,1,0.75,0.75,0.5,Mostly Dependent
794,yeldar,1,HeapSorter.java,2,7,1,6,0.142857,0.0,2.0,Mixed
795,yeldar,1,HeapSorter.java,2,18,3,15,0.166667,0.333333,1.3333,Mixed
796,yeldar,1,HeapSorter.java,4,20,3,17,0.15,0.4,1.2,Mixed
827,yeldar,1,ChemFrame.java,2,6,2,4,0.333333,0.0,2.0,Mixed
829,yeldar,1,ChemFrame.java,2,13,2,11,0.153846,0.692308,2.0,Mixed
763,yeldar,1,DisplayPanel.java,1,2,0,2,0.0,0.0,2.0,Mostly Independent
764,yeldar,1,DisplayPanel.java,2,16,3,13,0.1875,0.4375,2.0,Mixed
23,yeldar,1,MeasurementListEvent.java,1,15,1,14,0.066667,0.0,1.6667,Mostly Independent
56,yeldar,1,AboutDialog.java,6,31,14,17,0.451613,0.0,1.1613,Mixed
57,yeldar,1,WhatsNewDialog.java,6,31,14,17,0.451613,0.0,1.1613,Mixed
58,yeldar,1,HelpDialog.java,6,31,14,17,0.451613,0.0,1.1613,Mixed
65,yeldar,1,AboutDialog.java,3,89,40,49,0.449438,0.0,1.0,Mixed
67,yeldar,1,AtomTypeTable.java,6,108,48,60,0.444444,0.0,1.0,Mixed
69,yeldar,1,WhatsNewDialog.java,3,89,40,49,0.449438,0.0,1.0,Mixed
72,yeldar,1,HelpDialog.java,3,89,40,49,0.449438,0.0,1.0,Mixed
73,yeldar,2,MeasurementList.java,5,103,42,61,0.407767,0.0,1.0,Mixed
100,yeldar,1,Angle.java,3,17,4,13,0.235294,0.0,1.0,Mixed
170,yeldar,1,AtomTypeTable.java,5,72,11,61,0.152778,0.0,1.0417,Mixed
172,yeldar,1,AtomTypeTable.java,6,36,10,26,0.277778,0.166667,1.6667,Mixed
173,yeldar,1,AtomTypeTable.java,6,36,10,26,0.277778,0.166667,1.6667,Mixed
174,yeldar,1,AtomTypeTable.java,6,48,12,36,0.25,0.125,1.7083,Mixed
175,yeldar,1,AtomTypeTable.java,6,48,12,36,0.25,0.125,1.7083,Mixed
225,yeldar,1,DecimalNumberField.java,3,5,2,3,0.4,0.0,1.0,Mixed
227,yeldar,1,DecimalNumberField.java,3,22,2,20,0.090909,0.0,1.0,Mostly Independent
229,yeldar,1,DecimalNumberField.java,4,20,7,13,0.35,0.0,1.4,Mixed
305,yeldar,1,ListNode.java,3,84,11,73,0.130952,0.0,1.2857,Mixed
306,yeldar,2,MeasurementList.java,7,93,13,80,0.139785,0.0,1.2581,Mixed
318,yeldar,2,MeasurementList.java,8,54,14,40,0.259259,0.0,1.0,Mixed
320,yeldar,2,MeasurementList.java,8,23,5,18,0.217391,0.0,1.5217,Mixed
327,yeldar,1,MeasurementList.java,5,218,35,183,0.16055,0.183486,0.8257,Mixed
328,yeldar,2,MeasurementList.java,8,251,57,194,0.227092,0.159363,0.8486,Mixed
329,yeldar,2,MeasurementList.java,8,251,57,194,0.227092,0.159363,0.8486,Mixed
330,yeldar,2,MeasurementList.java,8,251,57,194,0.227092,0.159363,0.8486,Mixed
331,yeldar,2,MeasurementList.java,5,58,7,51,0.12069,0.12069,0.8793,Mixed
332,yeldar,2,MeasurementList.java,8,251,57,194,0.227092,0.159363,0.8486,Mixed
333,yeldar,2,MeasurementList.java,6,56,7,49,0.125,0.125,0.875,Mixed
335,yeldar,2,MeasurementList.java,8,251,57,194,0.227092,0.159363,0.8486,Mixed
337,yeldar,2,MeasurementList.java,6,40,17,23,0.425,0.3,0.9,Mixed
338,yeldar,2,MeasurementList.java,6,40,17,23,0.425,0.3,0.9,Mixed
339,yeldar,2,MeasurementList.java,6,40,17,23,0.425,0.3,0.9,Mixed
340,yeldar,2,MeasurementList.java,8,114,25,89,0.219298,0.140351,1.1404,Mixed
341,yeldar,2,MeasurementList.java,8,114,25,89,0.219298,0.140351,1.1404,Mixed
342,yeldar,2,MeasurementList.java,8,114,25,89,0.219298,0.140351,1.1404,Mixed
449,yeldar,1,ArrowLine.java,2,29,14,15,0.482759,0.137931,1.1379,Mixed
689,yeldar,1,XYZReader.java,3,12,5,7,0.416667,0.0,1.25,Mixed
691,yeldar,2,PropertyGraph.java,6,104,15,89,0.144231,0.057692,0.9808,Mixed
703,yeldar,1,AtomType.java,3,38,12,26,0.315789,0.0,1.1053,Mixed
705,yeldar,1,AtomType.java,3,4,1,3,0.25,0.0,2.0,Mixed
712,yeldar,2,PDBReader.java,6,12,4,8,0.333333,0.75,1.75,Mixed
723,yeldar,1,PovrayDialog.java,3,81,26,55,0.320988,0.0,1.0,Mixed
726,michaelthoward,2,PovrayDialog.java,3,83,6,77,0.072289,0.0,1.1928,Mostly Independent
727,yeldar,1,PovrayDialog.java,4,78,14,64,0.179487,0.0,1.0769,Mixed
746,yeldar,2,AtomTypesModel.java,4,57,8,49,0.140351,0.0,1.3158,Mixed
810,yeldar,1,XYZReader.java,3,3,2,1,0.666667,0.0,1.0,Mostly Dependent
830,yeldar,1,ChemFrame.java,7,42,11,31,0.261905,0.261905,0.9286,Mixed
831,yeldar,2,DisplayPanel.java,8,16,7,9,0.4375,0.5,1.5,Mixed
59,yeldar,1,AboutDialog.java,5,24,12,12,0.5,0.0,1.2083,Mixed
60,yeldar,1,HelpDialog.java,5,24,12,12,0.5,0.0,1.2083,Mixed
61,yeldar,1,WhatsNewDialog.java,4,24,11,13,0.458333,0.0,1.2083,Mixed
62,yeldar,1,AboutDialog.java,2,4,4,0,1.0,0.0,1.0,Mostly Dependent
63,yeldar,1,WhatsNewDialog.java,2,4,4,0,1.0,0.0,1.0,Mostly Dependent
64,yeldar,1,HelpDialog.java,2,4,4,0,1.0,0.0,1.0,Mostly Dependent
76,yeldar,1,Aces2Reader.java,3,42,23,19,0.547619,0.0,1.1429,Mostly Dependent
79,yeldar,1,ADFReader.java,3,42,23,19,0.547619,0.142857,1.0,Mostly Dependent
80,yeldar,1,Gaussian92Reader.java,3,42,23,19,0.547619,0.0,1.1429,Mostly Dependent
82,yeldar,1,Aces2Reader.java,4,54,37,17,0.685185,0.092593,0.9259,Mostly Dependent
83,yeldar,1,Aces2Reader.java,5,58,43,15,0.741379,0.086207,0.931,Mostly Dependent
84,yeldar,2,Aces2Reader.java,5,61,36,25,0.590164,0.0,1.0,Mostly Dependent
85,yeldar,2,Gaussian94Reader.java,4,61,29,32,0.47541,0.0,1.0,Mixed
86,yeldar,2,Gaussian92Reader.java,5,61,36,25,0.590164,0.0,1.0,Mostly Dependent
88,yeldar,3,ADFReader.java,7,74,36,38,0.486486,0.0,1.0,Mixed
90,yeldar,2,ADFReader.java,5,59,18,41,0.305085,0.101695,1.0,Mixed
91,yeldar,2,Aces2Reader.java,5,37,27,10,0.72973,0.0,1.2703,Mostly Dependent
92,yeldar,2,ADFReader.java,6,41,27,14,0.658537,0.0,1.2439,Mostly Dependent
93,yeldar,2,Gaussian92Reader.java,5,37,27,10,0.72973,0.0,1.2703,Mostly Dependent
94,yeldar,2,Gaussian94Reader.java,5,37,27,10,0.72973,0.0,1.2703,Mostly Dependent
95,yeldar,2,Gaussian98Reader.java,5,37,27,10,0.72973,0.0,1.2703,Mostly Dependent
96,yeldar,1,Aces2Reader.java,2,16,5,11,0.3125,0.0,1.375,Mixed
97,yeldar,1,GamessReader.java,2,16,5,11,0.3125,0.0,1.375,Mixed
98,yeldar,1,ADFReader.java,4,54,37,17,0.685185,0.092593,0.9259,Mostly Dependent
99,yeldar,1,ADFReader.java,5,58,43,15,0.741379,0.086207,0.931,Mostly Dependent
164,yeldar,1,ArrowLine.java,3,11,5,6,0.454545,1.0,0.7273,Mixed
226,yeldar,1,WholeNumberField.java,2,5,2,3,0.4,0.0,1.0,Mixed
228,yeldar,1,WholeNumberField.java,2,22,2,20,0.090909,0.0,1.0,Mostly Independent
230,yeldar,1,WholeNumberField.java,3,18,7,11,0.388889,0.0,1.3889,Mixed
245,yeldar,1,Gaussian92Reader.java,5,58,43,15,0.741379,0.086207,0.931,Mostly Dependent
247,yeldar,1,Gaussian94Reader.java,5,58,43,15,0.741379,0.086207,0.931,Mostly Dependent
252,yeldar,2,Gaussian94Reader.java,5,15,5,10,0.333333,0.0,1.4,Mixed
254,yeldar,1,Gaussian94Reader.java,5,5,5,0,1.0,1.0,0.0,Mostly Dependent
258,yeldar,1,Gaussian98Reader.java,2,6,1,5,0.166667,0.833333,0.1667,Mixed
307,yeldar,1,LoopedStreams.java,2,41,8,33,0.195122,0.073171,1.122,Mixed
324,yeldar,2,Measure.java,7,66,39,27,0.590909,0.590909,0.4697,Mostly Dependent
444,yeldar,1,ArrowLine.java,2,10,4,6,0.4,1.0,0.8,Mixed
605,yeldar,1,AtomTypeSet.java,2,10,7,3,0.7,0.4,1.4,Mostly Dependent
659,yeldar,1,Splash.java,2,39,9,30,0.230769,0.128205,1.0769,Mixed
692,yeldar,2,PropertyGraph.java,5,103,12,91,0.116505,0.058252,0.9709,Mixed
696,yeldar,1,Aces2Reader.java,2,14,11,3,0.785714,0.0,1.2857,Mostly Dependent
698,yeldar,1,GamessReader.java,2,14,11,3,0.785714,0.0,1.2857,Mostly Dependent
716,yeldar,1,ADFReader.java,4,29,16,13,0.551724,0.034483,1.1379,Mostly Dependent
717,yeldar,1,SharcShielding.java,2,5,2,3,0.4,0.0,1.0,Mixed
748,yeldar,1,Gaussian92Reader.java,2,13,11,2,0.846154,0.0,1.2308,Mostly Dependent
749,yeldar,1,Gaussian94Reader.java,2,13,11,2,0.846154,0.0,1.2308,Mostly Dependent
750,yeldar,1,ADFReader.java,2,13,11,2,0.846154,0.0,1.2308,Mostly Dependent
756,yeldar,1,XYZReader.java,2,7,3,4,0.428571,0.0,1.5714,Mixed
785,yeldar,2,DisplayPanel.java,6,26,5,21,0.192308,0.269231,1.2692,Mixed
786,yeldar,2,DisplayPanel.java,4,12,6,6,0.5,0.333333,1.3333,Mixed
798,yeldar,1,Gaussian90Reader.java,3,36,23,13,0.638889,0.0,1.1389,Mostly Dependent
801,yeldar,1,Gaussian90Reader.java,5,56,43,13,0.767857,0.0,1.0,Mostly Dependent
803,yeldar,2,Gaussian90Reader.java,5,53,36,17,0.679245,0.0,1.0,Mostly Dependent
804,yeldar,1,Gaussian90Reader.java,2,12,11,1,0.916667,0.0,1.1667,Mostly Dependent
805,yeldar,2,Gaussian90Reader.java,5,31,27,4,0.870968,0.0,1.129,Mostly Dependent
806,yeldar,2,AtomicSymbol.java,3,7,2,5,0.285714,0.0,1.0,Mixed
807,yeldar,1,ADFReader.java,2,15,5,10,0.333333,0.0,1.0,Mixed
808,yeldar,1,AtomicSymbol.java,2,15,5,10,0.333333,0.0,1.0,Mixed
809,yeldar,1,DaltonReader.java,2,3,2,1,0.666667,0.0,1.0,Mostly Dependent
811,yeldar,2,GamessReader.java,6,17,12,5,0.705882,0.352941,0.6471,Mostly Dependent
812,yeldar,2,JaguarReader.java,5,16,10,6,0.625,0.0,1.0,Mostly Dependent
813,yeldar,1,MopacReader.java,4,13,2,11,0.153846,0.0,1.0,Mixed
814,yeldar,2,GamessReader.java,6,17,12,5,0.705882,0.352941,0.6471,Mostly Dependent
815,yeldar,1,JaguarReader.java,3,13,3,10,0.230769,0.0,1.0,Mixed
816,yeldar,1,MopacReader.java,3,15,7,8,0.466667,0.0,1.0,Mixed
817,yeldar,2,JaguarReader.java,5,32,20,12,0.625,0.0,1.0,Mostly Dependent
818,yeldar,1,MopacReader.java,4,14,2,12,0.142857,0.0,1.2857,Mixed
819,yeldar,2,JaguarReader.java,5,10,9,1,0.9,1.0,0.0,Mostly Dependent
820,yeldar,2,JaguarReader.java,5,10,9,1,0.9,1.0,0.0,Mostly Dependent
822,yeldar,1,MopacReader.java,3,10,8,2,0.8,0.6,0.4,Mostly Dependent
823,yeldar,1,MopacReader.java,3,10,8,2,0.8,0.6,0.4,Mostly Dependent
824,yeldar,1,MopacReader.java,3,10,8,2,0.8,0.6,0.4,Mostly Dependent
832,yeldar,1,DisplayPanel.java,3,14,6,8,0.428571,0.571429,2.0,Mixed
836,yeldar,1,LoopedStreams.java,2,19,2,17,0.105263,0.0,1.4211,Mixed
839,yeldar,1,Distance.java,4,20,9,11,0.45,0.0,1.2,Mixed
840,yeldar,1,Distance.java,2,9,3,6,0.333333,0.0,1.0,Mixed
841,yeldar,1,Dihedral.java,2,9,3,6,0.333333,0.0,1.0,Mixed
842,yeldar,1,MeasurementListEvent.java,3,67,9,58,0.134328,0.0,1.0299,Mixed
843,yeldar,1,CMLSaver.java,2,7,5,2,0.714286,0.0,1.2857,Mostly Dependent
844,yeldar,1,PovraySaver.java,1,7,4,3,0.571429,0.0,1.2857,Mostly Dependent
845,yeldar,2,Gaussian90Reader.java,4,27,20,7,0.740741,0.0,1.0,Mostly Dependent
846,yeldar,2,Gaussian98Reader.java,4,27,20,7,0.740741,0.0,1.0,Mostly Dependent
847,yeldar,2,Gaussian92Reader.java,4,27,20,7,0.740741,0.0,1.0,Mostly Dependent
848,yeldar,2,Gaussian94Reader.java,4,27,20,7,0.740741,0.0,1.0,Mostly Dependent
849,yeldar,1,Gaussian98Reader.java,4,12,6,6,0.5,0.0,1.0,Mixed
850,yeldar,1,JMolCDO.java,3,25,7,18,0.28,0.12,1.12,Mixed
852,yeldar,2,PropertyGraph.java,5,12,8,4,0.666667,0.416667,0.5833,Mostly Dependent
853,yeldar,2,Vibrate.java,6,18,8,10,0.444444,0.388889,0.6111,Mixed
854,yeldar,1,PovrayDialog.java,1,2,1,1,0.5,1.0,0.0,Mixed
855,yeldar,1,PovrayDialog.java,2,2,1,1,0.5,1.0,0.0,Mixed
242,yeldar,1,GamessReader.java,2,12,5,7,0.416667,0.666667,0.3333,Mixed
244,yeldar,1,Gaussian92Reader.java,3,50,31,19,0.62,0.1,0.92,Mostly Dependent
246,yeldar,1,Gaussian94Reader.java,3,50,31,19,0.62,0.1,0.92,Mostly Dependent
255,yeldar,1,Gaussian94Reader.java,4,5,5,0,1.0,1.0,0.0,Mostly Dependent
256,yeldar,1,Gaussian94Reader.java,2,6,1,5,0.166667,0.0,1.0,Mixed
257,yeldar,1,Gaussian98Reader.java,3,6,1,5,0.166667,0.0,1.0,Mixed
326,yeldar,2,Measure.java,6,64,38,26,0.59375,0.609375,0.4375,Mostly Dependent
403,yeldar,1,Preferences.java,7,48,18,30,0.375,0.333333,1.0208,Mixed
405,yeldar,1,Preferences.java,4,37,15,22,0.405405,0.378378,1.027,Mixed
408,yeldar,2,Preferences.java,6,15,12,3,0.8,1.0,1.0,Mostly Dependent
411,yeldar,1,Preferences.java,2,9,5,4,0.555556,0.555556,0.4444,Mostly Dependent
412,yeldar,1,Preferences.java,2,9,5,4,0.555556,0.555556,0.4444,Mostly Dependent
603,yeldar,1,AtomTypeSet.java,1,12,4,8,0.333333,0.25,1.25,Mixed
608,yeldar,1,BaseAtomType.java,1,7,1,6,0.142857,0.0,1.0,Mixed
611,yeldar,1,BaseAtomType.java,1,18,3,15,0.166667,0.166667,2.0,Mixed
617,yeldar,1,BaseAtomType.java,1,20,5,15,0.25,0.5,1.4,Mixed
718,yeldar,1,SelectSharcReference.java,1,210,17,193,0.080952,0.0,1.0,Mostly Independent
745,yeldar,1,JMolCDO.java,2,10,4,6,0.4,0.0,1.3,Mixed
765,yeldar,2,DisplayPanel.java,2,10,4,6,0.4,0.4,2.0,Mixed
797,yeldar,1,HeapSorter.java,1,18,2,16,0.111111,0.333333,1.3333,Mixed
799,yeldar,1,DaltonReader.java,4,52,37,15,0.711538,0.0,1.0,Mostly Dependent
800,yeldar,2,JaguarReader.java,5,61,37,24,0.606557,0.0,1.0,Mostly Dependent
802,yeldar,1,Gaussian90Reader.java,3,32,10,22,0.3125,0.0,1.0312,Mixed
821,yeldar,2,JaguarReader.java,4,10,8,2,0.8,1.0,0.0,Mostly Dependent
834,yeldar,1,SortedTableModel.java,1,22,5,17,0.227273,0.0,1.0,Mixed
838,yeldar,1,Gaussian98Reader.java,3,3,1,2,0.333333,0.0,1.0,Mixed
851,yeldar,1,JMolCDO.java,1,16,6,10,0.375,0.1875,2.375,Mixed
856,yeldar,1,AboutDialog.java,2,14,7,7,0.5,0.0,1.0,Mixed
857,yeldar,1,HelpDialog.java,2,14,7,7,0.5,0.0,1.0,Mixed
858,yeldar,1,WhatsNewDialog.java,2,14,7,7,0.5,0.0,1.0,Mixed
860,yeldar,2,JmolApplet.java,4,74,7,67,0.094595,0.121622,1.6892,Mostly Independent
861,yeldar,2,JmolApplet.java,4,74,7,67,0.094595,0.121622,1.6892,Mostly Independent
859,yeldar,2,GamessReader.java,2,16,11,5,0.6875,0.0,1.0,Mostly Dependent
862,yeldar,1,XYZReader.java,1,8,6,2,0.75,0.25,1.25,Mostly Dependent
867,yeldar,1,ChemFrame.java,3,12,2,10,0.166667,0.25,1.25,Mixed
869,yeldar,3,Atom.java,5,4,0,4,0.0,0.0,1.0,Mostly Independent
877,yeldar,1,AtomPropsMenu.java,1,27,0,27,0.0,0.037037,1.7778,Mostly Independent
881,yeldar,1,ChemFrame.java,2,14,2,12,0.142857,0.142857,0.8571,Mixed
882,yeldar,1,ChemFrame.java,2,14,2,12,0.142857,0.142857,0.8571,Mixed
883,yeldar,1,ChemFrame.java,2,12,4,8,0.333333,0.333333,0.6667,Mixed
884,yeldar,1,ChemFrame.java,2,12,4,8,0.333333,0.333333,0.6667,Mixed
885,yeldar,1,CMLReader.java,2,20,0,20,0.0,0.1,1.1,Mostly Independent
887,yeldar,1,CMLReader.java,1,4,0,4,0.0,0.0,1.0,Mostly Independent
888,yeldar,1,ChemFile.java,1,2,0,2,0.0,1.0,2.0,Mostly Independent
890,yeldar,1,ChemFile.java,1,2,0,2,0.0,1.0,2.0,Mostly Independent
889,yeldar,1,ChemFile.java,1,2,0,2,0.0,1.0,2.0,Mostly Independent
891,yeldar,1,ChemFile.java,1,2,0,2,0.0,1.0,2.0,Mostly Independent
894,yeldar,1,Gaussian98Reader.java,1,3,0,3,0.0,0.0,2.0,Mostly Independent
895,yeldar,1,Gaussian98Reader.java,2,23,3,20,0.130435,0.0,1.0435,Mixed
896,yeldar,1,PDBReader.java,2,6,0,6,0.0,0.0,2.8333,Mostly Independent
897,yeldar,1,CMLReader.java,1,3,0,3,0.0,0.333333,2.0,Mostly Independent
870,yeldar,1,Atom.java,1,4,0,4,0.0,0.0,1.0,Mostly Independent
892,yeldar,3,ChemFile.java,5,13,3,10,0.230769,0.384615,0.6154,Mixed
893,yeldar,2,ChemFile.java,3,11,3,8,0.272727,0.454545,0.5455,Mixed
979,yeldar,1,ChemFrameRenderer.java,3,13,5,8,0.384615,0.230769,0.7692,Mixed
980,yeldar,1,ChemFrameRenderer.java,3,13,5,8,0.384615,0.230769,0.7692,Mixed
984,yeldar,1,ChemFrameRenderer.java,2,11,3,8,0.272727,0.0,1.0,Mixed
968,michaelthoward,2,JmolApplet.java,4,76,2,74,0.026316,0.0,2.3158,Mostly Independent
989,yeldar,1,TestAtomTypeSet.java,2,37,6,31,0.162162,0.0,1.0,Mixed
863,egonw,1,CMLReader.java,1,19,0,19,0.0,0.0,1.8421,Mostly Independent
992,egonw,1,CMLReader.java,1,3,1,2,0.333333,0.333333,0.6667,Mixed
993,egonw,1,CMLReader.java,1,3,1,2,0.333333,0.333333,0.6667,Mixed
994,yeldar,1,BMPFile.java,1,53,0,53,0.0,0.0,1.0566,Mostly Independent
998,yeldar,1,PngEncoder.java,1,54,0,54,0.0,0.0,1.0185,Mostly Independent
1000,michaelthoward,3,Atom.java,9,9,8,1,0.888889,1.0,0.0,Mostly Dependent
1012,yeldar,1,Preferences.java,3,9,2,7,0.222222,0.333333,0.6667,Mixed
1034,yeldar,3,Jmol.java,16,22,10,12,0.454545,0.772727,0.2273,Mixed
985,michaelthoward,3,MeasureRenderer.java,11,14,7,7,0.5,0.571429,1.0,Mixed
987,yeldar,2,MeasureRenderer.java,6,6,5,1,0.833333,1.0,0.0,Mostly Dependent
1014,yeldar,1,GhemicalMMReader.java,1,5,1,4,0.2,0.0,1.0,Mixed
1015,yeldar,1,MdlReader.java,1,5,1,4,0.2,0.0,1.0,Mixed
1024,yeldar,2,JaguarReader.java,2,6,1,5,0.166667,0.0,1.0,Mixed
1025,yeldar,1,Mopac97Reader.java,1,4,1,3,0.25,0.0,1.0,Mixed
1026,yeldar,1,Mopac7Reader.java,1,11,2,9,0.181818,0.181818,0.8182,Mixed
1027,yeldar,1,Mopac7Reader.java,1,11,2,9,0.181818,0.181818,0.8182,Mixed
1028,yeldar,1,Mopac7Reader.java,1,11,2,9,0.181818,0.181818,0.8182,Mixed
1029,yeldar,1,Mopac7Reader.java,2,29,8,21,0.275862,0.0,1.0,Mixed
1030,yeldar,2,Mopac97Reader.java,3,29,8,21,0.275862,0.0,1.0,Mixed
1031,yeldar,2,Mopac97Reader.java,2,22,6,16,0.272727,0.181818,0.8182,Mixed
1032,yeldar,2,Mopac97Reader.java,2,22,6,16,0.272727,0.181818,0.8182,Mixed
1033,yeldar,2,Mopac97Reader.java,2,22,6,16,0.272727,0.181818,0.8182,Mixed
1035,yeldar,1,AtomTypeTable.java,2,27,2,25,0.074074,0.0,1.0741,Mostly Independent
1023,yeldar,1,Mopac97Reader.java,2,2,1,1,0.5,0.0,1.0,Mixed
1039,yeldar,2,ChemFrame.java,8,36,8,28,0.222222,0.222222,0.7778,Mixed
1040,yeldar,1,ChemFrame.java,2,4,0,4,0.0,0.0,1.0,Mostly Independent
986,michaelthoward,2,MeasureRenderer.java,6,6,5,1,0.833333,1.0,0.0,Mostly Dependent
1038,yeldar,4,ChemFrame.java,13,34,9,25,0.264706,0.441176,0.5588,Mixed
990,yeldar,1,TestAtomTypesModel.java,1,32,6,26,0.1875,0.0,1.0,Mixed
1003,michaelthoward,3,WireframeBondRenderer.java,5,32,16,16,0.5,0.0,1.0,Mixed
1004,michaelthoward,3,QuickdrawBondRenderer.java,5,32,16,16,0.5,0.0,1.0,Mixed
1005,michaelthoward,3,ShadingBondRenderer.java,5,32,16,16,0.5,0.0,1.0,Mixed
1006,yeldar,1,LineBondRenderer.java,1,22,5,17,0.227273,0.0,1.0,Mixed
1007,yeldar,1,ShadingBondRenderer.java,1,22,5,17,0.227273,0.0,1.0,Mixed
1008,yeldar,1,QuickdrawBondRenderer.java,1,22,5,17,0.227273,0.0,1.0,Mixed
1022,yeldar,1,Mopac7Reader.java,1,2,1,1,0.5,0.0,1.0,Mixed
1043,egonw,2,DisplaySettings.java,2,19,4,15,0.210526,0.315789,0.7895,Mixed
1045,yeldar,1,ABINITReader.java,1,5,0,5,0.0,0.0,3.0,Mostly Independent
1046,yeldar,1,ABINITReader.java,1,3,1,2,0.333333,0.333333,2.6667,Mixed
1047,yeldar,1,ABINITReader.java,1,4,1,3,0.25,0.5,2.0,Mixed
1048,yeldar,1,ABINITReader.java,2,16,8,8,0.5,0.5625,0.4375,Mixed
1049,yeldar,1,ABINITReader.java,2,11,5,6,0.454545,0.454545,0.5455,Mixed
1050,yeldar,1,ABINITReader.java,3,16,7,9,0.4375,0.4375,0.5625,Mixed
1051,yeldar,1,ABINITReader.java,1,7,3,4,0.428571,0.428571,0.5714,Mixed
1053,yeldar,1,ABINITReader.java,3,19,8,11,0.421053,0.473684,0.5263,Mixed
1054,yeldar,2,ABINITReader.java,4,24,8,16,0.333333,0.458333,0.5417,Mixed
991,yeldar,1,DisplayPanel.java,1,73,0,73,0.0,0.150685,0.8493,Mostly Independent
1068,yeldar,1,ReaderFactory.java,2,14,0,14,0.0,0.0,1.0,Mostly Independent
999,michaelthoward,3,Atom.java,8,9,8,1,0.888889,1.0,0.0,Mostly Dependent
1037,yeldar,2,Atom.java,2,32,0,32,0.0,0.0,1.0,Mostly Independent
1059,yeldar,1,AtomShape.java,1,4,0,4,0.0,0.0,1.0,Mostly Independent
488,michaelthoward,4,ChemFrame.java,13,36,9,27,0.25,0.416667,0.5833,Mixed
1074,yeldar,3,DisplayPanel.java,4,26,5,21,0.192308,0.153846,1.1538,Mixed
1075,yeldar,2,DisplayPanel.java,3,8,2,6,0.25,1.0,1.0,Mixed
1076,michaelthoward,2,DisplayPanel.java,7,8,2,6,0.25,1.0,1.0,Mixed
1078,yeldar,3,DisplayPanel.java,4,26,5,21,0.192308,0.153846,1.1538,Mixed
1079,michaelthoward,3,DisplayPanel.java,11,21,10,11,0.47619,0.761905,0.2381,Mixed
1019,michaelthoward,2,Mopac97Reader.java,3,6,0,6,0.0,0.0,1.0,Mostly Independent
1095,yeldar,1,ABINITReader.java,1,4,0,4,0.0,0.0,3.5,Mostly Independent
1097,yeldar,1,ABINITReader.java,1,4,1,3,0.25,0.5,2.0,Mixed
1098,yeldar,1,ABINITReader.java,1,6,3,3,0.5,0.5,0.5,Mixed
1102,yeldar,1,ABINITReader.java,1,6,3,3,0.5,0.5,0.5,Mixed
1107,egonw,3,CrystalPropertiesDialog.java,4,6,1,5,0.166667,0.166667,0.8333,Mixed
1109,egonw,2,CrystalPropertiesDialog.java,2,6,0,6,0.0,0.333333,1.0,Mostly Independent
1111,egonw,3,CrystalPropertiesDialog.java,4,8,0,8,0.0,0.0,4.0,Mostly Independent
1113,egonw,2,CrystalPropertiesDialog.java,2,7,5,2,0.714286,1.0,0.0,Mostly Dependent
1116,egonw,3,CrystalPropertiesDialog.java,3,47,0,47,0.0,0.042553,0.9574,Mostly Independent
1126,egonw,4,CrystalPropertiesDialog.java,8,12,7,5,0.583333,1.0,0.0,Mostly Dependent
1127,fdortu,3,CrystalPropertiesDialog.java,6,10,3,7,0.3,0.4,0.6,Mixed
364,yeldar,2,Preferences.java,2,23,3,20,0.130435,0.086957,0.913,Mixed
1136,yeldar,1,Preferences.java,1,21,0,21,0.0,0.0,1.0476,Mostly Independent
1139,yeldar,1,Preferences.java,1,14,3,11,0.214286,0.142857,0.8571,Mixed
1141,yeldar,1,Preferences.java,1,11,0,11,0.0,0.0,1.0,Mostly Independent
1143,yeldar,1,Preferences.java,1,4,2,2,0.5,1.0,0.0,Mixed
1144,yeldar,2,Preferences.java,2,4,3,1,0.75,1.0,0.0,Mostly Dependent
1145,yeldar,2,Preferences.java,2,4,3,1,0.75,1.0,0.0,Mostly Dependent
1146,yeldar,1,Preferences.java,1,3,1,2,0.333333,0.0,1.0,Mixed
1140,yeldar,1,JmolResourceHandler.java,3,13,0,13,0.0,0.0,1.0,Mostly Independent
1071,yeldar,2,DisplaySettings.java,2,4,0,4,0.0,0.0,1.0,Mostly Independent
1085,michaelthoward,2,DisplaySettings.java,3,17,11,6,0.647059,0.705882,0.2941,Mostly Dependent
1086,michaelthoward,2,DisplaySettings.java,3,17,11,6,0.647059,0.705882,0.2941,Mostly Dependent
1087,michaelthoward,2,DisplaySettings.java,3,17,11,6,0.647059,0.705882,0.2941,Mostly Dependent
1088,michaelthoward,2,DisplaySettings.java,3,17,11,6,0.647059,0.705882,0.2941,Mostly Dependent
1135,michaelthoward,3,PreferencesDialog.java,9,113,0,113,0.0,0.0,1.0,Mostly Independent
1138,michaelthoward,3,PreferencesDialog.java,10,33,2,31,0.060606,0.30303,0.697,Mostly Independent
1148,michaelthoward,3,PreferencesDialog.java,10,105,59,46,0.561905,0.92381,0.0762,Mostly Dependent
1149,michaelthoward,3,PreferencesDialog.java,11,110,61,49,0.554545,0.927273,0.0727,Mostly Dependent
1150,michaelthoward,3,PreferencesDialog.java,8,60,29,31,0.483333,0.866667,0.1333,Mixed
1151,michaelthoward,3,PreferencesDialog.java,9,108,47,61,0.435185,0.944444,0.0556,Mixed
1152,michaelthoward,3,PreferencesDialog.java,10,106,56,50,0.528302,0.943396,0.0566,Mostly Dependent
1153,michaelthoward,3,PreferencesDialog.java,4,12,0,12,0.0,0.0,1.0,Mostly Independent
1154,michaelthoward,3,PreferencesDialog.java,10,108,54,54,0.5,0.944444,0.0556,Mixed
1155,michaelthoward,3,PreferencesDialog.java,10,106,56,50,0.528302,0.943396,0.0566,Mostly Dependent
1156,michaelthoward,3,PreferencesDialog.java,9,98,57,41,0.581633,0.938776,0.0612,Mostly Dependent
1157,michaelthoward,3,PreferencesDialog.java,9,98,57,41,0.581633,0.938776,0.0612,Mostly Dependent
1158,michaelthoward,3,PreferencesDialog.java,8,103,45,58,0.436893,0.941748,0.0583,Mixed
1159,yeldar,2,PreferencesDialog.java,2,5,0,5,0.0,0.0,1.0,Mostly Independent
1162,michaelthoward,2,PreferencesDialog.java,7,56,28,28,0.5,0.875,0.125,Mixed
1163,michaelthoward,2,PreferencesDialog.java,10,62,37,25,0.596774,0.83871,0.1613,Mostly Dependent
1164,michaelthoward,2,PreferencesDialog.java,10,63,36,27,0.571429,0.84127,0.1587,Mostly Dependent
1165,michaelthoward,2,PreferencesDialog.java,8,55,34,21,0.618182,0.854545,0.1455,Mostly Dependent
1166,michaelthoward,2,PreferencesDialog.java,6,51,28,23,0.54902,0.882353,0.1176,Mostly Dependent
1167,michaelthoward,3,PreferencesDialog.java,11,48,36,12,0.75,0.8125,0.375,Mostly Dependent
1168,michaelthoward,3,PreferencesDialog.java,11,50,37,13,0.74,0.82,0.36,Mostly Dependent
1169,michaelthoward,3,PreferencesDialog.java,10,46,34,12,0.73913,0.804348,0.3913,Mostly Dependent
1170,michaelthoward,3,PreferencesDialog.java,9,46,32,14,0.695652,0.804348,0.3913,Mostly Dependent
1175,yeldar,1,JmolResourceHandler.java,1,3,0,3,0.0,0.0,1.0,Mostly Independent
1177,fdortu,2,CrystalPropertiesDialog.java,3,42,0,42,0.0,0.0,1.2857,Mostly Independent
1185,michaelthoward,2,ChemFrameRenderer.java,10,111,11,100,0.099099,0.09009,1.2703,Mostly Independent
1186,michaelthoward,2,ChemFrameRenderer.java,10,111,11,100,0.099099,0.09009,1.2703,Mostly Independent
1096,yeldar,1,ABINITReader.java,1,4,2,2,0.5,0.5,2.0,Mixed
1099,yeldar,1,ABINITReader.java,1,3,1,2,0.333333,0.333333,0.6667,Mixed
1100,yeldar,2,ABINITReader.java,2,1,0,1,0.0,0.0,1.0,Mostly Independent
1104,yeldar,1,ABINITReader.java,1,7,4,3,0.571429,0.571429,0.4286,Mostly Dependent
1105,yeldar,1,ABINITReader.java,1,7,4,3,0.571429,0.571429,0.4286,Mostly Dependent
1187,yeldar,1,ABINITReader.java,1,3,1,2,0.333333,0.333333,2.6667,Mixed
1188,yeldar,1,ABINITReader.java,1,1,1,0,1.0,1.0,0.0,Mostly Dependent
1189,yeldar,1,ABINITReader.java,1,1,1,0,1.0,1.0,0.0,Mostly Dependent
1190,yeldar,1,ABINITReader.java,1,7,3,4,0.428571,0.571429,0.4286,Mixed
1191,yeldar,1,ABINITReader.java,1,3,1,2,0.333333,0.333333,0.6667,Mixed
1192,egonw,1,ABINITReader.java,1,15,0,15,0.0,0.0,1.0,Mostly Independent
1194,egonw,1,PropertyGraph.java,1,48,0,48,0.0,0.0,1.0,Mostly Independent
1066,michaelthoward,1,ShadingAtomRenderer.java,3,5,5,0,1.0,0.0,1.0,Mostly Dependent
1067,michaelthoward,1,WireframeAtomRenderer.java,3,5,5,0,1.0,0.0,1.0,Mostly Dependent
1199,egonw,1,ReaderFactory.java,1,49,0,49,0.0,0.0,1.0,Mostly Independent
1064,michaelthoward,1,LineBondRenderer.java,2,10,6,4,0.6,0.0,1.0,Mostly Dependent
1065,michaelthoward,1,QuickdrawAtomRenderer.java,2,4,4,0,1.0,0.0,1.0,Mostly Dependent
1225,fdortu,1,ABINITReader.java,1,2,0,2,0.0,0.0,1.0,Mostly Independent
1123,fdortu,3,CrystalPropertiesDialog.java,5,8,5,3,0.625,0.625,0.375,Mostly Dependent
1124,fdortu,3,CrystalPropertiesDialog.java,5,8,5,3,0.625,0.625,0.375,Mostly Dependent
1125,fdortu,2,CrystalPropertiesDialog.java,3,11,4,7,0.363636,1.0,0.0,Mixed
1227,fdortu,1,CrystalPropertiesDialog.java,2,4,2,2,0.5,0.5,1.0,Mixed
1228,fdortu,1,CrystalPropertiesDialog.java,2,4,2,2,0.5,0.5,1.0,Mixed
1229,fdortu,2,CrystalPropertiesDialog.java,3,2,0,2,0.0,0.0,1.0,Mostly Independent
1230,fdortu,2,CrystalPropertiesDialog.java,4,11,5,6,0.454545,0.363636,0.6364,Mixed
1231,fdortu,1,CrystalPropertiesDialog.java,2,4,0,4,0.0,0.0,1.0,Mostly Independent
1232,fdortu,2,CrystalPropertiesDialog.java,4,11,5,6,0.454545,0.363636,0.6364,Mixed
1233,fdortu,1,CrystalPropertiesDialog.java,2,4,0,4,0.0,0.0,1.0,Mostly Independent
160,egonw,2,Animate.java,2,12,2,10,0.166667,0.333333,0.6667,Mixed
1110,egonw,1,Animate.java,1,6,0,6,0.0,0.0,1.0,Mostly Independent
1117,egonw,2,UnitCellBox.java,3,65,7,58,0.107692,0.046154,0.9538,Mixed
1118,egonw,2,UnitCellBox.java,3,65,7,58,0.107692,0.046154,0.9538,Mixed
1131,egonw,2,UnitCellBox.java,2,2,2,0,1.0,1.0,0.0,Mostly Dependent
1132,egonw,2,UnitCellBox.java,2,2,2,0,1.0,1.0,0.0,Mostly Dependent
1133,egonw,2,UnitCellBox.java,2,2,2,0,1.0,1.0,0.0,Mostly Dependent
1134,egonw,2,UnitCellBox.java,2,2,2,0,1.0,1.0,0.0,Mostly Dependent
1057,michaelthoward,1,AtomShape.java,3,42,6,36,0.142857,0.785714,0.2143,Mixed
1242,michaelthoward,2,AtomShape.java,3,13,2,11,0.153846,0.0,1.0,Mixed
1245,michaelthoward,1,AtomShape.java,1,4,1,3,0.25,0.25,0.75,Mixed
1246,michaelthoward,1,AtomShape.java,1,4,1,3,0.25,0.25,0.75,Mixed
1247,michaelthoward,1,AtomShape.java,1,7,1,6,0.142857,0.142857,0.8571,Mixed
1249,michaelthoward,1,AtomShape.java,1,7,1,6,0.142857,0.142857,0.8571,Mixed
1250,michaelthoward,1,AtomShape.java,1,7,1,6,0.142857,0.142857,0.8571,Mixed
1251,michaelthoward,1,AtomShape.java,9,72,24,48,0.333333,0.652778,0.3889,Mixed
1254,michaelthoward,1,AtomShape.java,1,7,1,6,0.142857,0.142857,0.8571,Mixed
1243,michaelthoward,1,AtomLabelShape.java,1,16,1,15,0.0625,0.0,1.0,Mostly Independent
1244,michaelthoward,1,AtomShape.java,1,16,1,15,0.0625,0.0,1.0,Mostly Independent
1255,michaelthoward,1,DisplayPanel.java,5,17,5,12,0.294118,0.705882,0.2941,Mixed
1256,michaelthoward,2,ChemFrame.java,12,14,4,10,0.285714,0.0,1.0,Mixed
1257,michaelthoward,2,CrystalFrame.java,6,14,4,10,0.285714,0.0,1.0,Mixed
1258,michaelthoward,1,AtomShape.java,11,80,26,54,0.325,0.6125,0.425,Mixed
1259,michaelthoward,1,AtomShape.java,9,74,22,52,0.297297,0.648649,0.3919,Mixed
1260,michaelthoward,1,AtomShape.java,12,89,22,67,0.247191,0.617978,0.4157,Mixed
1262,michaelthoward,1,AtomShape.java,6,9,3,6,0.333333,0.111111,1.0,Mixed
1264,egonw,1,CrystalPropertiesDialog.java,1,21,0,21,0.0,0.0,1.0,Mostly Independent
1265,egonw,1,CrystalPropertiesDialog.java,1,2,1,1,0.5,0.5,0.5,Mixed
1266,egonw,1,CrystalPropertiesDialog.java,1,3,0,3,0.0,0.0,1.6667,Mostly Independent
1267,egonw,2,CrystalPropertiesDialog.java,2,34,8,26,0.235294,0.0,1.1765,Mixed
1268,egonw,2,CrystalPropertiesDialog.java,2,12,2,10,0.166667,0.166667,0.8333,Mixed
1269,egonw,2,CrystalPropertiesDialog.java,2,12,2,10,0.166667,0.166667,0.8333,Mixed
1084,michaelthoward,1,DisplaySettings.java,2,16,8,8,0.5,0.75,0.25,Mixed
1061,michaelthoward,1,AtomVectorShape.java,3,71,4,67,0.056338,0.0,1.0,Mostly Independent
1277,michaelthoward,1,DisplayPanel.java,1,5,1,4,0.2,0.8,0.2,Mixed
1278,michaelthoward,1,DisplayPanel.java,1,5,1,4,0.2,0.8,0.2,Mixed
1281,egonw,2,Atom.java,4,8,1,7,0.125,0.25,0.75,Mixed
1284,michaelthoward,2,DisplayControl.java,21,89,4,85,0.044944,0.0,1.0,Mostly Independent
1286,michaelthoward,2,DisplayControl.java,38,207,1,206,0.004831,0.0,1.0,Mostly Independent
1288,michaelthoward,1,PovraySaver.java,1,37,0,37,0.0,0.0,1.0541,Mostly Independent
1283,michaelthoward,1,DisplayControl.java,22,366,43,323,0.117486,0.234973,0.765,Mixed
1285,michaelthoward,2,DisplayControl.java,19,178,5,173,0.02809,0.039326,1.3596,Mostly Independent
1295,michaelthoward,2,MeasureRenderer.java,4,14,7,7,0.5,0.571429,0.7143,Mixed
1180,michaelthoward,1,VectorShape.java,2,55,1,54,0.018182,0.0,1.0,Mostly Independent
1301,michaelthoward,1,RasMolScriptHandler.java,2,12,0,12,0.0,0.0,2.1667,Mostly Independent
1303,michaelthoward,2,RasMolScriptHandler.java,2,2,0,2,0.0,0.0,2.0,Mostly Independent
1092,michaelthoward,1,PDBReader.java,2,177,6,171,0.033898,0.022599,0.9774,Mostly Independent
1094,michaelthoward,1,PDBReader.java,2,16,0,16,0.0,0.0,1.0,Mostly Independent
1160,michaelthoward,1,PreferencesDialog.java,3,3,0,3,0.0,1.0,0.0,Mostly Independent
1305,michaelthoward,1,DisplayPanel.java,2,11,0,11,0.0,0.181818,1.6364,Mostly Independent
1178,michaelthoward,1,ArrowLine.java,1,4,0,4,0.0,0.0,1.0,Mostly Independent
1018,michaelthoward,1,Mopac7Reader.java,1,7,6,1,0.857143,0.0,1.0,Mostly Dependent
1119,michaelthoward,1,CrystalFile.java,1,6,0,6,0.0,0.0,1.0,Mostly Independent
1121,michaelthoward,1,CrystalFile.java,1,23,0,23,0.0,0.0,1.0,Mostly Independent
1129,michaelthoward,1,UnitCellBox.java,1,1,1,0,1.0,1.0,0.0,Mostly Dependent
1130,michaelthoward,1,UnitCellBox.java,1,1,1,0,1.0,1.0,0.0,Mostly Dependent
1179,michaelthoward,1,PlainLine.java,1,4,0,4,0.0,0.0,1.0,Mostly Independent
1182,michaelthoward,1,CrystalBox.java,1,42,3,39,0.071429,0.0,1.0,Mostly Independent
1203,michaelthoward,1,ABINITInputReader.java,1,3,3,0,1.0,0.333333,0.6667,Mostly Dependent
1204,michaelthoward,1,ABINITOutputReader.java,1,3,3,0,1.0,0.333333,0.6667,Mostly Dependent
1205,michaelthoward,1,ABINITOutputReader.java,1,3,3,0,1.0,0.333333,0.6667,Mostly Dependent
1206,michaelthoward,1,ABINITInputReader.java,1,3,3,0,1.0,0.333333,0.6667,Mostly Dependent
1207,michaelthoward,2,ABINITInputReader.java,2,15,9,6,0.6,0.4,0.6,Mostly Dependent
1208,michaelthoward,1,ABINITOutputReader.java,1,11,7,4,0.636364,0.363636,0.6364,Mostly Dependent
1209,michaelthoward,1,ABINITOutputReader.java,1,11,7,4,0.636364,0.363636,0.6364,Mostly Dependent
1210,michaelthoward,2,ABINITInputReader.java,2,15,9,6,0.6,0.4,0.6,Mostly Dependent
1211,michaelthoward,1,ABINITOutputReader.java,1,11,7,4,0.636364,0.363636,0.6364,Mostly Dependent
1212,michaelthoward,2,ABINITInputReader.java,2,15,9,6,0.6,0.4,0.6,Mostly Dependent
1213,michaelthoward,2,ABINITOutputReader.java,2,17,7,10,0.411765,0.352941,0.6471,Mixed
1214,michaelthoward,1,ABINITInputReader.java,1,11,7,4,0.636364,0.545455,0.4545,Mostly Dependent
1236,michaelthoward,2,EnergyBand.java,2,2,1,1,0.5,1.0,0.0,Mixed
1274,michaelthoward,2,JmolCDO.java,2,6,3,3,0.5,0.666667,0.3333,Mixed
1275,michaelthoward,2,JmolCDO.java,2,6,3,3,0.5,0.666667,0.3333,Mixed
1276,michaelthoward,1,JmolCDO.java,1,6,2,4,0.333333,0.666667,0.3333,Mixed
1304,michaelthoward,2,DisplayControl.java,33,46,19,27,0.413043,0.978261,0.0217,Mixed
1307,michaelthoward,2,DisplayControl.java,8,46,12,34,0.26087,0.413043,1.6304,Mixed
1309,michaelthoward,2,DisplayControl.java,10,53,13,40,0.245283,0.377358,1.7547,Mixed
1310,michaelthoward,2,DisplayControl.java,2,5,0,5,0.0,0.0,1.0,Mostly Independent
1311,michaelthoward,2,DisplayControl.java,7,18,0,18,0.0,0.0,1.0,Mostly Independent
1312,michaelthoward,2,DisplayControl.java,7,76,23,53,0.302632,0.618421,1.3158,Mixed
1313,michaelthoward,2,DisplayControl.java,16,38,2,36,0.052632,0.0,1.0,Mostly Independent
1315,michaelthoward,1,DisplayControl.java,9,87,26,61,0.298851,0.563218,1.4943,Mixed
1316,michaelthoward,2,DisplayControl.java,8,78,28,50,0.358974,0.564103,1.4872,Mixed
1317,michaelthoward,2,DisplayControl.java,8,80,26,54,0.325,0.575,1.45,Mixed
1308,michaelthoward,2,DisplayControl.java,5,36,9,27,0.25,0.527778,1.3056,Mixed
1314,michaelthoward,2,DisplayControl.java,6,69,22,47,0.318841,0.623188,1.2754,Mixed
1069,egonw,1,XYZReader.java,1,6,0,6,0.0,0.0,1.0,Mostly Independent
1289,michaelthoward,1,Distance.java,2,10,0,10,0.0,0.0,1.0,Mostly Independent
1290,michaelthoward,1,Angle.java,3,5,3,2,0.6,0.0,1.0,Mostly Dependent
1291,michaelthoward,1,Dihedral.java,3,5,3,2,0.6,0.0,1.0,Mostly Dependent
1292,michaelthoward,1,Angle.java,5,12,6,6,0.5,0.0,1.0,Mixed
1293,michaelthoward,1,Dihedral.java,5,12,6,6,0.5,0.0,1.0,Mixed
1325,michaelthoward,1,AtomShape.java,4,12,0,12,0.0,0.0,3.0,Mostly Independent
1298,michaelthoward,1,NonJavaSort.java,1,5,1,4,0.2,0.0,1.0,Mixed
1299,michaelthoward,1,UseJavaSort.java,1,5,1,4,0.2,0.0,1.0,Mixed
1326,michaelthoward,1,AtomShape.java,1,3,0,3,0.0,0.0,1.0,Mostly Independent
1327,michaelthoward,1,AtomShape.java,1,8,6,2,0.75,0.75,0.75,Mostly Dependent
1328,michaelthoward,1,AtomShape.java,1,3,1,2,0.333333,0.333333,1.0,Mixed
1329,michaelthoward,1,AtomShape.java,1,8,6,2,0.75,0.75,0.75,Mostly Dependent
1330,michaelthoward,1,AtomShape.java,1,8,6,2,0.75,0.75,0.75,Mostly Dependent
1333,michaelthoward,1,AtomShape.java,1,1,1,0,1.0,0.0,1.0,Mostly Dependent
1335,michaelthoward,1,AtomShape.java,1,4,2,2,0.5,0.0,1.0,Mixed
1337,michaelthoward,1,AtomShape.java,1,4,2,2,0.5,0.0,1.0,Mixed
1331,michaelthoward,1,BondRenderer.java,1,2,0,2,0.0,0.0,1.0,Mostly Independent
1339,michaelthoward,1,BondRenderer.java,1,3,1,2,0.333333,0.0,1.0,Mixed
1340,michaelthoward,1,BondRenderer.java,8,25,10,15,0.4,0.36,0.88,Mixed
1341,michaelthoward,1,BondRenderer.java,1,3,1,2,0.333333,0.0,1.0,Mixed
1342,michaelthoward,1,BondRenderer.java,5,43,28,15,0.651163,1.0,0.0,Mostly Dependent
1343,michaelthoward,1,BondRenderer.java,2,4,0,4,0.0,0.0,1.0,Mostly Independent
1345,michaelthoward,1,BondRenderer.java,7,45,36,9,0.8,1.0,0.0,Mostly Dependent
1346,michaelthoward,1,BondRenderer.java,8,25,10,15,0.4,0.36,0.88,Mixed
1347,michaelthoward,1,BondRenderer.java,7,45,36,9,0.8,1.0,0.0,Mostly Dependent
1348,michaelthoward,1,BondRenderer.java,1,4,2,2,0.5,0.0,1.0,Mixed
1349,michaelthoward,1,BondRenderer.java,9,58,33,25,0.568966,1.0,0.0,Mostly Dependent
1350,michaelthoward,1,BondRenderer.java,7,45,36,9,0.8,1.0,0.0,Mostly Dependent
1351,michaelthoward,1,BondRenderer.java,6,45,31,14,0.688889,1.0,0.0,Mostly Dependent
1332,michaelthoward,1,BondRenderer.java,1,19,0,19,0.0,0.0,1.0,Mostly Independent
1344,michaelthoward,1,BondRenderer.java,5,43,28,15,0.651163,1.0,0.0,Mostly Dependent
1356,michaelthoward,1,BondRenderer.java,5,50,3,47,0.06,0.08,1.32,Mostly Independent
1357,michaelthoward,1,DisplayControl.java,30,493,82,411,0.166329,0.219067,0.7809,Mixed
1358,michaelthoward,1,DisplayControl.java,21,16,6,10,0.375,1.0,0.0,Mixed
1359,michaelthoward,1,DisplayControl.java,12,16,6,10,0.375,1.0,0.0,Mixed
1360,michaelthoward,1,DisplayControl.java,11,87,9,78,0.103448,0.471264,1.8161,Mixed
1361,michaelthoward,1,Token.java,2,14,0,14,0.0,0.0,2.1429,Mostly Independent
1363,michaelthoward,1,Token.java,2,8,4,4,0.5,0.5,1.0,Mixed
1364,michaelthoward,1,Token.java,2,8,4,4,0.5,0.5,1.0,Mixed
1365,michaelthoward,1,Token.java,2,8,4,4,0.5,0.5,1.0,Mixed
1366,michaelthoward,1,DisplayControl.java,4,35,3,32,0.085714,0.2,1.1429,Mostly Independent
1226,fdortu,2,CrystalPropertiesDialog.java,2,4,1,3,0.25,0.0,1.0,Mixed
1235,fdortu,1,EnergyBand.java,1,2,1,1,0.5,1.0,0.0,Mixed
1362,michaelthoward,1,Token.java,1,31,1,30,0.032258,0.0,1.0645,Mostly Independent
1403,michaelthoward,1,DisplayControl.java,9,211,33,178,0.156398,0.383886,0.6161,Mixed
1406,michaelthoward,1,Eval.java,2,10,2,8,0.2,0.0,1.0,Mixed
1410,michaelthoward,1,DisplayPanel.java,8,73,12,61,0.164384,0.0,1.137,Mixed
1412,michaelthoward,1,Eval.java,2,5,0,5,0.0,0.0,1.0,Mostly Independent
1271,egonw,1,Gaussian98Reader.java,2,2,2,0,1.0,0.0,1.0,Mostly Dependent
1294,michaelthoward,2,MeasureRenderer.java,3,14,6,8,0.428571,0.571429,0.7143,Mixed
1411,michaelthoward,1,DisplayControl.java,8,24,0,24,0.0,0.0,1.0,Mostly Independent
1418,michaelthoward,1,Eval.java,10,12,10,2,0.833333,1.0,0.0,Mostly Dependent
1419,michaelthoward,1,Eval.java,12,12,10,2,0.833333,1.0,0.0,Mostly Dependent
1420,michaelthoward,1,DisplayControl.java,4,9,0,9,0.0,0.0,1.0,Mostly Independent
1422,michaelthoward,1,DisplayControl.java,23,403,74,329,0.183623,0.248139,0.7519,Mixed
1423,michaelthoward,2,JmolApplet.java,7,7,5,2,0.714286,1.0,0.0,Mostly Dependent
1424,michaelthoward,1,JmolApplet.java,5,7,5,2,0.714286,1.0,0.0,Mostly Dependent
1404,michaelthoward,1,Compiler.java,1,8,2,6,0.25,0.0,1.0,Mixed
1407,michaelthoward,1,Compiler.java,8,24,13,11,0.541667,0.458333,0.5417,Mostly Dependent
1413,michaelthoward,1,Compiler.java,3,3,2,1,0.666667,1.0,0.0,Mostly Dependent
1425,michaelthoward,1,Eval.java,13,55,0,55,0.0,0.0,1.0,Mostly Independent
1426,michaelthoward,1,Eval.java,15,15,15,0,1.0,1.0,0.0,Mostly Dependent
1416,michaelthoward,1,Compiler.java,7,24,13,11,0.541667,0.458333,0.5417,Mostly Dependent
1429,michaelthoward,1,DisplayControl.java,1,2,0,2,0.0,0.0,1.0,Mostly Independent
1408,michaelthoward,1,MouseManager.java,2,27,1,26,0.037037,0.0,1.2222,Mostly Independent
1409,michaelthoward,1,AppletCanvas.java,4,50,6,44,0.12,0.0,1.32,Mixed
1430,michaelthoward,1,TransformManager.java,2,2,1,1,0.5,1.0,0.0,Mixed
1437,michaelthoward,1,TransformManager.java,1,97,2,95,0.020619,0.0,1.0,Mostly Independent
1438,michaelthoward,1,TransformManager.java,3,3,2,1,0.666667,1.0,0.0,Mostly Dependent
1439,michaelthoward,1,TransformManager.java,2,3,2,1,0.666667,1.0,0.0,Mostly Dependent
1444,michaelthoward,1,DisplayControl.java,18,44,24,20,0.545455,0.977273,0.0227,Mostly Dependent
1445,michaelthoward,1,DisplayControl.java,16,42,23,19,0.547619,1.0,0.0,Mostly Dependent
1432,michaelthoward,1,ColorManager.java,5,15,0,15,0.0,0.0,1.0,Mostly Independent
1446,michaelthoward,1,RepaintManager.java,1,2,0,2,0.0,0.0,1.0,Mostly Independent
1448,michaelthoward,1,RepaintManager.java,1,17,0,17,0.0,0.0,1.0,Mostly Independent
1449,michaelthoward,1,RepaintManager.java,1,5,0,5,0.0,0.0,1.0,Mostly Independent
1450,michaelthoward,1,TransformManager.java,1,2,1,1,0.5,1.0,0.0,Mixed
1433,michaelthoward,1,ColorManager.java,6,30,8,22,0.266667,0.6,0.4,Mixed
1417,michaelthoward,1,Compiler.java,4,9,2,7,0.222222,0.888889,0.1111,Mixed
1453,michaelthoward,1,Compiler.java,2,10,4,6,0.4,0.9,0.1,Mixed
1454,michaelthoward,1,Compiler.java,3,10,5,5,0.5,0.9,0.1,Mixed
1434,michaelthoward,1,ColorManager.java,5,30,6,24,0.2,0.666667,0.3333,Mixed
1353,michaelthoward,1,AtomRenderer.java,1,4,1,3,0.25,0.25,0.75,Mixed
1354,michaelthoward,1,AtomRenderer.java,1,4,1,3,0.25,0.25,0.75,Mixed
1457,michaelthoward,1,StyleManager.java,2,5,1,4,0.2,0.2,0.8,Mixed
1458,michaelthoward,1,StyleManager.java,2,6,0,6,0.0,0.0,1.0,Mostly Independent
1459,michaelthoward,1,StyleManager.java,2,8,6,2,0.75,0.5,0.5,Mostly Dependent
1460,michaelthoward,1,StyleManager.java,2,8,6,2,0.75,0.5,0.5,Mostly Dependent
1461,michaelthoward,1,StyleManager.java,2,8,6,2,0.75,0.5,0.5,Mostly Dependent
1435,michaelthoward,1,ColorManager.java,3,20,7,13,0.35,0.7,0.3,Mixed
1436,michaelthoward,1,ColorManager.java,2,18,5,13,0.277778,0.777778,0.2222,Mixed
1463,michaelthoward,1,AtomRenderer.java,2,6,0,6,0.0,0.0,1.1667,Mostly Independent
1467,michaelthoward,1,StyleManager.java,1,4,0,4,0.0,0.5,0.5,Mostly Independent
1466,michaelthoward,1,StyleManager.java,1,4,1,3,0.25,0.5,0.5,Mixed
1173,michaelthoward,1,PreferencesDialog.java,3,7,1,6,0.142857,0.0,1.0,Mixed
1172,michaelthoward,1,PreferencesDialog.java,4,18,15,3,0.833333,1.0,0.0,Mostly Dependent
1468,michaelthoward,1,LabelRenderer.java,1,2,0,2,0.0,0.0,1.0,Mostly Independent
1470,michaelthoward,1,Distributor.java,5,5,1,4,0.2,1.0,0.0,Mixed
1472,michaelthoward,1,Eval.java,8,8,7,1,0.875,1.0,0.0,Mostly Dependent
1473,michaelthoward,1,Eval.java,7,8,7,1,0.875,1.0,0.0,Mostly Dependent
1464,michaelthoward,1,BondRenderer.java,1,4,0,4,0.0,0.0,1.0,Mostly Independent
1474,michaelthoward,1,BondRenderer.java,4,41,2,39,0.04878,0.097561,1.2927,Mostly Independent
1427,michaelthoward,1,Eval.java,11,15,15,0,1.0,1.0,0.0,Mostly Dependent
1481,michaelthoward,1,AtomRenderer.java,1,10,1,9,0.1,0.0,1.0,Mostly Independent
1482,michaelthoward,1,BondRenderer.java,1,10,1,9,0.1,0.0,1.0,Mostly Independent
1483,michaelthoward,1,Eval.java,12,12,9,3,0.75,1.0,0.0,Mostly Dependent
1484,michaelthoward,1,Eval.java,1,3,0,3,0.0,0.0,1.0,Mostly Independent
1442,michaelthoward,1,ModelManager.java,5,5,0,5,0.0,0.0,1.0,Mostly Independent
1443,michaelthoward,1,ModelManager.java,3,22,1,21,0.045455,0.045455,0.9545,Mostly Independent
1485,michaelthoward,1,Eval.java,12,38,35,3,0.921053,1.0,0.0,Mostly Dependent
1486,michaelthoward,1,Eval.java,10,37,34,3,0.918919,1.0,0.0,Mostly Dependent
1487,michaelthoward,1,Eval.java,10,37,33,4,0.891892,1.0,0.0,Mostly Dependent
1491,michaelthoward,1,DisplayControl.java,9,200,39,161,0.195,0.27,0.73,Mixed
1496,michaelthoward,2,ChemFrameRenderer.java,2,2,0,2,0.0,1.0,0.0,Mostly Independent
1497,michaelthoward,1,Eval.java,8,17,5,12,0.294118,0.529412,0.4706,Mixed
1499,michaelthoward,1,Eval.java,10,12,9,3,0.75,1.0,0.0,Mostly Dependent
1500,michaelthoward,1,Eval.java,8,17,5,12,0.294118,0.529412,0.4706,Mixed
1501,michaelthoward,1,Eval.java,6,5,5,0,1.0,1.0,0.0,Mostly Dependent
1502,michaelthoward,1,Eval.java,10,34,32,2,0.941176,1.0,0.0,Mostly Dependent
1504,michaelthoward,1,Eval.java,7,10,6,4,0.6,1.0,0.0,Mostly Dependent
1505,michaelthoward,1,Eval.java,9,10,6,4,0.6,1.0,0.0,Mostly Dependent
1506,michaelthoward,1,ProteinProp.java,5,5,4,1,0.8,1.0,0.0,Mostly Dependent
1507,michaelthoward,1,ProteinProp.java,4,5,4,1,0.8,1.0,0.0,Mostly Dependent
1508,michaelthoward,1,Eval.java,5,19,10,9,0.526316,0.473684,0.5263,Mostly Dependent
1503,michaelthoward,1,Eval.java,2,18,6,12,0.333333,0.5,0.5,Mixed
1512,michaelthoward,1,Eval.java,4,16,10,6,0.625,0.5,0.5,Mostly Dependent
1513,michaelthoward,1,Eval.java,7,8,8,0,1.0,1.0,0.0,Mostly Dependent
1488,michaelthoward,1,DisplayControl.java,9,201,43,158,0.21393,0.263682,0.7363,Mixed
1089,michaelthoward,1,Animate.java,1,32,6,26,0.1875,0.0,1.1562,Mixed
1090,michaelthoward,1,CalculateChemicalShifts.java,1,32,6,26,0.1875,0.0,1.1562,Mixed
1091,michaelthoward,1,Vibrate.java,1,32,6,26,0.1875,0.0,1.1562,Mixed
1263,michaelthoward,1,MakeCrystal.java,1,29,6,23,0.206897,0.0,1.1724,Mixed
1401,michaelthoward,1,TransformDialog.java,1,24,6,18,0.25,0.0,1.2083,Mixed
1477,michaelthoward,1,Eval.java,1,2,0,2,0.0,0.0,1.0,Mostly Independent
1478,michaelthoward,1,Distributor.java,1,2,0,2,0.0,0.0,1.0,Mostly Independent
1479,michaelthoward,1,Distributor.java,1,1,1,0,1.0,1.0,0.0,Mostly Dependent
1480,michaelthoward,1,Distributor.java,1,1,1,0,1.0,1.0,0.0,Mostly Dependent
1515,michaelthoward,1,ModelManager.java,1,8,1,7,0.125,0.125,0.875,Mixed
1469,michaelthoward,1,Distributor.java,1,5,1,4,0.2,1.0,0.0,Mixed
1414,michaelthoward,1,Compiler.java,2,3,2,1,0.666667,1.0,0.0,Mostly Dependent
1517,michaelthoward,1,Compiler.java,2,4,3,1,0.75,1.0,0.0,Mostly Dependent
1518,michaelthoward,1,Compiler.java,2,5,4,1,0.8,0.8,0.2,Mostly Dependent
1519,michaelthoward,1,Eval.java,4,5,5,0,1.0,1.0,0.0,Mostly Dependent
1523,michaelthoward,2,JmolApplet.java,4,10,2,8,0.2,0.6,3.6,Mixed
1524,michaelthoward,2,JmolApplet.java,4,10,2,8,0.2,0.6,3.6,Mixed
1525,michaelthoward,1,DisplayPanel.java,2,75,14,61,0.186667,0.106667,0.8933,Mixed
1529,michaelthoward,1,Jmol.java,1,3,0,3,0.0,0.0,1.0,Mostly Independent
1428,michaelthoward,1,Eval.java,1,31,0,31,0.0,0.0,1.0968,Mostly Independent
1537,michaelthoward,1,ScriptWindow.java,2,3,1,2,0.333333,1.0,0.0,Mixed
1536,michaelthoward,1,ScriptWindow.java,1,2,1,1,0.5,1.0,0.0,Mixed
1541,michaelthoward,1,ScriptWindow.java,2,4,0,4,0.0,0.0,1.0,Mostly Independent
1538,michaelthoward,1,ScriptWindow.java,2,6,5,1,0.833333,1.0,0.0,Mostly Dependent
1539,michaelthoward,1,ScriptWindow.java,1,6,3,3,0.5,1.0,0.0,Mixed
1540,michaelthoward,1,ScriptWindow.java,2,7,5,2,0.714286,1.0,0.0,Mostly Dependent
1542,michaelthoward,1,ScriptWindow.java,3,7,5,2,0.714286,1.0,0.0,Mostly Dependent
1545,michaelthoward,1,Eval.java,3,21,0,21,0.0,0.0,1.7143,Mostly Independent
1547,michaelthoward,1,ScriptWindow.java,1,1,0,1,0.0,1.0,0.0,Mostly Independent
1215,egonw,1,ABINITInputReader.java,1,1,0,1,0.0,0.0,1.0,Mostly Independent
1218,egonw,1,ABINITInputReader.java,1,1,0,1,0.0,1.0,0.0,Mostly Independent
1009,egonw,1,HistoryFile.java,1,17,0,17,0.0,0.058824,0.9412,Mostly Independent
1010,egonw,1,HistoryFile.java,1,64,0,64,0.0,0.0,1.0,Mostly Independent
1549,egonw,1,ChemFrame.java,2,7,1,6,0.142857,0.285714,0.7143,Mixed
1550,egonw,1,AtomTypeTable.java,1,4,0,4,0.0,0.0,1.0,Mostly Independent
1556,michaelthoward,1,AtomTypeList.java,1,1,1,0,1.0,1.0,0.0,Mostly Dependent
1557,michaelthoward,1,AtomTypeList.java,1,1,1,0,1.0,1.0,0.0,Mostly Dependent
1548,michaelthoward,1,Atom.java,1,4,1,3,0.25,0.5,0.5,Mixed
1093,egonw,1,PDBReader.java,2,200,2,198,0.01,0.02,0.98,Mostly Independent
1558,egonw,1,Mopac97Reader.java,1,4,1,3,0.25,0.25,0.75,Mixed
1559,egonw,1,Mopac97Reader.java,1,4,1,3,0.25,0.25,0.75,Mixed
1560,egonw,1,Convertor.java,1,2,0,2,0.0,1.0,0.0,Mostly Independent
1020,egonw,1,Mopac97Reader.java,1,6,4,2,0.666667,0.0,1.0,Mostly Dependent
1021,egonw,1,Mopac7Reader.java,1,6,4,2,0.666667,0.0,1.0,Mostly Dependent
1555,egonw,1,AtomTypeList.java,1,1,0,1,0.0,0.0,1.0,Mostly Independent
1561,egonw,1,Convertor.java,1,2,0,2,0.0,1.0,0.0,Mostly Independent
1562,egonw,1,ChemFrameRenderer.java,1,23,2,21,0.086957,0.0,1.0,Mostly Independent
