model,revision,gcid,actual_label,pred_label,pred_proba,correct,threshold
RandomForest,39,87,1,,,,0.5
RandomForest,39,88,1,,,,0.5
RandomForest,39,110,0,,,,0.5
RandomForest,39,134,1,,,,0.5
RandomForest,39,135,1,,,,0.5
RandomForest,39,136,1,,,,0.5
RandomForest,39,139,1,,,,0.5
RandomForest,65,87,1,,,,0.5
RandomForest,65,88,1,,,,0.5
RandomForest,65,110,0,,,,0.5
RandomForest,65,134,1,,,,0.5
RandomForest,65,135,1,,,,0.5
RandomForest,65,136,1,,,,0.5
RandomForest,65,139,1,,,,0.5
RandomForest,65,151,1,,,,0.5
RandomForest,65,152,1,,,,0.5
RandomForest,65,153,1,,,,0.5
RandomForest,96,87,1,,,,0.5
RandomForest,96,88,1,,,,0.5
RandomForest,96,110,0,,,,0.5
RandomForest,96,134,1,,,,0.5
RandomForest,96,135,1,,,,0.5
RandomForest,96,139,0,,,,0.5
RandomForest,96,149,0,,,,0.5
RandomForest,96,150,1,,,,0.5
RandomForest,96,151,1,,,,0.5
RandomForest,96,152,1,,,,0.5
RandomForest,96,153,1,,,,0.5
RandomForest,136,94,1,,,,0.5
RandomForest,136,95,1,,,,0.5
RandomForest,137,164,1,0.0,0.4048,0.0,0.5
RandomForest,137,167,0,0.0,0.362,1.0,0.5
RandomForest,139,155,0,0.0,0.3454,1.0,0.5
RandomForest,139,157,1,0.0,0.3618,0.0,0.5
RandomForest,139,158,1,0.0,0.3618,0.0,0.5
RandomForest,139,159,0,0.0,0.2215,1.0,0.5
RandomForest,139,160,1,0.0,0.3618,0.0,0.5
RandomForest,139,161,1,0.0,0.3618,0.0,0.5
RandomForest,139,163,0,0.0,0.3562,1.0,0.5
RandomForest,139,168,1,1.0,0.805,1.0,0.5
RandomForest,139,169,1,1.0,0.805,1.0,0.5
RandomForest,163,87,1,0.0,0.2974,0.0,0.361
RandomForest,163,88,1,0.0,0.2974,0.0,0.361
RandomForest,163,110,0,0.0,0.1859,1.0,0.361
RandomForest,163,123,0,0.0,0.2104,1.0,0.361
RandomForest,163,136,0,0.0,0.3546,1.0,0.361
RandomForest,163,149,1,0.0,0.2104,0.0,0.361
RandomForest,163,150,1,1.0,0.3795,1.0,0.361
RandomForest,163,151,1,1.0,0.372,1.0,0.361
RandomForest,163,152,1,1.0,0.372,1.0,0.361
RandomForest,163,153,1,1.0,0.372,1.0,0.361
RandomForest,163,155,1,0.0,0.2041,0.0,0.361
RandomForest,163,159,0,0.0,0.1879,1.0,0.361
RandomForest,163,160,1,1.0,0.3707,1.0,0.361
RandomForest,163,161,1,1.0,0.3707,1.0,0.361
RandomForest,187,86,1,1.0,0.8879,1.0,0.361
RandomForest,187,117,1,1.0,0.8879,1.0,0.361
RandomForest,187,118,1,1.0,0.883,1.0,0.361
RandomForest,187,119,1,1.0,0.883,1.0,0.361
RandomForest,187,120,0,0.0,0.2455,1.0,0.361
RandomForest,187,122,0,0.0,0.2597,1.0,0.361
RandomForest,187,123,0,0.0,0.2405,1.0,0.361
RandomForest,187,181,0,0.0,0.2003,1.0,0.361
RandomForest,190,87,1,1.0,0.5828,1.0,0.361
RandomForest,190,88,1,1.0,0.5828,1.0,0.361
RandomForest,190,134,1,1.0,0.6508,1.0,0.361
RandomForest,190,135,1,1.0,0.6508,1.0,0.361
RandomForest,190,136,1,0.0,0.2228,0.0,0.361
RandomForest,190,139,1,1.0,0.3951,1.0,0.361
RandomForest,190,150,1,1.0,0.6504,1.0,0.361
RandomForest,190,151,1,1.0,0.6565,1.0,0.361
RandomForest,190,152,1,1.0,0.6565,1.0,0.361
RandomForest,190,153,1,1.0,0.6565,1.0,0.361
RandomForest,200,170,0,0.0,0.1316,1.0,0.361
RandomForest,200,179,1,0.0,0.2029,0.0,0.361
RandomForest,201,148,0,0.0,0.1547,1.0,0.361
RandomForest,218,77,1,1.0,0.7164,1.0,0.361
RandomForest,218,79,1,1.0,0.7164,1.0,0.361
RandomForest,218,80,0,0.0,0.1666,1.0,0.361
RandomForest,258,148,0,0.0,0.2043,1.0,0.361
RandomForest,259,147,0,0.0,0.173,1.0,0.361
RandomForest,259,148,0,0.0,0.1966,1.0,0.361
RandomForest,260,72,1,0.0,0.1423,0.0,0.361
RandomForest,267,54,1,1.0,0.7328,1.0,0.361
RandomForest,267,55,1,1.0,0.7317,1.0,0.361
RandomForest,267,71,0,0.0,0.1411,1.0,0.361
RandomForest,267,73,1,1.0,0.7412,1.0,0.361
RandomForest,267,210,0,0.0,0.2343,1.0,0.361
RandomForest,273,30,1,0.0,0.2372,0.0,0.361
RandomForest,273,86,1,1.0,0.7959,1.0,0.361
RandomForest,273,112,1,0.0,0.2123,0.0,0.361
RandomForest,273,116,1,1.0,0.8081,1.0,0.361
RandomForest,273,117,1,1.0,0.7959,1.0,0.361
RandomForest,273,118,1,1.0,0.8524,1.0,0.361
RandomForest,273,119,1,1.0,0.8524,1.0,0.361
RandomForest,273,120,0,0.0,0.1189,1.0,0.361
RandomForest,273,123,1,0.0,0.1212,0.0,0.361
RandomForest,273,124,1,1.0,0.7502,1.0,0.361
RandomForest,273,125,1,1.0,0.7502,1.0,0.361
RandomForest,273,181,0,0.0,0.146,1.0,0.361
RandomForest,273,223,0,0.0,0.1176,1.0,0.361
RandomForest,274,71,0,0.0,0.205,1.0,0.263
RandomForest,282,12,1,1.0,0.2728,1.0,0.263
RandomForest,282,53,1,1.0,0.9088,1.0,0.263
RandomForest,282,54,1,1.0,0.8959,1.0,0.263
RandomForest,282,55,1,1.0,0.8959,1.0,0.263
RandomForest,282,57,1,1.0,0.9028,1.0,0.263
RandomForest,282,71,0,0.0,0.259,1.0,0.263
RandomForest,282,72,1,1.0,0.8288,1.0,0.263
RandomForest,282,73,1,1.0,0.8244,1.0,0.263
RandomForest,282,210,0,0.0,0.2311,1.0,0.263
RandomForest,282,226,1,1.0,0.538,1.0,0.263
RandomForest,282,227,1,1.0,0.6404,1.0,0.263
RandomForest,282,241,1,1.0,0.4858,1.0,0.263
RandomForest,289,199,0,0.0,0.0998,1.0,0.263
RandomForest,331,201,1,1.0,0.9187,1.0,0.263
RandomForest,331,208,1,1.0,0.9187,1.0,0.263
RandomForest,331,209,0,1.0,0.846,0.0,0.263
RandomForest,333,86,1,1.0,0.8954,1.0,0.263
RandomForest,333,117,1,1.0,0.8954,1.0,0.263
RandomForest,333,118,1,1.0,0.9192,1.0,0.263
RandomForest,333,119,1,1.0,0.9192,1.0,0.263
RandomForest,333,120,0,0.0,0.1885,1.0,0.263
RandomForest,333,123,1,1.0,0.8694,1.0,0.263
RandomForest,333,124,1,1.0,0.8703,1.0,0.263
RandomForest,333,125,1,1.0,0.8703,1.0,0.263
RandomForest,333,181,0,1.0,0.2664,0.0,0.263
RandomForest,333,223,0,0.0,0.1073,1.0,0.263
RandomForest,333,245,1,1.0,0.6167,1.0,0.263
RandomForest,338,223,0,0.0,0.1482,1.0,0.28
RandomForest,345,159,0,0.0,0.1651,1.0,0.28
RandomForest,345,254,1,1.0,0.689,1.0,0.28
RandomForest,345,255,1,1.0,0.689,1.0,0.28
RandomForest,346,86,1,1.0,0.876,1.0,0.28
RandomForest,346,117,1,1.0,0.876,1.0,0.28
RandomForest,346,119,0,1.0,0.922,0.0,0.28
RandomForest,346,120,0,0.0,0.1715,1.0,0.28
RandomForest,346,123,1,1.0,0.9038,1.0,0.28
RandomForest,346,124,1,1.0,0.9012,1.0,0.28
RandomForest,346,125,1,1.0,0.9012,1.0,0.28
RandomForest,346,181,0,0.0,0.2589,1.0,0.28
RandomForest,346,223,0,0.0,0.1245,1.0,0.28
RandomForest,346,245,1,1.0,0.802,1.0,0.28
RandomForest,346,254,1,1.0,0.9544,1.0,0.28
RandomForest,346,255,1,1.0,0.9544,1.0,0.28
RandomForest,374,123,1,1.0,0.8335,1.0,0.28
RandomForest,374,157,0,1.0,0.8431,0.0,0.28
RandomForest,374,159,0,0.0,0.1913,1.0,0.28
RandomForest,374,160,1,1.0,0.793,1.0,0.28
RandomForest,374,161,1,1.0,0.793,1.0,0.28
RandomForest,374,245,1,1.0,0.8194,1.0,0.28
RandomForest,377,80,0,0.0,0.2161,1.0,0.263
RandomForest,380,201,1,1.0,0.8221,1.0,0.263
RandomForest,380,208,1,1.0,0.8221,1.0,0.263
RandomForest,380,209,0,1.0,0.5064,0.0,0.263
RandomForest,381,129,0,0.0,0.2465,1.0,0.28
RandomForest,386,123,1,1.0,0.8144,1.0,0.28
RandomForest,386,245,1,1.0,0.8451,1.0,0.28
RandomForest,390,216,0,1.0,0.3575,0.0,0.28
RandomForest,390,222,0,0.0,0.243,1.0,0.28
RandomForest,391,216,0,0.0,0.2188,1.0,0.361
RandomForest,391,222,0,0.0,0.1448,1.0,0.361
RandomForest,400,19,0,0.0,0.3317,1.0,0.361
RandomForest,400,129,0,0.0,0.2052,1.0,0.361
RandomForest,402,129,0,0.0,0.1195,1.0,0.508
RandomForest,417,146,1,0.0,0.083,0.0,0.508
RandomForest,417,247,1,1.0,0.7175,1.0,0.508
RandomForest,417,248,1,1.0,0.7175,1.0,0.508
RandomForest,420,246,1,1.0,0.9387,1.0,0.508
RandomForest,420,247,1,1.0,0.9221,1.0,0.508
RandomForest,420,248,1,1.0,0.9221,1.0,0.508
RandomForest,423,264,0,1.0,0.7833,0.0,0.508
RandomForest,424,246,1,1.0,0.8768,1.0,0.508
RandomForest,424,247,1,1.0,0.8745,1.0,0.508
RandomForest,424,248,1,1.0,0.8745,1.0,0.508
RandomForest,425,246,0,1.0,0.9304,0.0,0.508
RandomForest,443,7,1,0.0,0.2661,0.0,0.508
RandomForest,443,13,1,0.0,0.2734,0.0,0.508
RandomForest,443,16,1,0.0,0.2393,0.0,0.508
RandomForest,443,19,1,0.0,0.2158,0.0,0.508
RandomForest,443,26,1,0.0,0.2492,0.0,0.508
RandomForest,443,27,1,0.0,0.2741,0.0,0.508
RandomForest,443,30,1,1.0,0.7244,1.0,0.508
RandomForest,443,31,1,1.0,0.776,1.0,0.508
RandomForest,443,32,1,1.0,0.776,1.0,0.508
RandomForest,443,38,0,0.0,0.1595,1.0,0.508
RandomForest,443,45,1,1.0,0.8298,1.0,0.508
RandomForest,443,46,1,1.0,0.8298,1.0,0.508
RandomForest,443,62,1,0.0,0.146,0.0,0.508
RandomForest,443,75,1,0.0,0.169,0.0,0.508
RandomForest,443,76,1,0.0,0.2188,0.0,0.508
RandomForest,443,77,1,1.0,0.9435,1.0,0.508
RandomForest,443,79,1,1.0,0.9435,1.0,0.508
RandomForest,443,80,1,0.0,0.0925,0.0,0.508
RandomForest,443,81,1,0.0,0.0902,0.0,0.508
RandomForest,443,86,1,1.0,0.8677,1.0,0.508
RandomForest,443,87,1,1.0,0.9166,1.0,0.508
RandomForest,443,88,1,1.0,0.9166,1.0,0.508
RandomForest,443,94,1,1.0,0.8332,1.0,0.508
RandomForest,443,95,1,1.0,0.8332,1.0,0.508
RandomForest,443,107,1,1.0,0.8702,1.0,0.508
RandomForest,443,108,1,1.0,0.8702,1.0,0.508
RandomForest,443,110,1,0.0,0.1012,0.0,0.508
RandomForest,443,112,1,1.0,0.9188,1.0,0.508
RandomForest,443,113,1,1.0,0.8854,1.0,0.508
RandomForest,443,114,1,1.0,0.8854,1.0,0.508
RandomForest,443,115,1,1.0,0.8854,1.0,0.508
RandomForest,443,116,1,1.0,0.9298,1.0,0.508
RandomForest,443,117,1,1.0,0.8677,1.0,0.508
RandomForest,443,118,1,1.0,0.7799,1.0,0.508
RandomForest,443,119,1,1.0,0.6764,1.0,0.508
RandomForest,443,120,0,0.0,0.0694,1.0,0.508
RandomForest,443,123,1,1.0,0.8694,1.0,0.508
RandomForest,443,124,1,1.0,0.8295,1.0,0.508
RandomForest,443,125,1,1.0,0.8295,1.0,0.508
RandomForest,443,129,1,0.0,0.0934,0.0,0.508
RandomForest,443,134,1,1.0,0.9269,1.0,0.508
RandomForest,443,135,1,1.0,0.9269,1.0,0.508
RandomForest,443,136,1,1.0,0.9152,1.0,0.508
RandomForest,443,139,1,1.0,0.9152,1.0,0.508
RandomForest,443,146,1,1.0,0.8225,1.0,0.508
RandomForest,443,147,0,0.0,0.1097,1.0,0.508
RandomForest,443,148,0,0.0,0.1237,1.0,0.508
RandomForest,443,149,1,1.0,0.7772,1.0,0.508
RandomForest,443,150,1,1.0,0.895,1.0,0.508
RandomForest,443,151,1,1.0,0.9188,1.0,0.508
RandomForest,443,152,1,1.0,0.8892,1.0,0.508
RandomForest,443,153,1,1.0,0.8892,1.0,0.508
RandomForest,443,155,1,1.0,0.8036,1.0,0.508
RandomForest,443,156,1,1.0,0.634,1.0,0.508
RandomForest,443,157,1,0.0,0.0897,0.0,0.508
RandomForest,443,158,1,1.0,0.7043,1.0,0.508
RandomForest,443,159,1,0.0,0.0911,0.0,0.508
RandomForest,443,160,1,1.0,0.8095,1.0,0.508
RandomForest,443,161,1,1.0,0.8095,1.0,0.508
RandomForest,443,162,1,1.0,0.5926,1.0,0.508
RandomForest,443,163,1,1.0,0.5812,1.0,0.508
RandomForest,443,174,1,0.0,0.2265,0.0,0.508
RandomForest,443,179,1,1.0,0.7002,1.0,0.508
RandomForest,443,180,1,0.0,0.1013,0.0,0.508
RandomForest,443,181,1,0.0,0.1326,0.0,0.508
RandomForest,443,182,1,1.0,0.7044,1.0,0.508
RandomForest,443,183,1,1.0,0.7044,1.0,0.508
RandomForest,443,187,1,1.0,0.7178,1.0,0.508
RandomForest,443,188,1,0.0,0.1673,0.0,0.508
RandomForest,443,191,1,1.0,0.6879,1.0,0.508
RandomForest,443,193,1,0.0,0.1013,0.0,0.508
RandomForest,443,195,1,0.0,0.212,0.0,0.508
RandomForest,443,197,1,0.0,0.2052,0.0,0.508
RandomForest,443,200,1,1.0,0.6894,1.0,0.508
RandomForest,443,201,1,1.0,0.8705,1.0,0.508
RandomForest,443,205,0,0.0,0.1617,1.0,0.508
RandomForest,443,206,1,0.0,0.1342,0.0,0.508
RandomForest,443,208,1,1.0,0.8705,1.0,0.508
RandomForest,443,209,1,0.0,0.15,0.0,0.508
RandomForest,443,213,1,0.0,0.212,0.0,0.508
RandomForest,443,216,1,0.0,0.1925,0.0,0.508
RandomForest,443,222,1,0.0,0.0959,0.0,0.508
RandomForest,443,224,0,0.0,0.146,1.0,0.508
RandomForest,443,235,1,1.0,0.7653,1.0,0.508
RandomForest,443,237,1,1.0,0.7653,1.0,0.508
RandomForest,443,239,1,1.0,0.7727,1.0,0.508
RandomForest,443,242,1,1.0,0.5956,1.0,0.508
RandomForest,443,243,1,0.0,0.0912,0.0,0.508
RandomForest,443,244,1,0.0,0.1013,0.0,0.508
RandomForest,443,245,1,1.0,0.9312,1.0,0.508
RandomForest,443,246,1,1.0,0.8885,1.0,0.508
RandomForest,443,247,1,1.0,0.8731,1.0,0.508
RandomForest,443,248,1,1.0,0.8731,1.0,0.508
RandomForest,443,254,1,1.0,0.7758,1.0,0.508
RandomForest,443,255,1,1.0,0.7758,1.0,0.508
RandomForest,443,257,1,0.0,0.1058,0.0,0.508
RandomForest,443,258,1,0.0,0.1694,0.0,0.508
RandomForest,443,259,1,0.0,0.1013,0.0,0.508
RandomForest,443,262,0,0.0,0.1418,1.0,0.508
RandomForest,443,264,1,1.0,0.5917,1.0,0.508
RandomForest,443,267,1,0.0,0.1064,0.0,0.508
RandomForest,443,269,1,0.0,0.1503,0.0,0.508
RandomForest,443,271,1,0.0,0.1444,0.0,0.508
RandomForest,455,219,0,1.0,0.8063,0.0,0.165
RandomForest,461,196,0,1.0,0.9268,0.0,0.165
RandomForest,461,197,0,1.0,0.9449,0.0,0.165
RandomForest,461,198,0,1.0,0.9168,0.0,0.165
RandomForest,461,205,0,0.0,0.0945,1.0,0.165
RandomForest,461,206,0,1.0,0.9072,0.0,0.165
RandomForest,467,333,0,1.0,0.9413,0.0,0.165
RandomForest,467,348,0,1.0,0.3383,0.0,0.165
RandomForest,468,196,1,1.0,0.5405,1.0,0.1
RandomForest,468,197,0,1.0,0.6572,0.0,0.1
RandomForest,468,198,1,1.0,0.5498,1.0,0.1
RandomForest,468,205,1,1.0,0.2477,1.0,0.1
RandomForest,468,206,0,1.0,0.5771,0.0,0.1
RandomForest,468,274,1,1.0,0.1452,1.0,0.1
RandomForest,468,288,1,1.0,0.5333,1.0,0.1
RandomForest,468,290,1,1.0,0.5195,1.0,0.1
RandomForest,468,292,1,1.0,0.5423,1.0,0.1
RandomForest,468,294,1,1.0,0.8141,1.0,0.1
RandomForest,468,296,0,1.0,0.2823,0.0,0.1
RandomForest,468,298,0,1.0,0.2823,0.0,0.1
RandomForest,468,304,1,1.0,0.8242,1.0,0.1
RandomForest,468,332,1,1.0,0.8477,1.0,0.1
RandomForest,468,333,1,1.0,0.3967,1.0,0.1
RandomForest,468,342,1,1.0,0.8544,1.0,0.1
RandomForest,468,348,0,1.0,0.1699,0.0,0.1
RandomForest,469,219,0,1.0,0.48,0.0,0.345
RandomForest,470,282,0,1.0,0.6683,0.0,0.492
RandomForest,470,286,0,1.0,0.7473,0.0,0.492
RandomForest,470,291,0,1.0,0.7313,0.0,0.492
RandomForest,470,293,1,1.0,0.7636,1.0,0.492
RandomForest,470,295,0,0.0,0.1742,1.0,0.492
RandomForest,470,297,0,1.0,0.7382,0.0,0.492
RandomForest,470,301,1,1.0,0.673,1.0,0.492
RandomForest,470,302,1,1.0,0.673,1.0,0.492
RandomForest,470,306,1,1.0,0.7555,1.0,0.492
RandomForest,470,307,1,1.0,0.7619,1.0,0.492
RandomForest,470,309,1,1.0,0.7555,1.0,0.492
RandomForest,470,312,1,1.0,0.7555,1.0,0.492
RandomForest,470,316,0,1.0,0.6683,0.0,0.492
RandomForest,470,318,1,1.0,0.7555,1.0,0.492
RandomForest,470,326,0,1.0,0.672,0.0,0.492
RandomForest,470,332,1,1.0,0.8609,1.0,0.492
RandomForest,470,333,1,1.0,0.8682,1.0,0.492
RandomForest,470,336,0,0.0,0.3763,1.0,0.492
RandomForest,470,338,1,1.0,0.8492,1.0,0.492
RandomForest,470,339,1,1.0,0.6342,1.0,0.492
RandomForest,470,342,1,1.0,0.8609,1.0,0.492
RandomForest,470,357,1,1.0,0.8411,1.0,0.492
RandomForest,474,147,0,0.0,0.1675,1.0,0.753
RandomForest,474,148,0,0.0,0.1886,1.0,0.753
RandomForest,474,224,0,0.0,0.129,1.0,0.753
RandomForest,475,196,1,1.0,0.5071,1.0,0.378
RandomForest,475,197,0,1.0,0.6136,0.0,0.378
RandomForest,475,198,1,1.0,0.4394,1.0,0.378
RandomForest,475,205,1,1.0,0.5852,1.0,0.378
RandomForest,475,206,0,1.0,0.4075,0.0,0.378
RandomForest,475,274,1,1.0,0.6988,1.0,0.378
RandomForest,475,280,1,1.0,0.8066,1.0,0.378
RandomForest,475,281,1,1.0,0.5303,1.0,0.378
RandomForest,475,282,1,1.0,0.5054,1.0,0.378
RandomForest,475,283,1,1.0,0.4979,1.0,0.378
RandomForest,475,284,1,1.0,0.5377,1.0,0.378
RandomForest,475,285,1,1.0,0.8381,1.0,0.378
RandomForest,475,286,1,1.0,0.4402,1.0,0.378
RandomForest,475,288,1,1.0,0.5321,1.0,0.378
RandomForest,475,289,1,0.0,0.3415,0.0,0.378
RandomForest,475,290,1,1.0,0.3788,1.0,0.378
RandomForest,475,291,1,1.0,0.5693,1.0,0.378
RandomForest,475,292,1,1.0,0.5531,1.0,0.378
RandomForest,475,293,1,1.0,0.8883,1.0,0.378
RandomForest,475,294,1,1.0,0.8103,1.0,0.378
RandomForest,475,295,0,0.0,0.1269,1.0,0.378
RandomForest,475,296,0,0.0,0.1321,1.0,0.378
RandomForest,475,297,1,1.0,0.3994,1.0,0.378
RandomForest,475,298,0,0.0,0.1321,1.0,0.378
RandomForest,475,300,1,1.0,0.5527,1.0,0.378
RandomForest,475,301,1,1.0,0.8346,1.0,0.378
RandomForest,475,302,1,1.0,0.8365,1.0,0.378
RandomForest,475,304,1,1.0,0.8123,1.0,0.378
RandomForest,475,306,1,1.0,0.8892,1.0,0.378
RandomForest,475,307,1,1.0,0.8721,1.0,0.378
RandomForest,475,309,1,1.0,0.8812,1.0,0.378
RandomForest,475,310,1,1.0,0.8233,1.0,0.378
RandomForest,475,311,1,1.0,0.8504,1.0,0.378
RandomForest,475,312,1,1.0,0.8869,1.0,0.378
RandomForest,475,313,1,1.0,0.8193,1.0,0.378
RandomForest,475,314,1,1.0,0.8233,1.0,0.378
RandomForest,475,315,1,1.0,0.5377,1.0,0.378
RandomForest,475,316,1,1.0,0.5242,1.0,0.378
RandomForest,475,318,1,1.0,0.8849,1.0,0.378
RandomForest,475,319,1,1.0,0.8233,1.0,0.378
RandomForest,475,320,1,1.0,0.8214,1.0,0.378
RandomForest,475,321,1,1.0,0.8233,1.0,0.378
RandomForest,475,322,1,1.0,0.8214,1.0,0.378
RandomForest,475,323,1,1.0,0.8214,1.0,0.378
RandomForest,475,324,1,1.0,0.8214,1.0,0.378
RandomForest,475,326,1,1.0,0.5991,1.0,0.378
RandomForest,475,327,1,1.0,0.8214,1.0,0.378
RandomForest,475,328,1,1.0,0.8233,1.0,0.378
RandomForest,475,329,1,1.0,0.8214,1.0,0.378
RandomForest,475,330,1,1.0,0.9014,1.0,0.378
RandomForest,475,331,0,0.0,0.1273,1.0,0.378
RandomForest,475,332,1,1.0,0.8743,1.0,0.378
RandomForest,475,333,1,1.0,0.863,1.0,0.378
RandomForest,475,334,1,1.0,0.8495,1.0,0.378
RandomForest,475,335,1,1.0,0.8495,1.0,0.378
RandomForest,475,336,0,0.0,0.1365,1.0,0.378
RandomForest,475,337,1,1.0,0.8233,1.0,0.378
RandomForest,475,338,1,1.0,0.9074,1.0,0.378
RandomForest,475,339,1,1.0,0.8198,1.0,0.378
RandomForest,475,341,0,0.0,0.149,1.0,0.378
RandomForest,475,343,1,1.0,0.8495,1.0,0.378
RandomForest,475,344,1,1.0,0.8495,1.0,0.378
RandomForest,475,345,1,1.0,0.8495,1.0,0.378
RandomForest,475,346,1,1.0,0.8495,1.0,0.378
RandomForest,475,347,0,0.0,0.1204,1.0,0.378
RandomForest,475,348,0,0.0,0.3124,1.0,0.378
RandomForest,475,350,1,1.0,0.8495,1.0,0.378
RandomForest,475,351,1,1.0,0.5261,1.0,0.378
RandomForest,475,352,1,1.0,0.5261,1.0,0.378
RandomForest,475,353,1,1.0,0.5377,1.0,0.378
RandomForest,475,354,1,1.0,0.5377,1.0,0.378
RandomForest,475,355,1,1.0,0.7794,1.0,0.378
RandomForest,475,356,1,1.0,0.8156,1.0,0.378
RandomForest,475,357,1,1.0,0.8989,1.0,0.378
RandomForest,475,358,1,1.0,0.8212,1.0,0.378
RandomForest,475,359,1,1.0,0.8594,1.0,0.378
RandomForest,475,360,0,0.0,0.3383,1.0,0.378
RandomForest,476,198,1,1.0,0.8938,1.0,0.345
RandomForest,476,280,1,1.0,0.9745,1.0,0.345
RandomForest,476,282,0,1.0,0.8957,0.0,0.345
RandomForest,476,283,1,1.0,0.9147,1.0,0.345
RandomForest,476,284,0,1.0,0.9461,0.0,0.345
RandomForest,476,286,0,1.0,0.9256,0.0,0.345
RandomForest,476,291,1,1.0,0.9493,1.0,0.345
RandomForest,476,293,1,1.0,0.9547,1.0,0.345
RandomForest,476,295,0,0.0,0.0766,1.0,0.345
RandomForest,476,297,0,1.0,0.8788,0.0,0.345
RandomForest,476,307,1,1.0,0.9576,1.0,0.345
RandomForest,476,309,1,1.0,0.9548,1.0,0.345
RandomForest,476,318,1,1.0,0.9601,1.0,0.345
RandomForest,476,326,0,1.0,0.9512,0.0,0.345
RandomForest,476,332,1,1.0,0.9575,1.0,0.345
RandomForest,476,333,1,1.0,0.9544,1.0,0.345
RandomForest,476,336,0,0.0,0.0853,1.0,0.345
RandomForest,476,338,1,1.0,0.9601,1.0,0.345
RandomForest,476,339,0,1.0,0.9318,0.0,0.345
RandomForest,476,341,0,0.0,0.0723,1.0,0.345
RandomForest,476,342,1,1.0,0.9648,1.0,0.345
RandomForest,476,357,1,1.0,0.9655,1.0,0.345
RandomForest,476,360,0,0.0,0.0912,1.0,0.345
RandomForest,477,284,1,1.0,0.5421,1.0,0.345
RandomForest,477,285,1,1.0,0.9325,1.0,0.345
RandomForest,477,297,0,1.0,0.4651,0.0,0.345
RandomForest,477,299,1,1.0,0.6193,1.0,0.345
RandomForest,477,300,1,1.0,0.6132,1.0,0.345
RandomForest,477,306,1,1.0,0.8584,1.0,0.345
RandomForest,477,307,1,1.0,0.9329,1.0,0.345
RandomForest,477,309,1,1.0,0.9419,1.0,0.345
RandomForest,477,310,1,1.0,0.9446,1.0,0.345
RandomForest,477,312,1,1.0,0.8342,1.0,0.345
RandomForest,477,313,1,1.0,0.945,1.0,0.345
RandomForest,477,315,1,1.0,0.5948,1.0,0.345
RandomForest,477,316,0,1.0,0.4115,0.0,0.345
RandomForest,477,328,1,1.0,0.9446,1.0,0.345
RandomForest,477,330,1,1.0,0.9491,1.0,0.345
RandomForest,477,333,1,1.0,0.9503,1.0,0.345
RandomForest,477,336,0,0.0,0.0631,1.0,0.345
RandomForest,477,338,1,1.0,0.9448,1.0,0.345
RandomForest,477,339,0,1.0,0.6054,0.0,0.345
RandomForest,477,341,0,0.0,0.0741,1.0,0.345
RandomForest,477,342,1,1.0,0.8927,1.0,0.345
RandomForest,477,344,1,1.0,0.9539,1.0,0.345
RandomForest,477,355,0,1.0,0.7012,0.0,0.345
RandomForest,477,357,1,1.0,0.9377,1.0,0.345
RandomForest,477,360,0,0.0,0.0817,1.0,0.345
RandomForest,477,361,0,1.0,0.9373,0.0,0.345
RandomForest,479,192,1,1.0,0.6462,1.0,0.476
RandomForest,479,193,1,1.0,0.6828,1.0,0.476
RandomForest,483,193,0,1.0,0.6884,0.0,0.476
RandomForest,489,19,0,1.0,0.8435,0.0,0.476
RandomForest,489,262,0,0.0,0.1172,1.0,0.476
RandomForest,492,262,0,0.0,0.1225,1.0,0.476
RandomForest,493,129,0,1.0,0.5875,0.0,0.476
RandomForest,523,260,0,1.0,0.7952,0.0,0.476
RandomForest,523,268,0,0.0,0.3885,1.0,0.476
RandomForest,523,272,0,0.0,0.3925,1.0,0.476
RandomForest,525,79,0,1.0,0.7807,0.0,0.476
RandomForest,526,180,1,1.0,0.5945,1.0,0.476
RandomForest,526,194,0,1.0,0.5322,0.0,0.476
RandomForest,529,14,0,0.0,0.1698,1.0,0.541
RandomForest,529,39,0,0.0,0.1648,1.0,0.541
RandomForest,529,180,1,1.0,0.7832,1.0,0.541
RandomForest,529,194,0,0.0,0.4042,1.0,0.541
RandomForest,529,368,1,1.0,0.8548,1.0,0.541
RandomForest,536,159,0,1.0,0.6993,0.0,0.541
RandomForest,536,167,0,0.0,0.2539,1.0,0.541
RandomForest,536,170,0,0.0,0.3311,1.0,0.541
RandomForest,536,297,0,0.0,0.3969,1.0,0.541
RandomForest,544,81,0,1.0,0.6044,0.0,0.541
RandomForest,557,366,0,1.0,0.7186,0.0,0.541
RandomForest,568,184,0,0.0,0.4724,1.0,0.541
RandomForest,568,268,0,0.0,0.2831,1.0,0.541
RandomForest,571,16,0,0.0,0.4634,1.0,0.59
RandomForest,574,196,0,0.0,0.4983,1.0,0.59
RandomForest,574,198,0,1.0,0.7446,0.0,0.59
RandomForest,574,205,0,0.0,0.5206,1.0,0.59
RandomForest,574,206,0,0.0,0.3188,1.0,0.59
RandomForest,574,274,0,1.0,0.736,0.0,0.59
RandomForest,574,288,0,0.0,0.4108,1.0,0.59
RandomForest,574,292,0,0.0,0.3234,1.0,0.59
RandomForest,574,294,1,1.0,0.8778,1.0,0.59
RandomForest,574,296,0,0.0,0.0637,1.0,0.59
RandomForest,574,304,1,1.0,0.86,1.0,0.59
RandomForest,574,311,1,1.0,0.9129,1.0,0.59
RandomForest,574,313,1,1.0,0.869,1.0,0.59
RandomForest,574,334,1,1.0,0.9129,1.0,0.59
RandomForest,574,335,1,1.0,0.9129,1.0,0.59
RandomForest,574,343,1,1.0,0.9129,1.0,0.59
RandomForest,574,344,1,1.0,0.9203,1.0,0.59
RandomForest,574,345,1,1.0,0.9129,1.0,0.59
RandomForest,574,346,1,1.0,0.9129,1.0,0.59
RandomForest,574,347,0,0.0,0.0508,1.0,0.59
RandomForest,574,350,1,1.0,0.9129,1.0,0.59
RandomForest,574,356,1,1.0,0.8792,1.0,0.59
RandomForest,574,359,1,1.0,0.9241,1.0,0.59
RandomForest,576,123,1,0.0,0.7452,0.0,0.851
RandomForest,576,245,1,1.0,0.8911,1.0,0.851
RandomForest,579,275,0,0.0,0.5466,1.0,0.851
RandomForest,586,280,1,0.0,0.5349,0.0,0.851
RandomForest,586,281,0,0.0,0.6506,1.0,0.851
RandomForest,586,282,0,0.0,0.3764,1.0,0.851
RandomForest,586,283,0,0.0,0.6529,1.0,0.851
RandomForest,586,291,1,0.0,0.5386,0.0,0.851
RandomForest,586,293,1,1.0,0.903,1.0,0.851
RandomForest,586,295,0,0.0,0.0559,1.0,0.851
RandomForest,586,297,0,0.0,0.3039,1.0,0.851
RandomForest,586,299,0,0.0,0.6384,1.0,0.851
RandomForest,586,301,1,0.0,0.6722,0.0,0.851
RandomForest,586,302,1,0.0,0.6722,0.0,0.851
RandomForest,586,307,1,0.0,0.7724,0.0,0.851
RandomForest,586,309,1,0.0,0.7713,0.0,0.851
RandomForest,586,312,1,1.0,0.9035,1.0,0.851
RandomForest,586,315,1,0.0,0.6233,0.0,0.851
RandomForest,586,318,1,1.0,0.8963,1.0,0.851
RandomForest,586,326,1,0.0,0.3746,0.0,0.851
RandomForest,586,330,1,1.0,0.8991,1.0,0.851
RandomForest,586,332,1,1.0,0.9447,1.0,0.851
RandomForest,586,333,1,1.0,0.9396,1.0,0.851
RandomForest,586,336,0,0.0,0.1821,1.0,0.851
RandomForest,586,338,1,1.0,0.9426,1.0,0.851
RandomForest,586,355,1,0.0,0.3634,0.0,0.851
RandomForest,586,360,0,0.0,0.2088,1.0,0.851
RandomForest,598,19,0,0.0,0.455,1.0,0.753
RandomForest,630,206,0,0.0,0.2972,1.0,0.753
RandomForest,630,300,0,0.0,0.5276,1.0,0.753
RandomForest,630,304,1,1.0,0.7736,1.0,0.753
RandomForest,630,311,1,1.0,0.9261,1.0,0.753
RandomForest,630,314,1,1.0,0.9039,1.0,0.753
RandomForest,630,320,1,1.0,0.9039,1.0,0.753
RandomForest,630,321,1,1.0,0.9039,1.0,0.753
RandomForest,630,322,1,1.0,0.9039,1.0,0.753
RandomForest,630,323,1,1.0,0.9039,1.0,0.753
RandomForest,630,324,1,1.0,0.9039,1.0,0.753
RandomForest,630,327,1,1.0,0.9039,1.0,0.753
RandomForest,630,329,1,1.0,0.9039,1.0,0.753
RandomForest,630,334,1,1.0,0.9261,1.0,0.753
RandomForest,630,335,1,1.0,0.9261,1.0,0.753
RandomForest,630,343,1,1.0,0.9261,1.0,0.753
RandomForest,630,344,1,1.0,0.9362,1.0,0.753
RandomForest,630,345,1,1.0,0.9261,1.0,0.753
RandomForest,630,346,1,1.0,0.9261,1.0,0.753
RandomForest,630,347,0,0.0,0.1076,1.0,0.753
RandomForest,630,350,1,1.0,0.9261,1.0,0.753
RandomForest,630,351,1,0.0,0.6446,0.0,0.753
RandomForest,630,352,1,0.0,0.6446,0.0,0.753
RandomForest,630,353,1,0.0,0.6434,0.0,0.753
RandomForest,630,354,1,0.0,0.6434,0.0,0.753
RandomForest,630,356,1,0.0,0.7453,0.0,0.753
RandomForest,634,280,1,1.0,0.8524,1.0,0.655
RandomForest,634,286,0,0.0,0.291,1.0,0.655
RandomForest,634,291,1,1.0,0.8499,1.0,0.655
RandomForest,634,295,0,0.0,0.089,1.0,0.655
RandomForest,634,299,0,0.0,0.2054,1.0,0.655
RandomForest,635,281,0,0.0,0.2419,1.0,0.639
RandomForest,635,309,1,1.0,0.9285,1.0,0.639
RandomForest,635,318,1,1.0,0.9453,1.0,0.639
RandomForest,635,336,1,0.0,0.2039,0.0,0.639
RandomForest,635,342,0,1.0,0.7429,0.0,0.639
RandomForest,635,348,0,0.0,0.1246,1.0,0.639
RandomForest,635,360,0,0.0,0.1865,1.0,0.639
RandomForest,635,361,0,0.0,0.2427,1.0,0.639
RandomForest,636,281,0,0.0,0.1434,1.0,0.541
RandomForest,636,307,1,1.0,0.7912,1.0,0.541
RandomForest,636,309,1,1.0,0.6715,1.0,0.541
RandomForest,636,318,1,1.0,0.6797,1.0,0.541
RandomForest,636,332,1,1.0,0.6363,1.0,0.541
RandomForest,636,333,1,1.0,0.6547,1.0,0.541
RandomForest,636,336,1,1.0,0.8171,1.0,0.541
RandomForest,636,338,1,1.0,0.6452,1.0,0.541
RandomForest,636,340,1,1.0,0.5775,1.0,0.541
RandomForest,636,342,1,0.0,0.366,0.0,0.541
RandomForest,636,360,0,0.0,0.0755,1.0,0.541
RandomForest,636,361,0,0.0,0.1073,1.0,0.541
RandomForest,636,372,1,1.0,0.7554,1.0,0.541
RandomForest,636,373,1,1.0,0.7554,1.0,0.541
RandomForest,636,399,1,1.0,0.7953,1.0,0.541
RandomForest,637,304,1,1.0,0.6964,1.0,0.296
RandomForest,637,311,1,1.0,0.7146,1.0,0.296
RandomForest,637,313,1,1.0,0.7175,1.0,0.296
RandomForest,637,334,1,1.0,0.7088,1.0,0.296
RandomForest,637,335,1,1.0,0.7088,1.0,0.296
RandomForest,637,343,1,1.0,0.7082,1.0,0.296
RandomForest,637,344,1,1.0,0.7457,1.0,0.296
RandomForest,637,345,1,1.0,0.7088,1.0,0.296
RandomForest,637,346,1,1.0,0.7082,1.0,0.296
RandomForest,637,347,0,0.0,0.1284,1.0,0.296
RandomForest,637,350,1,1.0,0.7084,1.0,0.296
RandomForest,637,356,1,1.0,0.6839,1.0,0.296
RandomForest,637,359,1,1.0,0.7106,1.0,0.296
RandomForest,637,397,1,1.0,0.7003,1.0,0.296
RandomForest,644,196,0,0.0,0.2831,1.0,0.296
RandomForest,644,198,0,1.0,0.3315,0.0,0.296
RandomForest,644,205,0,0.0,0.2704,1.0,0.296
RandomForest,644,206,0,0.0,0.2787,1.0,0.296
RandomForest,644,288,0,0.0,0.1745,1.0,0.296
RandomForest,644,290,0,1.0,0.4451,0.0,0.296
RandomForest,644,292,0,0.0,0.2089,1.0,0.296
RandomForest,644,296,0,0.0,0.0877,1.0,0.296
RandomForest,644,304,1,1.0,0.9652,1.0,0.296
RandomForest,644,310,1,1.0,0.9008,1.0,0.296
RandomForest,644,311,1,1.0,0.9924,1.0,0.296
RandomForest,644,313,1,1.0,0.7818,1.0,0.296
RandomForest,644,319,1,1.0,0.9033,1.0,0.296
RandomForest,644,320,1,1.0,0.9208,1.0,0.296
RandomForest,644,321,1,1.0,0.9208,1.0,0.296
RandomForest,644,322,1,1.0,0.9208,1.0,0.296
RandomForest,644,323,1,1.0,0.9208,1.0,0.296
RandomForest,644,324,1,1.0,0.9208,1.0,0.296
RandomForest,644,327,1,1.0,0.9208,1.0,0.296
RandomForest,644,328,1,1.0,0.9007,1.0,0.296
RandomForest,644,329,1,1.0,0.9208,1.0,0.296
RandomForest,644,334,1,1.0,0.9906,1.0,0.296
RandomForest,644,335,1,1.0,0.9906,1.0,0.296
RandomForest,644,337,1,1.0,0.9033,1.0,0.296
RandomForest,644,343,1,1.0,0.9902,1.0,0.296
RandomForest,644,344,1,1.0,0.9944,1.0,0.296
RandomForest,644,345,1,1.0,0.9886,1.0,0.296
RandomForest,644,346,1,1.0,0.9894,1.0,0.296
RandomForest,644,347,0,0.0,0.1001,1.0,0.296
RandomForest,644,350,1,1.0,0.9902,1.0,0.296
RandomForest,644,351,0,1.0,0.8387,0.0,0.296
RandomForest,644,353,0,1.0,0.84,0.0,0.296
RandomForest,644,356,1,1.0,0.9672,1.0,0.296
RandomForest,644,359,1,1.0,0.8459,1.0,0.296
RandomForest,644,396,1,1.0,0.9615,1.0,0.296
RandomForest,644,397,1,1.0,0.9941,1.0,0.296
RandomForest,656,402,0,1.0,0.8637,0.0,0.459
RandomForest,656,406,0,0.0,0.2625,1.0,0.459
RandomForest,656,408,0,0.0,0.2768,1.0,0.459
RandomForest,656,411,0,0.0,0.2021,1.0,0.459
RandomForest,656,416,1,1.0,0.7528,1.0,0.459
RandomForest,656,419,1,1.0,0.7545,1.0,0.459
RandomForest,656,420,0,0.0,0.3388,1.0,0.459
RandomForest,656,421,0,0.0,0.2625,1.0,0.459
RandomForest,656,428,0,0.0,0.2768,1.0,0.459
RandomForest,656,429,1,1.0,0.7552,1.0,0.459
RandomForest,657,401,1,1.0,0.7483,1.0,0.459
RandomForest,657,402,1,0.0,0.4562,0.0,0.459
RandomForest,657,404,0,1.0,0.5104,0.0,0.459
RandomForest,657,405,0,0.0,0.3902,1.0,0.459
RandomForest,657,406,0,0.0,0.0777,1.0,0.459
RandomForest,657,407,0,0.0,0.1294,1.0,0.459
RandomForest,657,408,0,0.0,0.0798,1.0,0.459
RandomForest,657,409,0,0.0,0.383,1.0,0.459
RandomForest,657,410,0,0.0,0.3799,1.0,0.459
RandomForest,657,411,0,0.0,0.1118,1.0,0.459
RandomForest,657,413,0,0.0,0.3869,1.0,0.459
RandomForest,657,414,0,0.0,0.443,1.0,0.459
RandomForest,657,415,1,1.0,0.8585,1.0,0.459
RandomForest,657,416,1,1.0,0.8576,1.0,0.459
RandomForest,657,417,1,1.0,0.8585,1.0,0.459
RandomForest,657,418,1,1.0,0.8585,1.0,0.459
RandomForest,657,419,1,1.0,0.8567,1.0,0.459
RandomForest,657,420,0,0.0,0.1021,1.0,0.459
RandomForest,657,421,0,0.0,0.078,1.0,0.459
RandomForest,657,427,1,0.0,0.1265,0.0,0.459
RandomForest,657,429,1,1.0,0.8598,1.0,0.459
RandomForest,658,197,1,0.0,0.4227,0.0,0.524
RandomForest,658,206,1,0.0,0.1056,0.0,0.524
RandomForest,658,274,0,0.0,0.2474,1.0,0.524
RandomForest,658,291,1,1.0,0.8778,1.0,0.524
RandomForest,658,300,0,0.0,0.207,1.0,0.524
RandomForest,658,301,1,1.0,0.8757,1.0,0.524
RandomForest,658,302,1,1.0,0.8757,1.0,0.524
RandomForest,658,304,1,1.0,0.804,1.0,0.524
RandomForest,658,307,1,1.0,0.6177,1.0,0.524
RandomForest,658,309,1,1.0,0.7838,1.0,0.524
RandomForest,658,332,1,1.0,0.7672,1.0,0.524
RandomForest,658,333,1,1.0,0.7667,1.0,0.524
RandomForest,658,334,1,1.0,0.7985,1.0,0.524
RandomForest,658,335,1,1.0,0.7985,1.0,0.524
RandomForest,658,336,1,1.0,0.8583,1.0,0.524
RandomForest,658,342,1,0.0,0.4852,0.0,0.524
RandomForest,658,343,1,1.0,0.7973,1.0,0.524
RandomForest,658,344,1,1.0,0.7984,1.0,0.524
RandomForest,658,345,1,1.0,0.7985,1.0,0.524
RandomForest,658,346,1,1.0,0.7973,1.0,0.524
RandomForest,658,347,0,0.0,0.094,1.0,0.524
RandomForest,658,348,0,0.0,0.2309,1.0,0.524
RandomForest,658,350,1,1.0,0.7986,1.0,0.524
RandomForest,658,356,1,1.0,0.8008,1.0,0.524
RandomForest,658,359,1,1.0,0.6646,1.0,0.524
RandomForest,658,360,0,0.0,0.2266,1.0,0.524
RandomForest,658,361,1,0.0,0.2258,0.0,0.524
RandomForest,658,396,1,1.0,0.6526,1.0,0.524
RandomForest,658,399,1,1.0,0.8036,1.0,0.524
RandomForest,658,401,0,1.0,0.6194,0.0,0.524
RandomForest,658,411,0,0.0,0.0711,1.0,0.524
RandomForest,658,413,1,0.0,0.053,0.0,0.524
RandomForest,658,416,1,1.0,0.9214,1.0,0.524
RandomForest,658,419,1,1.0,0.92,1.0,0.524
RandomForest,658,420,0,0.0,0.0493,1.0,0.524
RandomForest,658,421,1,0.0,0.0424,0.0,0.524
RandomForest,659,197,0,1.0,0.6879,0.0,0.459
RandomForest,659,206,0,0.0,0.4417,1.0,0.459
RandomForest,659,274,0,0.0,0.1189,1.0,0.459
RandomForest,659,291,1,1.0,0.6239,1.0,0.459
RandomForest,659,299,1,0.0,0.1083,0.0,0.459
RandomForest,659,300,1,0.0,0.1421,0.0,0.459
RandomForest,659,301,1,1.0,0.6734,1.0,0.459
RandomForest,659,302,1,1.0,0.6755,1.0,0.459
RandomForest,659,304,1,1.0,0.9576,1.0,0.459
RandomForest,659,307,1,1.0,0.9056,1.0,0.459
RandomForest,659,309,1,1.0,0.9264,1.0,0.459
RandomForest,659,332,1,1.0,0.9833,1.0,0.459
RandomForest,659,333,1,1.0,0.9801,1.0,0.459
RandomForest,659,334,1,1.0,0.9901,1.0,0.459
RandomForest,659,335,1,1.0,0.9901,1.0,0.459
RandomForest,659,336,1,1.0,0.832,1.0,0.459
RandomForest,659,342,1,1.0,0.9402,1.0,0.459
RandomForest,659,343,1,1.0,0.9901,1.0,0.459
RandomForest,659,344,1,1.0,0.994,1.0,0.459
RandomForest,659,345,1,1.0,0.9878,1.0,0.459
RandomForest,659,346,1,1.0,0.9878,1.0,0.459
RandomForest,659,347,0,0.0,0.0746,1.0,0.459
RandomForest,659,348,0,0.0,0.1074,1.0,0.459
RandomForest,659,350,1,1.0,0.9901,1.0,0.459
RandomForest,659,356,1,1.0,0.9677,1.0,0.459
RandomForest,659,359,1,1.0,0.9726,1.0,0.459
RandomForest,659,360,0,0.0,0.0938,1.0,0.459
RandomForest,659,361,1,1.0,0.4775,1.0,0.459
RandomForest,659,396,1,1.0,0.9626,1.0,0.459
RandomForest,659,399,1,1.0,0.7826,1.0,0.459
RandomForest,659,411,0,0.0,0.0779,1.0,0.459
RandomForest,659,412,0,1.0,0.6935,0.0,0.459
RandomForest,659,416,1,1.0,0.9367,1.0,0.459
RandomForest,659,419,1,1.0,0.938,1.0,0.459
RandomForest,659,420,0,0.0,0.0978,1.0,0.459
RandomForest,659,426,0,0.0,0.081,1.0,0.459
RandomForest,659,429,1,1.0,0.9284,1.0,0.459
RandomForest,663,197,0,0.0,0.4844,1.0,0.622
RandomForest,663,274,0,0.0,0.1305,1.0,0.622
RandomForest,663,311,1,1.0,0.9955,1.0,0.622
RandomForest,663,334,1,1.0,0.9988,1.0,0.622
RandomForest,663,335,1,1.0,0.9988,1.0,0.622
RandomForest,663,343,1,1.0,0.9988,1.0,0.622
RandomForest,663,344,1,1.0,0.999,1.0,0.622
RandomForest,663,345,1,1.0,0.9928,1.0,0.622
RandomForest,663,346,1,1.0,0.9928,1.0,0.622
RandomForest,663,347,0,0.0,0.0601,1.0,0.622
RandomForest,663,350,1,1.0,0.9988,1.0,0.622
RandomForest,663,356,0,1.0,0.9599,0.0,0.622
RandomForest,663,359,1,1.0,0.9967,1.0,0.622
RandomForest,663,397,1,1.0,0.9544,1.0,0.622
RandomForest,663,426,0,0.0,0.0449,1.0,0.622
RandomForest,664,281,0,0.0,0.1072,1.0,0.133
RandomForest,664,284,1,1.0,0.4259,1.0,0.133
RandomForest,664,291,1,1.0,0.5539,1.0,0.133
RandomForest,664,295,0,0.0,0.0768,1.0,0.133
RandomForest,664,301,1,1.0,0.8547,1.0,0.133
RandomForest,664,302,1,1.0,0.8547,1.0,0.133
RandomForest,664,306,1,1.0,0.9242,1.0,0.133
RandomForest,664,307,1,1.0,0.8747,1.0,0.133
RandomForest,664,309,1,1.0,0.8209,1.0,0.133
RandomForest,664,312,1,1.0,0.9494,1.0,0.133
RandomForest,664,315,1,1.0,0.8589,1.0,0.133
RandomForest,664,318,1,1.0,0.946,1.0,0.133
RandomForest,664,332,1,1.0,0.9937,1.0,0.133
RandomForest,664,333,1,1.0,0.9876,1.0,0.133
RandomForest,664,336,1,1.0,0.8592,1.0,0.133
RandomForest,664,338,1,1.0,0.9574,1.0,0.133
RandomForest,664,340,1,1.0,0.8794,1.0,0.133
RandomForest,664,342,1,1.0,0.9701,1.0,0.133
RandomForest,664,360,0,1.0,0.1747,0.0,0.133
RandomForest,664,361,1,1.0,0.4948,1.0,0.133
RandomForest,664,371,1,1.0,0.8246,1.0,0.133
RandomForest,664,372,1,1.0,0.8068,1.0,0.133
RandomForest,664,373,1,1.0,0.8068,1.0,0.133
RandomForest,664,398,0,0.0,0.0755,1.0,0.133
RandomForest,664,399,1,1.0,0.773,1.0,0.133
RandomForest,664,412,0,1.0,0.2904,0.0,0.133
RandomForest,666,307,1,1.0,0.7601,1.0,0.296
RandomForest,666,309,1,1.0,0.7688,1.0,0.296
RandomForest,666,332,1,1.0,0.9573,1.0,0.296
RandomForest,666,333,1,1.0,0.9529,1.0,0.296
RandomForest,666,336,0,1.0,0.8793,0.0,0.296
RandomForest,666,342,1,1.0,0.9596,1.0,0.296
RandomForest,666,348,0,0.0,0.1669,1.0,0.296
RandomForest,666,360,0,0.0,0.0561,1.0,0.296
RandomForest,666,361,0,1.0,0.8009,0.0,0.296
RandomForest,667,370,0,0.0,0.1207,1.0,0.296
RandomForest,668,370,0,0.0,0.0982,1.0,0.296
RandomForest,669,370,0,0.0,0.0764,1.0,0.296
RandomForest,670,368,0,1.0,0.7799,0.0,0.296
RandomForest,670,370,0,0.0,0.0601,1.0,0.296
RandomForest,672,180,1,1.0,0.5052,1.0,0.296
RandomForest,672,194,0,0.0,0.2308,1.0,0.296
RandomForest,672,368,1,0.0,0.1948,0.0,0.296
RandomForest,675,14,1,0.0,0.143,0.0,0.296
RandomForest,675,370,0,0.0,0.0568,1.0,0.296
RandomForest,680,26,0,1.0,0.4156,0.0,0.296
RandomForest,681,273,0,0.0,0.0619,1.0,0.427
RandomForest,691,425,0,1.0,0.8933,0.0,0.427
RandomForest,696,549,0,0.0,0.1047,1.0,0.296
RandomForest,696,553,0,0.0,0.1873,1.0,0.296
RandomForest,696,554,0,0.0,0.1163,1.0,0.296
RandomForest,697,544,0,0.0,0.1658,1.0,0.296
RandomForest,697,549,0,0.0,0.0664,1.0,0.296
RandomForest,697,555,1,1.0,0.62,1.0,0.296
RandomForest,697,556,1,1.0,0.62,1.0,0.296
RandomForest,697,557,0,1.0,0.5839,0.0,0.296
RandomForest,698,528,0,0.0,0.3866,1.0,0.427
RandomForest,698,533,0,0.0,0.302,1.0,0.427
RandomForest,698,542,0,1.0,0.4406,0.0,0.427
RandomForest,698,544,0,0.0,0.0872,1.0,0.427
RandomForest,698,549,0,0.0,0.0516,1.0,0.427
RandomForest,698,554,0,0.0,0.1179,1.0,0.427
RandomForest,698,555,1,1.0,0.6913,1.0,0.427
RandomForest,698,556,1,1.0,0.6913,1.0,0.427
RandomForest,698,557,0,1.0,0.4402,0.0,0.427
RandomForest,699,206,0,0.0,0.2223,1.0,0.443
RandomForest,699,300,0,0.0,0.3889,1.0,0.443
RandomForest,699,304,1,1.0,0.8803,1.0,0.443
RandomForest,699,310,1,1.0,0.8894,1.0,0.443
RandomForest,699,314,1,1.0,0.7896,1.0,0.443
RandomForest,699,319,1,1.0,0.789,1.0,0.443
RandomForest,699,320,1,1.0,0.8898,1.0,0.443
RandomForest,699,322,1,1.0,0.8898,1.0,0.443
RandomForest,699,323,1,1.0,0.8898,1.0,0.443
RandomForest,699,324,1,1.0,0.8898,1.0,0.443
RandomForest,699,327,1,1.0,0.8898,1.0,0.443
RandomForest,699,328,1,1.0,0.8894,1.0,0.443
RandomForest,699,329,1,1.0,0.8898,1.0,0.443
RandomForest,699,334,1,1.0,0.9584,1.0,0.443
RandomForest,699,335,1,1.0,0.9584,1.0,0.443
RandomForest,699,337,1,1.0,0.789,1.0,0.443
RandomForest,699,343,1,1.0,0.9566,1.0,0.443
RandomForest,699,344,1,1.0,0.954,1.0,0.443
RandomForest,699,345,1,1.0,0.9552,1.0,0.443
RandomForest,699,346,1,1.0,0.9566,1.0,0.443
RandomForest,699,347,0,0.0,0.053,1.0,0.443
RandomForest,699,350,1,1.0,0.9578,1.0,0.443
RandomForest,699,351,1,1.0,0.449,1.0,0.443
RandomForest,699,352,1,1.0,0.5024,1.0,0.443
RandomForest,699,353,1,1.0,0.4509,1.0,0.443
RandomForest,699,354,1,1.0,0.5109,1.0,0.443
RandomForest,699,356,1,1.0,0.7152,1.0,0.443
RandomForest,699,358,1,1.0,0.9494,1.0,0.443
RandomForest,699,359,1,1.0,0.9548,1.0,0.443
RandomForest,699,396,1,1.0,0.9025,1.0,0.443
RandomForest,699,397,1,1.0,0.9554,1.0,0.443
RandomForest,700,483,1,1.0,0.8412,1.0,0.443
RandomForest,700,485,1,1.0,0.8416,1.0,0.443
RandomForest,700,488,1,1.0,0.8419,1.0,0.443
RandomForest,700,489,1,1.0,0.8419,1.0,0.443
RandomForest,700,490,1,1.0,0.8419,1.0,0.443
RandomForest,700,509,1,0.0,0.3637,0.0,0.443
RandomForest,700,522,0,0.0,0.1346,1.0,0.443
RandomForest,700,523,0,0.0,0.1122,1.0,0.443
RandomForest,703,311,0,1.0,0.8899,0.0,0.443
RandomForest,703,329,0,1.0,0.8888,0.0,0.443
RandomForest,711,18,1,0.0,0.3835,0.0,0.443
RandomForest,711,33,1,0.0,0.3835,0.0,0.443
RandomForest,714,14,1,1.0,0.4816,1.0,0.443
RandomForest,714,39,0,0.0,0.1533,1.0,0.443
RandomForest,714,180,1,0.0,0.3248,0.0,0.443
RandomForest,714,194,0,0.0,0.2894,1.0,0.443
RandomForest,714,368,1,1.0,0.4861,1.0,0.443
RandomForest,714,370,0,0.0,0.0651,1.0,0.443
RandomForest,714,395,0,0.0,0.2161,1.0,0.443
RandomForest,714,436,1,1.0,0.7094,1.0,0.443
RandomForest,717,11,0,1.0,0.4673,0.0,0.296
RandomForest,720,39,0,0.0,0.1396,1.0,0.296
RandomForest,720,180,1,1.0,0.439,1.0,0.296
RandomForest,720,194,0,0.0,0.2346,1.0,0.296
RandomForest,720,368,1,1.0,0.6719,1.0,0.296
RandomForest,720,370,0,0.0,0.0634,1.0,0.296
RandomForest,720,395,0,0.0,0.1439,1.0,0.296
RandomForest,720,436,0,1.0,0.5438,0.0,0.296
RandomForest,731,522,0,0.0,0.1159,1.0,0.296
RandomForest,732,624,0,1.0,0.4039,0.0,0.296
RandomForest,735,533,0,0.0,0.1932,1.0,0.296
RandomForest,735,542,0,0.0,0.2698,1.0,0.296
RandomForest,735,544,0,0.0,0.0753,1.0,0.296
RandomForest,735,549,0,0.0,0.0949,1.0,0.296
RandomForest,735,554,0,0.0,0.0756,1.0,0.296
RandomForest,735,555,1,1.0,0.813,1.0,0.296
RandomForest,735,556,1,1.0,0.813,1.0,0.296
RandomForest,735,557,0,1.0,0.3554,0.0,0.296
RandomForest,735,559,0,1.0,0.8137,0.0,0.296
RandomForest,737,206,0,0.0,0.1954,1.0,0.296
RandomForest,737,288,0,0.0,0.1753,1.0,0.296
RandomForest,737,304,1,1.0,0.7556,1.0,0.296
RandomForest,737,311,1,1.0,0.4926,1.0,0.296
RandomForest,737,314,1,1.0,0.705,1.0,0.296
RandomForest,737,320,1,1.0,0.716,1.0,0.296
RandomForest,737,321,1,1.0,0.9826,1.0,0.296
RandomForest,737,322,1,1.0,0.716,1.0,0.296
RandomForest,737,323,1,1.0,0.716,1.0,0.296
RandomForest,737,324,1,1.0,0.716,1.0,0.296
RandomForest,737,327,1,1.0,0.716,1.0,0.296
RandomForest,737,328,1,1.0,0.7165,1.0,0.296
RandomForest,737,329,1,1.0,0.6067,1.0,0.296
RandomForest,737,334,1,1.0,0.8509,1.0,0.296
RandomForest,737,335,1,1.0,0.8509,1.0,0.296
RandomForest,737,343,1,1.0,0.8505,1.0,0.296
RandomForest,737,344,1,1.0,0.852,1.0,0.296
RandomForest,737,345,1,1.0,0.8489,1.0,0.296
RandomForest,737,346,1,1.0,0.8505,1.0,0.296
RandomForest,737,347,1,0.0,0.1561,0.0,0.296
RandomForest,737,350,1,1.0,0.8495,1.0,0.296
RandomForest,737,351,1,1.0,0.5282,1.0,0.296
RandomForest,737,352,1,1.0,0.5008,1.0,0.296
RandomForest,737,353,1,1.0,0.5341,1.0,0.296
RandomForest,737,354,1,1.0,0.506,1.0,0.296
RandomForest,737,356,1,1.0,0.7606,1.0,0.296
RandomForest,737,358,1,1.0,0.7954,1.0,0.296
RandomForest,737,396,1,1.0,0.9249,1.0,0.296
RandomForest,737,397,1,1.0,0.9369,1.0,0.296
RandomForest,737,500,0,0.0,0.2032,1.0,0.296
RandomForest,740,311,1,1.0,0.7509,1.0,0.476
RandomForest,740,314,1,1.0,0.8068,1.0,0.476
RandomForest,740,320,1,1.0,0.8329,1.0,0.476
RandomForest,740,321,1,1.0,0.7508,1.0,0.476
RandomForest,740,322,1,1.0,0.8247,1.0,0.476
RandomForest,740,323,1,1.0,0.8329,1.0,0.476
RandomForest,740,324,1,1.0,0.8329,1.0,0.476
RandomForest,740,327,1,1.0,0.8329,1.0,0.476
RandomForest,740,328,1,1.0,0.8204,1.0,0.476
RandomForest,740,329,1,1.0,0.7709,1.0,0.476
RandomForest,740,334,1,1.0,0.8794,1.0,0.476
RandomForest,740,335,1,1.0,0.8794,1.0,0.476
RandomForest,740,345,1,1.0,0.8657,1.0,0.476
RandomForest,740,347,1,1.0,0.7495,1.0,0.476
RandomForest,740,350,1,1.0,0.8794,1.0,0.476
RandomForest,740,351,1,1.0,0.6575,1.0,0.476
RandomForest,740,352,1,1.0,0.663,1.0,0.476
RandomForest,740,353,1,1.0,0.599,1.0,0.476
RandomForest,740,354,1,1.0,0.6059,1.0,0.476
RandomForest,740,356,1,1.0,0.795,1.0,0.476
RandomForest,740,396,1,1.0,0.9447,1.0,0.476
RandomForest,740,397,1,1.0,0.9514,1.0,0.476
RandomForest,740,500,0,0.0,0.0958,1.0,0.476
RandomForest,740,626,1,1.0,0.7925,1.0,0.476
RandomForest,741,274,0,0.0,0.1701,1.0,0.214
RandomForest,742,314,0,1.0,0.922,0.0,0.214
RandomForest,742,397,1,1.0,0.9511,1.0,0.214
RandomForest,743,627,0,1.0,0.7789,0.0,0.214
RandomForest,745,274,0,0.0,0.1533,1.0,0.214
RandomForest,745,311,1,1.0,0.7694,1.0,0.214
RandomForest,745,334,1,1.0,0.9087,1.0,0.214
RandomForest,745,335,1,1.0,0.9087,1.0,0.214
RandomForest,745,337,1,1.0,0.8067,1.0,0.214
RandomForest,745,343,1,1.0,0.931,1.0,0.214
RandomForest,745,344,1,1.0,0.9381,1.0,0.214
RandomForest,745,345,1,1.0,0.9094,1.0,0.214
RandomForest,745,346,1,1.0,0.931,1.0,0.214
RandomForest,745,347,0,1.0,0.8305,0.0,0.214
RandomForest,745,356,1,1.0,0.8157,1.0,0.214
RandomForest,745,397,1,1.0,0.907,1.0,0.214
RandomForest,745,426,0,0.0,0.0316,1.0,0.214
RandomForest,745,627,1,1.0,0.5605,1.0,0.214
RandomForest,745,628,1,1.0,0.5928,1.0,0.214
RandomForest,751,271,0,1.0,0.2633,0.0,0.214
RandomForest,755,476,1,1.0,0.8373,1.0,0.28
RandomForest,755,477,1,1.0,0.8699,1.0,0.28
RandomForest,755,478,1,1.0,0.8699,1.0,0.28
RandomForest,755,479,1,1.0,0.8699,1.0,0.28
RandomForest,755,480,1,1.0,0.8699,1.0,0.28
RandomForest,755,481,1,1.0,0.8732,1.0,0.28
RandomForest,755,485,1,1.0,0.8901,1.0,0.28
RandomForest,755,488,1,1.0,0.8901,1.0,0.28
RandomForest,755,489,1,1.0,0.8901,1.0,0.28
RandomForest,755,490,1,1.0,0.8901,1.0,0.28
RandomForest,755,506,1,1.0,0.8422,1.0,0.28
RandomForest,755,507,1,1.0,0.8422,1.0,0.28
RandomForest,755,508,1,1.0,0.8422,1.0,0.28
RandomForest,755,509,1,1.0,0.6395,1.0,0.28
RandomForest,755,514,1,0.0,0.1359,0.0,0.28
RandomForest,755,516,1,1.0,0.8422,1.0,0.28
RandomForest,755,537,1,0.0,0.2396,0.0,0.28
RandomForest,756,310,1,1.0,0.7503,1.0,0.28
RandomForest,756,311,1,1.0,0.7714,1.0,0.28
RandomForest,756,314,1,1.0,0.6856,1.0,0.28
RandomForest,756,319,1,1.0,0.7247,1.0,0.28
RandomForest,756,320,1,1.0,0.711,1.0,0.28
RandomForest,756,321,1,1.0,0.6855,1.0,0.28
RandomForest,756,322,1,1.0,0.711,1.0,0.28
RandomForest,756,323,1,1.0,0.711,1.0,0.28
RandomForest,756,324,1,1.0,0.711,1.0,0.28
RandomForest,756,327,1,1.0,0.711,1.0,0.28
RandomForest,756,329,1,1.0,0.7246,1.0,0.28
RandomForest,756,334,1,1.0,0.8621,1.0,0.28
RandomForest,756,335,1,1.0,0.8621,1.0,0.28
RandomForest,756,337,1,1.0,0.486,1.0,0.28
RandomForest,756,343,1,1.0,0.8459,1.0,0.28
RandomForest,756,344,1,1.0,0.8598,1.0,0.28
RandomForest,756,345,1,1.0,0.8605,1.0,0.28
RandomForest,756,346,1,1.0,0.8459,1.0,0.28
RandomForest,756,350,1,1.0,0.8792,1.0,0.28
RandomForest,756,351,1,1.0,0.8031,1.0,0.28
RandomForest,756,352,1,1.0,0.8016,1.0,0.28
RandomForest,756,353,1,1.0,0.8074,1.0,0.28
RandomForest,756,354,1,1.0,0.806,1.0,0.28
RandomForest,756,356,1,1.0,0.7925,1.0,0.28
RandomForest,756,358,1,1.0,0.7984,1.0,0.28
RandomForest,756,359,1,1.0,0.924,1.0,0.28
RandomForest,756,396,1,1.0,0.9019,1.0,0.28
RandomForest,756,397,1,1.0,0.8746,1.0,0.28
RandomForest,756,500,0,0.0,0.0841,1.0,0.28
RandomForest,756,560,1,1.0,0.8165,1.0,0.28
RandomForest,756,627,1,1.0,0.7138,1.0,0.28
RandomForest,756,628,1,1.0,0.7046,1.0,0.28
RandomForest,756,631,1,1.0,0.4667,1.0,0.28
RandomForest,757,522,0,1.0,0.1349,0.0,0.1
RandomForest,757,523,0,0.0,0.0927,1.0,0.1
RandomForest,760,274,0,0.0,0.1338,1.0,0.149
RandomForest,760,311,1,1.0,0.7989,1.0,0.149
RandomForest,760,334,1,1.0,0.8305,1.0,0.149
RandomForest,760,335,1,1.0,0.8305,1.0,0.149
RandomForest,760,343,1,1.0,0.8287,1.0,0.149
RandomForest,760,344,1,1.0,0.8292,1.0,0.149
RandomForest,760,345,1,1.0,0.8305,1.0,0.149
RandomForest,760,346,1,1.0,0.8287,1.0,0.149
RandomForest,760,356,1,1.0,0.7176,1.0,0.149
RandomForest,760,358,1,1.0,0.7392,1.0,0.149
RandomForest,760,397,1,1.0,0.8673,1.0,0.149
RandomForest,760,426,0,0.0,0.093,1.0,0.149
RandomForest,760,627,1,1.0,0.8295,1.0,0.149
RandomForest,760,628,1,1.0,0.7582,1.0,0.149
RandomForest,763,281,0,0.0,0.1238,1.0,0.149
RandomForest,763,309,0,1.0,0.9513,0.0,0.149
RandomForest,763,336,1,1.0,0.6077,1.0,0.149
RandomForest,763,342,0,1.0,0.9422,0.0,0.149
RandomForest,763,399,1,1.0,0.7338,1.0,0.149
RandomForest,763,434,1,1.0,0.7256,1.0,0.149
RandomForest,770,622,1,1.0,0.7833,1.0,0.149
RandomForest,770,623,1,1.0,0.7833,1.0,0.149
RandomForest,774,602,0,1.0,0.4515,0.0,0.149
RandomForest,774,603,1,1.0,0.9061,1.0,0.149
RandomForest,774,604,1,1.0,0.9061,1.0,0.149
RandomForest,774,606,1,1.0,0.1686,1.0,0.149
RandomForest,776,14,1,0.0,0.3779,0.0,0.459
RandomForest,776,436,1,1.0,0.6367,1.0,0.459
RandomForest,777,14,1,1.0,0.6337,1.0,0.149
RandomForest,777,180,1,1.0,0.5876,1.0,0.149
RandomForest,777,194,0,1.0,0.1954,0.0,0.149
RandomForest,777,368,1,1.0,0.8007,1.0,0.149
RandomForest,777,370,0,0.0,0.0541,1.0,0.149
RandomForest,777,395,0,0.0,0.1088,1.0,0.149
RandomForest,777,436,1,1.0,0.7384,1.0,0.149
RandomForest,785,532,0,0.0,0.1303,1.0,0.459
RandomForest,785,533,0,0.0,0.2265,1.0,0.459
RandomForest,785,542,0,0.0,0.3078,1.0,0.459
RandomForest,785,543,0,0.0,0.2247,1.0,0.459
RandomForest,785,544,0,0.0,0.0915,1.0,0.459
RandomForest,785,557,0,0.0,0.3217,1.0,0.459
RandomForest,785,558,1,1.0,0.6976,1.0,0.459
RandomForest,785,559,1,0.0,0.2784,0.0,0.459
RandomForest,785,614,0,0.0,0.2281,1.0,0.459
RandomForest,786,365,0,1.0,0.4705,0.0,0.459
RandomForest,787,20,0,0.0,0.3996,1.0,0.476
RandomForest,789,14,1,1.0,0.6286,1.0,0.476
RandomForest,789,370,0,0.0,0.0521,1.0,0.476
RandomForest,789,436,1,1.0,0.8196,1.0,0.476
RandomForest,791,280,1,1.0,0.8829,1.0,0.476
RandomForest,791,281,0,0.0,0.1298,1.0,0.476
RandomForest,791,284,1,1.0,0.867,1.0,0.476
RandomForest,791,291,1,1.0,0.655,1.0,0.476
RandomForest,791,295,0,0.0,0.1291,1.0,0.476
RandomForest,791,301,1,1.0,0.8884,1.0,0.476
RandomForest,791,302,1,1.0,0.8884,1.0,0.476
RandomForest,791,306,1,1.0,0.8362,1.0,0.476
RandomForest,791,307,1,1.0,0.7392,1.0,0.476
RandomForest,791,309,1,0.0,0.3318,0.0,0.476
RandomForest,791,312,1,1.0,0.8116,1.0,0.476
RandomForest,791,315,1,1.0,0.8803,1.0,0.476
RandomForest,791,316,0,0.0,0.4034,1.0,0.476
RandomForest,791,318,1,1.0,0.8408,1.0,0.476
RandomForest,791,332,1,1.0,0.802,1.0,0.476
RandomForest,791,333,1,1.0,0.8031,1.0,0.476
RandomForest,791,336,1,1.0,0.6822,1.0,0.476
RandomForest,791,338,1,1.0,0.491,1.0,0.476
RandomForest,791,342,1,0.0,0.338,0.0,0.476
RandomForest,791,360,0,0.0,0.1135,1.0,0.476
RandomForest,791,361,1,1.0,0.5172,1.0,0.476
RandomForest,791,371,1,1.0,0.8569,1.0,0.476
RandomForest,791,372,1,1.0,0.8468,1.0,0.476
RandomForest,791,373,1,1.0,0.8468,1.0,0.476
RandomForest,791,398,0,0.0,0.1102,1.0,0.476
RandomForest,791,399,1,1.0,0.8094,1.0,0.476
RandomForest,791,412,0,0.0,0.1775,1.0,0.476
RandomForest,791,433,1,1.0,0.7533,1.0,0.476
RandomForest,791,434,1,1.0,0.8242,1.0,0.476
RandomForest,791,518,0,0.0,0.175,1.0,0.476
RandomForest,793,280,1,1.0,0.7622,1.0,0.476
RandomForest,793,281,0,0.0,0.0847,1.0,0.476
RandomForest,793,284,1,1.0,0.7889,1.0,0.476
RandomForest,793,291,1,1.0,0.7793,1.0,0.476
RandomForest,793,295,0,0.0,0.1211,1.0,0.476
RandomForest,793,301,0,1.0,0.7415,0.0,0.476
RandomForest,793,306,1,1.0,0.9095,1.0,0.476
RandomForest,793,307,1,1.0,0.8733,1.0,0.476
RandomForest,793,309,1,1.0,0.837,1.0,0.476
RandomForest,793,312,1,1.0,0.8675,1.0,0.476
RandomForest,793,315,1,1.0,0.8035,1.0,0.476
RandomForest,793,316,0,0.0,0.1041,1.0,0.476
RandomForest,793,318,1,1.0,0.8861,1.0,0.476
RandomForest,793,332,1,1.0,0.88,1.0,0.476
RandomForest,793,333,1,1.0,0.8772,1.0,0.476
RandomForest,793,336,1,1.0,0.6361,1.0,0.476
RandomForest,793,338,1,1.0,0.8752,1.0,0.476
RandomForest,793,342,1,1.0,0.8606,1.0,0.476
RandomForest,793,348,0,0.0,0.1087,1.0,0.476
RandomForest,793,360,0,0.0,0.0799,1.0,0.476
RandomForest,793,361,1,1.0,0.765,1.0,0.476
RandomForest,793,371,1,1.0,0.7985,1.0,0.476
RandomForest,793,372,0,1.0,0.7534,0.0,0.476
RandomForest,793,398,0,0.0,0.1316,1.0,0.476
RandomForest,793,399,1,1.0,0.7182,1.0,0.476
RandomForest,793,412,0,0.0,0.1966,1.0,0.476
RandomForest,793,434,0,1.0,0.7043,0.0,0.476
RandomForest,793,463,0,0.0,0.1943,1.0,0.476
RandomForest,793,487,1,1.0,0.8493,1.0,0.476
RandomForest,793,518,0,0.0,0.1157,1.0,0.476
RandomForest,795,603,0,1.0,0.7267,0.0,0.198
RandomForest,797,281,0,0.0,0.1104,1.0,0.198
RandomForest,797,284,1,1.0,0.8338,1.0,0.198
RandomForest,797,295,0,0.0,0.1793,1.0,0.198
RandomForest,797,301,1,1.0,0.4697,1.0,0.198
RandomForest,797,302,1,1.0,0.732,1.0,0.198
RandomForest,797,306,1,1.0,0.8528,1.0,0.198
RandomForest,797,309,1,1.0,0.8367,1.0,0.198
RandomForest,797,312,1,1.0,0.835,1.0,0.198
RandomForest,797,315,1,1.0,0.8329,1.0,0.198
RandomForest,797,316,0,0.0,0.1307,1.0,0.198
RandomForest,797,318,1,1.0,0.8542,1.0,0.198
RandomForest,797,332,1,1.0,0.8631,1.0,0.198
RandomForest,797,333,1,1.0,0.8622,1.0,0.198
RandomForest,797,338,1,1.0,0.8078,1.0,0.198
RandomForest,797,342,1,1.0,0.8046,1.0,0.198
RandomForest,797,360,0,0.0,0.1222,1.0,0.198
RandomForest,797,361,0,1.0,0.7511,0.0,0.198
RandomForest,797,371,1,1.0,0.8274,1.0,0.198
RandomForest,797,412,0,0.0,0.1564,1.0,0.198
RandomForest,797,434,1,1.0,0.4795,1.0,0.198
RandomForest,797,487,1,1.0,0.8492,1.0,0.198
RandomForest,797,511,0,1.0,0.6948,0.0,0.198
RandomForest,797,518,0,0.0,0.0996,1.0,0.198
RandomForest,797,637,1,1.0,0.8215,1.0,0.198
RandomForest,798,281,0,0.0,0.0502,1.0,0.769
RandomForest,798,291,0,1.0,0.806,0.0,0.769
RandomForest,798,301,1,0.0,0.4748,0.0,0.769
RandomForest,798,302,1,0.0,0.4721,0.0,0.769
RandomForest,798,307,1,1.0,0.9593,1.0,0.769
RandomForest,798,309,1,1.0,0.9632,1.0,0.769
RandomForest,798,332,1,1.0,0.9688,1.0,0.769
RandomForest,798,333,1,1.0,0.9759,1.0,0.769
RandomForest,798,342,1,1.0,0.9695,1.0,0.769
RandomForest,798,348,0,0.0,0.2499,1.0,0.769
RandomForest,798,360,0,0.0,0.0561,1.0,0.769
RandomForest,799,686,0,1.0,0.3114,0.0,0.263
RandomForest,800,281,0,0.0,0.0841,1.0,0.312
RandomForest,800,299,0,1.0,0.3549,0.0,0.312
RandomForest,800,301,1,1.0,0.651,1.0,0.312
RandomForest,800,302,1,1.0,0.6529,1.0,0.312
RandomForest,800,306,1,1.0,0.9015,1.0,0.312
RandomForest,800,307,1,1.0,0.7689,1.0,0.312
RandomForest,800,309,1,1.0,0.8078,1.0,0.312
RandomForest,800,312,1,1.0,0.8697,1.0,0.312
RandomForest,800,315,0,1.0,0.8659,0.0,0.312
RandomForest,800,316,0,0.0,0.0888,1.0,0.312
RandomForest,800,318,1,1.0,0.8713,1.0,0.312
RandomForest,800,332,1,1.0,0.8754,1.0,0.312
RandomForest,800,333,1,1.0,0.8749,1.0,0.312
RandomForest,800,342,1,1.0,0.849,1.0,0.312
RandomForest,800,348,0,0.0,0.2013,1.0,0.312
RandomForest,800,361,0,1.0,0.6008,0.0,0.312
RandomForest,800,398,0,0.0,0.1368,1.0,0.312
RandomForest,800,433,1,1.0,0.6786,1.0,0.312
RandomForest,800,434,1,1.0,0.5581,1.0,0.312
RandomForest,800,487,1,1.0,0.9445,1.0,0.312
RandomForest,800,511,0,0.0,0.1076,1.0,0.312
RandomForest,800,518,0,0.0,0.0808,1.0,0.312
RandomForest,800,525,0,0.0,0.1497,1.0,0.312
RandomForest,800,637,1,1.0,0.4572,1.0,0.312
RandomForest,805,129,0,0.0,0.1708,1.0,0.361
RandomForest,805,262,0,0.0,0.0489,1.0,0.361
RandomForest,805,367,0,0.0,0.2938,1.0,0.361
RandomForest,806,129,0,0.0,0.0932,1.0,0.361
RandomForest,808,518,0,0.0,0.0614,1.0,0.361
RandomForest,809,281,0,0.0,0.0789,1.0,0.361
RandomForest,809,291,0,1.0,0.6093,0.0,0.361
RandomForest,809,309,1,1.0,0.9066,1.0,0.361
RandomForest,809,312,1,1.0,0.8745,1.0,0.361
RandomForest,809,315,0,1.0,0.6282,0.0,0.361
RandomForest,809,318,1,1.0,0.8987,1.0,0.361
RandomForest,809,330,1,1.0,0.9439,1.0,0.361
RandomForest,809,332,1,1.0,0.9224,1.0,0.361
RandomForest,809,333,1,1.0,0.921,1.0,0.361
RandomForest,809,338,1,1.0,0.8737,1.0,0.361
RandomForest,809,342,1,1.0,0.914,1.0,0.361
RandomForest,809,348,0,0.0,0.1761,1.0,0.361
RandomForest,809,360,0,0.0,0.0848,1.0,0.361
RandomForest,809,525,0,0.0,0.0746,1.0,0.361
RandomForest,813,396,0,1.0,0.9754,0.0,0.639
RandomForest,816,129,0,0.0,0.1735,1.0,0.639
RandomForest,816,262,0,0.0,0.1784,1.0,0.639
RandomForest,816,367,0,0.0,0.1158,1.0,0.639
