classId,clone_gcid_list
1,[1, 2]
2,[3, 4, 5, 6, 7, 8, 9, 10, 11, 12, 13, 14, 15, 16, 17, 18, 19, 20, 21, 22, 23, 24, 25, 26, 27, 28, 29, 30, 31, 32, 243, 270, 274, 283, 296, 315, 320, 321, 330, 340, 364, 365, 408, 409, 410, 413, 414, 501, 511, 512, 539, 540, 575, 576, 665, 666, 667, 668, 669, 745, 783]
3,[33, 34]
4,[35, 36, 37, 38, 39, 40, 41, 42, 334, 499, 736, 737]
5,[43, 44, 738, 739, 740, 741, 742, 743, 744]
6,[45, 46, 47, 322, 323]
7,[48, 49, 50]
8,[51, 52, 415, 416, 541, 542, 543, 544, 545, 546, 547, 569, 577, 578, 579, 580, 581, 582, 583, 584, 585, 586, 587, 588, 589, 590, 591, 592, 593, 594, 595, 596, 597, 598, 599, 600, 670, 693, 698, 707, 708]
9,[53, 54, 771, 772, 836]
10,[55, 56, 57, 58, 59, 60, 61, 62, 63, 64, 65, 66, 67, 68, 69, 70, 71, 248, 601, 602, 700]
11,[72, 73, 366, 367, 375, 384, 784]
12,[74, 75]
13,[76, 77, 78, 79, 80, 81, 82, 83, 84, 85, 86, 87, 88, 89, 90, 91, 92, 93, 94, 95, 96, 97, 98, 99, 100, 101, 244, 245, 249, 250, 269, 286, 297, 298, 299, 300, 701, 702, 703, 709]
14,[102, 103, 331, 333, 335, 373, 392, 417, 418, 419, 420, 421, 422, 423, 424, 425, 426, 427, 428, 429, 430, 431, 432, 433, 434, 435, 436, 437, 438, 439, 440, 441, 442, 443, 444, 445, 446, 447, 448, 449, 491, 492, 494, 770, 776, 777, 826, 832]
15,[104, 105, 316, 332, 603]
16,[106, 107, 317, 318, 368]
17,[108, 109, 394, 395, 407]
18,[110, 111, 112, 294, 295, 385, 604]
19,[113, 114, 115, 116, 117, 405, 406, 450]
20,[118, 119, 120]
21,[121, 122, 123, 124, 386, 571, 605]
22,[125, 126, 127, 128, 129, 288, 548, 606, 671]
23,[130, 131, 132, 301, 396, 397, 398, 451, 607, 672, 746, 785, 786]
24,[133, 134, 135, 136, 302, 452, 453]
25,[137, 138, 303]
26,[139, 140, 304, 305, 381, 529, 608, 673]
27,[141, 142, 324, 387, 500, 503, 549, 609, 674]
28,[143, 144, 145, 454, 455, 456, 457, 550]
29,[146, 147, 251, 252, 253, 551, 704]
30,[148, 149, 306]
31,[150, 151, 382, 383, 458, 610, 675]
32,[152, 153, 154, 155, 156, 246, 247, 284, 285, 459]
33,[157, 158, 276, 277, 278, 279, 280, 290, 291, 460, 552, 705]
34,[159, 160, 307, 308, 336, 337, 349, 350, 553]
35,[161, 162, 281, 282, 309, 505]
36,[163, 164, 292, 293, 676, 706]
37,[165, 166, 351, 352, 768]
38,[167, 168, 169, 362, 363, 461]
39,[170, 171, 341, 611]
40,[172, 173, 342, 399, 400, 506, 612, 613, 614, 615, 677]
41,[174, 175, 176, 325, 343, 344, 345, 346, 401, 402, 411, 412, 462, 495, 535, 616]
42,[177, 178, 179, 254, 255, 393, 496, 572, 573, 678, 679, 680, 681, 682, 694, 695]
43,[180, 181, 238, 256, 257, 326, 327, 376, 377, 389, 463, 464, 554, 617, 618, 619, 620, 621, 622, 623, 624, 625, 626, 627, 628, 629, 683, 781]
44,[182, 183, 184, 258, 328, 329, 630, 631, 632, 684, 834]
45,[185, 186, 259, 260, 555, 633, 634, 685]
46,[187, 188, 189, 261, 262, 388, 635, 636, 833]
47,[190, 191, 263, 264, 265, 266, 271, 272, 273, 319, 465, 466, 556, 637, 686, 687, 778]
48,[192, 193, 267, 268, 390, 467, 468, 534, 557, 638, 639, 688, 689]
49,[194, 195, 469, 470, 536, 640, 641]
50,[196, 197, 198, 471, 642, 643]
51,[199, 200, 472, 473, 507, 644, 645]
52,[201, 202, 474, 475, 476, 477, 558]
53,[203, 204, 205, 206, 207, 478]
54,[208, 209, 239, 240, 354, 355, 479, 508, 509, 646, 647]
55,[210, 211, 212, 213, 403, 404, 480, 481, 497, 510, 648]
56,[214, 215, 482, 483, 498, 649]
57,[216, 217, 241, 242, 287, 338, 339, 484, 650]
58,[218, 219, 310, 311, 312, 513, 514, 651, 652]
59,[220, 221, 313, 314, 515, 516, 690]
60,[222, 223, 275, 517, 518]
61,[224, 225, 347, 348, 378, 379, 519, 520, 521, 530, 531, 747, 748, 749]
62,[226, 227, 228, 229, 289, 522, 523, 710]
63,[230, 231, 502, 504, 524, 711, 712]
64,[232, 233, 525, 526, 713, 714]
65,[234, 235, 380, 391, 527, 528, 715, 716]
66,[236, 237, 361, 717, 718, 719]
67,[356, 357, 358, 359, 720, 721]
68,[574, 722, 723]
69,[532, 533, 724, 725, 726]
70,[727, 728, 729]
71,[353, 730, 731]
72,[369, 732, 733]
73,[371, 734, 735]
74,[372]
75,[370, 374]
76,[570]
77,[829]
79,[493]
80,[485, 486, 835]
81,[360, 487, 488]
82,[489, 490]
83,[559, 560]
84,[561, 562]
85,[537, 563, 564]
86,[565, 566]
87,[567, 568, 787, 788]
89,[538]
90,[653, 654]
91,[655, 656]
92,[657, 658, 659, 660, 661, 699]
93,[662, 750, 751, 752]
94,[663, 664, 753, 754, 789, 790]
95,[755, 756, 791, 792]
96,[757, 758, 759, 793, 794]
97,[760, 761, 782, 795, 796, 824, 825]
98,[762, 763, 797, 798, 799]
99,[764, 765, 800, 801]
100,[766, 767]
102,[691]
103,[802, 803]
104,[804, 805, 806, 807, 808, 809, 810, 811, 812]
105,[692, 779, 780, 813, 814, 815]
107,[816, 817, 830, 831]
110,[769]
117,[696, 697]
118,[773, 774]
119,[775]
136,[827, 828]
147,[818, 819]
148,[820, 821]
149,[822, 823]
