gcid,classid,addedInRev,endRev,deletedInRev,lifespan,total_changes,alive_peer_count_at_end,exclusion_reason
1,1,2,816,0,815,1,23,warmup
2,1,2,816,0,815,1,23,warmup
3,2,2,816,0,815,1,4,warmup
4,2,2,816,0,815,1,4,warmup
5,2,2,816,0,815,1,4,warmup
6,3,2,816,18,815,1,5,warmup
7,3,2,816,18,815,1,5,warmup
8,3,2,283,18,282,0,5,never_changed
9,4,2,158,119,157,1,7,warmup
10,4,2,816,0,815,1,14,warmup
13,4,2,816,18,815,1,15,warmup
15,4,2,816,24,815,1,15,warmup
17,4,2,816,18,815,1,15,warmup
20,4,2,816,18,815,1,15,warmup
21,4,2,486,18,485,1,13,warmup
22,4,2,816,18,815,1,15,warmup
23,4,2,226,22,225,0,12,never_changed
24,4,2,816,18,815,1,15,warmup
25,4,2,816,18,815,1,15,warmup
28,4,2,816,18,815,1,15,warmup
29,4,2,816,18,815,1,15,warmup
35,6,2,422,18,421,1,8,warmup
36,6,2,160,18,159,0,5,never_changed
37,6,2,212,18,211,1,7,warmup
39,6,2,816,18,815,1,8,warmup
40,6,2,155,18,154,0,4,never_changed
41,7,2,261,18,260,0,13,never_changed
42,7,2,261,18,260,0,13,never_changed
43,8,2,816,18,815,1,21,warmup
44,8,2,816,18,815,1,21,warmup
47,10,2,816,24,815,1,9,warmup
48,10,2,816,24,815,1,9,warmup
49,10,2,816,24,815,1,9,warmup
50,10,2,816,24,815,1,9,warmup
51,10,2,816,24,815,1,9,warmup
52,11,2,283,18,282,0,6,never_changed
54,11,2,283,18,282,0,6,never_changed
56,11,2,259,18,258,0,6,never_changed
58,11,2,259,18,258,0,6,never_changed
59,12,2,283,18,282,0,3,never_changed
60,12,2,283,18,282,0,3,never_changed
61,13,2,283,18,282,0,6,never_changed
62,13,2,816,18,815,1,8,warmup
63,14,2,283,18,282,0,11,never_changed
64,14,2,283,18,282,0,11,never_changed
65,14,2,159,18,158,0,0,never_changed
66,15,2,259,18,258,0,9,never_changed
67,15,2,259,18,258,0,9,never_changed
68,16,2,259,18,258,0,7,never_changed
69,16,2,259,18,258,0,7,never_changed
70,17,2,283,18,282,0,15,never_changed
72,18,2,283,18,282,1,10,warmup
73,18,2,283,18,282,1,10,warmup
74,19,2,816,18,815,1,11,warmup
75,19,2,816,18,815,1,11,warmup
76,19,2,816,18,815,1,11,warmup
78,20,2,217,18,216,0,7,never_changed
80,21,2,816,18,815,1,20,warmup
81,21,2,816,18,815,1,20,warmup
82,22,2,36,18,35,0,0,never_changed
83,22,2,36,18,35,0,0,never_changed
84,22,2,36,18,35,0,0,never_changed
85,23,2,816,18,815,1,31,warmup
86,23,2,816,18,815,1,31,warmup
89,24,2,816,18,815,1,39,warmup
90,24,2,816,18,815,1,39,warmup
91,25,2,96,18,95,0,0,never_changed
92,25,2,96,18,95,0,0,never_changed
93,26,2,96,18,95,0,0,never_changed
96,27,2,96,18,95,0,0,never_changed
97,27,2,96,18,95,0,0,never_changed
98,28,2,96,18,95,0,0,never_changed
99,28,2,96,18,95,0,0,never_changed
100,29,2,96,18,95,0,0,never_changed
101,29,2,96,18,95,0,0,never_changed
102,30,2,96,18,95,0,0,never_changed
103,30,2,96,18,95,0,0,never_changed
104,30,2,96,18,95,0,0,never_changed
105,31,2,96,18,95,1,0,warmup
106,31,2,96,18,95,0,0,never_changed
107,32,2,816,18,815,1,76,warmup
108,32,2,816,18,815,1,76,warmup
109,33,2,272,18,271,0,3,never_changed
110,33,2,816,18,815,1,74,warmup
111,33,2,816,18,815,1,74,warmup
112,34,2,816,18,815,1,72,warmup
114,34,2,816,18,815,1,72,warmup
116,35,2,816,18,815,1,98,warmup
117,35,2,816,18,815,1,98,warmup
118,36,2,816,18,815,1,32,warmup
119,36,2,816,18,815,1,32,warmup
121,37,2,17,18,16,0,24,never_changed
122,38,2,272,18,271,0,8,never_changed
124,39,2,816,18,815,1,65,warmup
125,39,2,816,18,815,1,65,warmup
126,40,2,816,18,815,1,75,warmup
127,40,2,816,18,815,1,75,warmup
128,41,2,816,18,815,1,67,warmup
130,42,2,816,18,815,1,61,warmup
131,42,2,816,18,815,1,61,warmup
132,43,2,155,18,154,0,7,never_changed
133,43,2,155,18,154,0,7,never_changed
137,45,2,27,18,26,0,0,never_changed
138,45,2,36,18,35,0,0,never_changed
140,46,2,816,18,815,1,40,warmup
141,46,2,816,18,815,1,40,warmup
142,47,2,816,18,815,1,31,warmup
143,47,2,816,18,815,1,31,warmup
144,48,2,416,18,415,0,19,never_changed
145,48,2,416,18,415,1,19,warmup
154,4,43,816,0,774,1,14,warmup
156,37,97,816,0,720,1,32,warmup
157,42,97,816,0,720,1,60,warmup
158,42,97,816,0,720,1,60,warmup
159,43,97,816,0,720,1,36,warmup
160,44,97,816,0,720,1,35,warmup
161,44,97,816,0,720,1,35,warmup
162,45,97,816,0,720,1,39,warmup
163,45,97,816,0,720,1,39,warmup
164,46,97,138,139,42,1,15,warmup
165,46,97,136,137,40,0,14,never_changed
166,46,97,136,137,40,0,14,never_changed
168,47,97,344,345,248,0,20,never_changed
169,47,97,344,345,248,0,20,never_changed
171,46,137,138,139,2,1,15,warmup
172,46,137,138,139,2,1,15,warmup
173,46,137,138,139,2,1,15,warmup
174,4,147,816,0,670,1,14,warmup
175,4,150,158,159,9,0,6,never_changed
176,7,156,422,423,267,1,17,warmup
177,36,156,160,161,5,0,4,never_changed
178,36,156,160,161,5,0,4,never_changed
181,4,161,816,0,656,1,14,warmup
184,5,173,816,0,644,1,17,warmup
185,25,173,816,341,644,0,31,never_changed
186,25,173,340,341,168,0,2,never_changed
189,4,200,283,284,84,0,11,never_changed
190,5,200,283,284,84,0,13,never_changed
192,55,201,816,0,616,1,28,warmup
194,40,213,816,0,604,1,74,warmup
199,14,215,330,331,116,0,10,never_changed
200,14,215,460,461,246,1,8,warmup
202,16,215,283,284,69,0,12,never_changed
203,16,215,283,284,69,0,12,never_changed
204,17,215,283,284,69,0,14,never_changed
207,19,215,283,284,69,0,6,never_changed
209,19,215,460,461,246,1,2,warmup
211,23,215,283,284,69,0,6,never_changed
212,43,221,816,0,596,1,36,warmup
214,2,242,390,389,149,0,5,never_changed
215,2,242,390,389,149,0,5,never_changed
216,8,242,816,0,575,1,20,warmup
217,12,242,816,0,575,1,6,warmup
218,37,242,816,0,575,1,32,warmup
220,46,242,525,526,284,1,29,warmup
221,47,242,468,469,227,1,22,warmup
222,47,242,468,469,227,1,22,warmup
223,15,247,816,423,570,1,14,warmup
226,22,260,283,284,24,1,9,warmup
228,44,262,328,329,67,1,18,warmup
229,44,262,328,329,67,0,18,never_changed
230,8,264,816,0,553,1,20,warmup
231,14,264,816,0,553,1,7,warmup
232,15,264,816,0,553,1,13,warmup
233,16,264,264,265,1,0,13,never_changed
234,16,264,264,265,1,0,13,never_changed
236,17,264,452,453,189,1,11,warmup
238,17,264,264,265,1,0,15,never_changed
240,25,267,283,284,17,0,7,never_changed
241,28,267,283,284,17,1,2,warmup
243,35,273,816,0,544,1,97,warmup
250,29,274,283,284,10,0,6,never_changed
251,25,282,283,284,2,1,7,warmup
252,7,286,460,461,175,1,19,warmup
253,7,286,816,0,531,1,19,warmup
256,7,329,816,0,488,1,19,warmup
260,56,341,816,0,476,1,29,warmup
261,12,400,400,401,1,1,3,warmup
263,29,417,419,420,3,1,5,warmup
265,33,423,816,0,394,1,73,warmup
266,14,431,434,435,4,1,9,warmup
268,22,435,816,0,382,1,31,warmup
270,23,435,816,0,382,1,30,warmup
272,24,435,816,0,382,1,38,warmup
273,25,435,816,0,382,1,30,warmup
276,7,459,578,579,120,1,21,warmup
277,7,459,578,579,120,0,21,never_changed
278,10,459,816,0,358,0,8,never_changed
279,10,459,816,0,358,0,8,never_changed
287,21,461,816,0,356,0,19,never_changed
289,22,461,790,791,330,1,32,warmup
293,24,461,633,634,173,1,19,warmup
302,28,461,816,0,356,1,14,warmup
303,28,461,467,468,7,1,8,warmup
305,29,461,467,468,7,0,38,never_changed
308,30,461,467,468,7,0,43,never_changed
314,30,461,816,0,356,1,49,warmup
317,30,461,461,462,1,0,43,never_changed
319,30,461,816,0,356,1,49,warmup
320,30,461,816,0,356,1,49,warmup
323,30,461,816,0,356,1,49,warmup
324,30,461,816,0,356,1,49,warmup
325,30,461,469,470,9,1,43,warmup
327,30,461,816,0,356,1,49,warmup
331,30,461,629,630,169,1,41,warmup
332,31,461,816,0,356,1,49,warmup
333,31,461,816,0,356,1,49,warmup
334,31,461,816,0,356,1,49,warmup
335,31,461,816,0,356,1,49,warmup
340,35,461,762,468,302,1,101,warmup
343,36,461,816,0,356,1,31,warmup
348,37,461,816,0,356,1,32,warmup
349,71,461,467,468,7,0,15,never_changed
350,71,461,816,0,356,1,16,warmup
352,72,461,816,0,356,1,21,warmup
353,73,461,816,0,356,1,23,warmup
354,73,461,816,0,356,1,23,warmup
362,38,470,816,0,347,0,68,never_changed
363,9,474,478,479,5,0,5,never_changed
364,20,479,816,0,338,0,11,never_changed
365,20,479,816,0,338,0,11,never_changed
366,7,487,816,0,330,1,19,warmup
367,58,495,816,0,322,1,31,warmup
369,56,526,645,646,120,0,27,never_changed
371,29,586,816,0,231,1,43,warmup
372,36,586,796,797,211,1,35,warmup
373,36,586,796,797,211,1,35,warmup
374,8,591,706,707,116,0,21,never_changed
375,14,591,706,707,116,0,8,never_changed
376,22,591,706,707,116,0,34,never_changed
377,22,591,816,707,226,0,32,never_changed
378,23,591,706,707,116,0,35,never_changed
379,23,591,706,707,116,0,35,never_changed
380,24,591,706,707,116,0,43,never_changed
381,24,591,706,707,116,0,43,never_changed
382,25,591,706,707,116,0,39,never_changed
383,25,591,706,707,116,0,39,never_changed
384,25,591,706,707,116,0,39,never_changed
385,26,591,706,707,116,0,38,never_changed
386,26,591,706,707,116,0,38,never_changed
387,27,591,706,707,116,0,33,never_changed
388,27,591,706,707,116,0,33,never_changed
389,28,591,706,707,116,0,20,never_changed
390,28,591,706,707,116,0,20,never_changed
391,21,592,816,0,225,1,19,warmup
392,25,623,706,707,84,1,39,warmup
393,25,623,706,707,84,1,39,warmup
394,22,629,816,0,188,0,31,never_changed
395,22,629,816,0,188,0,31,never_changed
400,38,644,816,0,173,1,68,warmup
401,4,654,816,0,163,1,14,warmup
402,5,654,657,658,4,1,17,warmup
403,8,654,816,0,163,0,20,never_changed
404,12,654,816,0,163,1,6,warmup
405,30,654,816,0,163,1,49,warmup
407,32,654,816,0,163,1,75,warmup
408,34,654,658,659,5,1,51,warmup
409,35,654,816,0,163,1,97,warmup
410,36,654,816,0,163,1,31,warmup
411,38,654,816,0,163,1,68,warmup
412,39,654,816,0,163,1,64,warmup
414,40,654,816,0,163,1,74,warmup
415,42,654,816,0,163,1,60,warmup
420,47,654,816,0,163,1,30,warmup
421,77,654,816,0,163,1,23,warmup
422,80,654,816,0,163,0,37,never_changed
423,80,654,816,0,163,1,37,warmup
424,82,654,656,657,3,0,9,never_changed
426,85,654,816,0,163,0,22,never_changed
428,89,654,656,657,3,1,14,warmup
431,42,657,816,0,160,1,60,warmup
432,5,658,816,0,159,1,17,warmup
434,33,664,816,0,153,1,73,warmup
435,45,664,762,763,99,1,40,warmup
436,67,675,816,0,142,1,28,warmup
437,4,682,816,0,135,0,14,never_changed
438,8,682,816,0,135,1,20,warmup
439,12,682,816,0,135,0,6,never_changed
440,18,682,816,0,135,0,10,never_changed
441,19,682,816,0,135,0,10,never_changed
442,20,682,816,0,135,1,11,warmup
443,21,682,816,0,135,0,19,never_changed
444,21,682,816,0,135,0,19,never_changed
445,21,682,816,0,135,0,19,never_changed
446,21,682,816,0,135,0,19,never_changed
447,22,682,816,0,135,0,31,never_changed
448,23,682,816,0,135,0,30,never_changed
449,24,682,816,0,135,0,38,never_changed
452,24,682,816,0,135,1,38,warmup
453,24,682,816,0,135,1,38,warmup
454,24,682,816,0,135,1,38,warmup
455,24,682,816,0,135,1,38,warmup
456,24,682,816,0,135,1,38,warmup
457,24,682,816,0,135,1,38,warmup
458,24,682,816,0,135,0,38,never_changed
459,24,682,816,0,135,1,38,warmup
460,24,682,816,0,135,0,38,never_changed
461,24,682,816,0,135,1,38,warmup
462,25,682,816,0,135,0,30,never_changed
463,25,682,796,797,115,0,31,never_changed
464,25,682,816,0,135,0,30,never_changed
465,26,682,754,755,73,0,31,never_changed
466,26,682,754,755,73,0,31,never_changed
467,27,682,816,0,135,0,27,never_changed
468,28,682,816,0,135,0,14,never_changed
469,29,682,816,0,135,0,43,never_changed
470,29,682,816,0,135,0,43,never_changed
471,30,682,816,0,135,0,49,never_changed
472,30,682,816,0,135,0,49,never_changed
473,31,682,816,0,135,0,49,never_changed
474,32,682,816,0,135,0,75,never_changed
475,32,682,816,0,135,0,75,never_changed
477,32,682,816,0,135,0,75,never_changed
478,32,682,816,0,135,0,75,never_changed
479,32,682,816,0,135,0,75,never_changed
480,32,682,816,0,135,0,75,never_changed
482,32,682,686,687,5,0,79,never_changed
484,32,682,816,0,135,0,75,never_changed
486,32,682,816,0,135,0,75,never_changed
487,32,682,816,0,135,0,75,never_changed
488,32,682,816,0,135,0,75,never_changed
489,32,682,816,0,135,0,75,never_changed
490,32,682,816,0,135,0,75,never_changed
491,32,682,816,0,135,0,75,never_changed
492,32,682,816,0,135,0,75,never_changed
493,33,682,816,0,135,0,73,never_changed
494,33,682,816,0,135,0,73,never_changed
495,34,682,816,0,135,0,71,never_changed
496,34,682,816,0,135,0,71,never_changed
497,35,682,796,797,115,0,100,never_changed
498,35,682,796,797,115,0,100,never_changed
499,36,682,699,700,18,0,38,never_changed
500,36,682,816,0,135,0,31,never_changed
501,36,682,816,0,135,0,31,never_changed
502,36,682,816,0,135,0,31,never_changed
503,36,682,730,731,49,0,37,never_changed
504,37,682,796,797,115,0,36,never_changed
505,37,682,796,797,115,1,36,warmup
506,38,682,816,0,135,0,68,never_changed
507,38,682,816,0,135,0,68,never_changed
508,39,682,816,0,135,0,64,never_changed
509,39,682,816,0,135,0,64,never_changed
510,40,682,816,0,135,1,74,warmup
512,41,682,816,0,135,0,66,never_changed
513,41,682,816,0,135,1,66,warmup
514,42,682,816,0,135,0,60,never_changed
515,42,682,816,0,135,0,60,never_changed
516,43,682,816,0,135,0,36,never_changed
517,44,682,816,0,135,0,35,never_changed
518,44,682,816,0,135,0,35,never_changed
519,45,682,816,0,135,0,39,never_changed
520,45,682,816,0,135,0,39,never_changed
521,46,682,730,731,49,0,40,never_changed
522,47,682,816,0,135,0,30,never_changed
523,48,682,816,0,135,0,30,never_changed
524,49,682,816,0,135,1,27,warmup
525,49,682,816,0,135,1,27,warmup
526,1,693,816,0,124,0,23,never_changed
527,1,693,816,0,124,0,23,never_changed
528,1,693,816,0,124,0,23,never_changed
529,1,693,816,0,124,0,23,never_changed
530,5,693,816,0,124,0,17,never_changed
531,12,693,784,785,92,1,8,warmup
532,18,693,816,0,124,1,10,warmup
533,19,693,816,0,124,0,10,never_changed
534,20,693,784,785,92,1,13,warmup
535,22,693,816,0,124,0,31,never_changed
536,22,693,695,696,3,1,32,warmup
538,22,693,816,0,124,0,31,never_changed
539,22,693,816,0,124,1,31,warmup
540,23,693,784,785,92,0,32,never_changed
541,24,693,816,0,124,0,38,never_changed
542,25,693,816,0,124,0,30,never_changed
543,28,693,816,0,124,0,14,never_changed
544,29,693,816,0,124,1,43,warmup
545,30,693,693,694,1,0,52,never_changed
546,30,693,693,694,1,0,52,never_changed
547,31,693,693,694,1,0,53,never_changed
548,31,693,693,694,1,0,53,never_changed
549,49,693,784,785,92,0,28,never_changed
550,62,693,816,0,124,1,33,warmup
551,97,693,696,697,4,0,18,never_changed
552,100,693,697,698,5,0,23,never_changed
553,100,693,697,698,5,1,23,warmup
554,103,693,816,0,124,0,21,never_changed
555,22,696,816,0,121,1,31,warmup
556,22,696,816,0,121,1,31,warmup
557,40,696,816,0,121,1,74,warmup
558,106,696,816,0,121,1,26,warmup
560,39,699,816,0,118,1,64,warmup
561,21,700,816,0,117,0,19,never_changed
562,34,710,816,0,107,0,71,never_changed
563,56,710,816,0,107,0,29,never_changed
564,57,710,816,0,107,0,35,never_changed
565,57,710,816,0,107,0,35,never_changed
566,58,710,816,0,107,0,31,never_changed
567,58,710,816,0,107,0,31,never_changed
568,59,710,816,0,107,0,25,never_changed
569,59,710,816,0,107,0,25,never_changed
570,60,710,816,0,107,0,26,never_changed
571,60,710,816,0,107,0,26,never_changed
572,61,710,816,0,107,0,29,never_changed
573,61,710,816,0,107,0,29,never_changed
574,61,710,816,0,107,0,29,never_changed
575,62,710,816,0,107,0,33,never_changed
576,62,710,816,0,107,0,33,never_changed
577,63,710,816,0,107,0,31,never_changed
578,63,710,816,0,107,0,31,never_changed
579,64,710,816,0,107,0,30,never_changed
580,64,710,816,0,107,0,30,never_changed
581,64,710,816,0,107,0,30,never_changed
582,65,710,816,0,107,0,30,never_changed
583,65,710,816,0,107,0,30,never_changed
584,65,710,816,0,107,0,30,never_changed
585,66,710,816,0,107,0,25,never_changed
586,66,710,816,0,107,0,25,never_changed
587,67,710,816,0,107,0,28,never_changed
588,67,710,816,0,107,0,28,never_changed
589,68,710,816,0,107,0,27,never_changed
590,68,710,816,0,107,0,27,never_changed
591,10,711,816,0,106,1,8,warmup
592,10,711,816,0,106,1,8,warmup
593,11,711,816,0,106,0,14,never_changed
594,11,711,816,0,106,1,14,warmup
595,11,711,816,0,106,0,14,never_changed
596,11,711,816,0,106,0,14,never_changed
597,11,711,816,0,106,1,14,warmup
598,11,711,816,0,106,1,14,warmup
599,11,711,816,0,106,0,14,never_changed
601,1,717,816,0,100,0,23,never_changed
602,45,717,816,0,100,0,39,never_changed
603,51,717,816,0,100,0,32,never_changed
604,51,717,816,0,100,0,32,never_changed
605,51,717,816,0,100,0,32,never_changed
606,78,717,816,0,100,0,29,never_changed
607,78,717,816,0,100,0,29,never_changed
608,78,717,816,0,100,0,29,never_changed
609,79,717,816,0,100,0,29,never_changed
610,79,717,816,0,100,0,29,never_changed
611,80,717,816,0,100,0,37,never_changed
612,80,717,816,0,100,0,37,never_changed
613,81,717,734,735,18,0,23,never_changed
615,81,717,816,0,100,0,26,never_changed
616,82,717,816,0,100,0,29,never_changed
617,82,717,816,0,100,0,29,never_changed
618,83,717,816,770,100,0,21,never_changed
619,83,717,816,770,100,0,21,never_changed
620,84,717,816,0,100,0,26,never_changed
621,84,717,816,0,100,0,26,never_changed
622,85,717,771,772,55,0,24,never_changed
623,85,717,771,772,55,0,24,never_changed
625,117,735,816,0,82,0,13,never_changed
628,40,742,816,0,75,1,74,warmup
629,113,742,816,0,75,0,14,never_changed
630,113,742,816,0,75,1,14,warmup
631,114,742,816,0,75,1,15,warmup
632,27,755,816,0,62,1,27,warmup
633,29,755,816,0,62,1,43,warmup
634,29,755,816,0,62,1,43,warmup
635,35,755,816,0,62,1,97,warmup
636,35,755,816,0,62,1,97,warmup
638,82,770,816,0,47,0,29,never_changed
639,1,771,816,0,46,0,23,never_changed
640,45,771,816,0,46,0,39,never_changed
641,45,771,816,0,46,1,39,warmup
642,78,771,816,0,46,0,29,never_changed
643,78,771,816,0,46,0,29,never_changed
644,79,771,816,0,46,0,29,never_changed
645,79,771,816,0,46,0,29,never_changed
646,80,771,816,0,46,0,37,never_changed
647,80,771,816,0,46,0,37,never_changed
648,81,771,772,773,2,0,26,never_changed
649,81,771,772,773,2,0,26,never_changed
650,82,771,816,0,46,0,29,never_changed
651,82,771,816,0,46,0,29,never_changed
652,82,771,816,0,46,0,29,never_changed
653,83,771,816,0,46,0,20,never_changed
654,83,771,816,0,46,0,20,never_changed
655,84,771,816,0,46,0,26,never_changed
656,84,771,816,0,46,0,26,never_changed
657,85,771,816,0,46,0,22,never_changed
658,85,771,816,0,46,0,22,never_changed
659,86,771,816,0,46,1,30,warmup
660,86,771,816,0,46,0,30,never_changed
661,86,771,816,0,46,0,30,never_changed
662,86,771,816,0,46,1,30,warmup
663,86,771,816,0,46,0,30,never_changed
664,86,771,816,0,46,0,30,never_changed
665,86,771,816,0,46,0,30,never_changed
666,86,771,816,0,46,0,30,never_changed
667,86,771,816,0,46,1,30,warmup
668,87,771,816,0,46,1,22,warmup
669,87,771,816,0,46,1,22,warmup
670,88,771,816,0,46,0,23,never_changed
671,88,771,816,0,46,0,23,never_changed
672,88,771,816,0,46,0,23,never_changed
673,89,771,816,0,46,1,18,warmup
674,89,771,816,0,46,1,18,warmup
675,90,771,816,0,46,0,21,never_changed
676,90,771,816,0,46,0,21,never_changed
677,91,771,787,788,17,0,18,never_changed
678,91,771,787,788,17,0,18,never_changed
679,81,773,816,0,44,0,26,never_changed
680,81,773,816,0,44,0,26,never_changed
682,135,786,816,0,31,0,2,never_changed
683,90,788,816,0,29,1,21,warmup
684,90,788,816,0,29,0,21,never_changed
685,28,797,816,0,20,1,14,warmup
687,102,805,816,0,12,0,19,never_changed
688,35,815,816,0,2,1,97,warmup
