verification_revision,gcid,classid,decision_index,prev_change_revision,gap_since_prev_change,n_prior_changes,n_prior_co_changes,n_prior_solo_changes,co_change_ratio,solo_change_ratio,revs_since_last_change,revs_since_last_co_change,revs_since_last_solo_change,solo_events_since_last_co_change,recent_co_ratio_last5,recent_solo_ratio_last5,nlines,similarity,file_age,change_density,stability_index,class_size,alive_peer_count,frac_peers_same_file,frac_peers_same_method,mean_peer_co_ratio,max_peer_co_ratio,min_peer_co_ratio,mean_peer_depth,independent_ratio_decay_h10,coupling_strength_decay_h10,independent_ratio_decay_h20,coupling_strength_decay_h20,independent_ratio_decay_h50,coupling_strength_decay_h50,coupling_trend,cumulative_churn,distinct_authors,major_author_prop,label
39,134,44,2,37,2,1,1,0,1.0,0.0,2,2,-1,0,1.0,0.0,6,75,37,0.027,0.0331,66,4,1.0,0.0,0.0,0.0,0.0,0.0,0.0,1.0,0.0,1.0,0.0,1.0,0.0,224,1,1.0,1
39,134,44,3,39,0,1,1,0,1.0,0.0,2,2,-1,0,1.0,0.0,6,75,37,0.027,0.0331,66,4,1.0,0.0,0.0,0.0,0.0,0.0,0.0,1.0,0.0,1.0,0.0,1.0,0.0,224,1,1.0,1
39,135,44,2,37,2,1,1,0,1.0,0.0,2,2,-1,0,1.0,0.0,6,75,37,0.027,0.0331,66,4,1.0,0.0,0.0,0.0,0.0,0.0,0.0,1.0,0.0,1.0,0.0,1.0,0.0,224,1,1.0,1
39,136,45,2,37,2,1,1,0,1.0,0.0,2,2,-1,0,1.0,0.0,8,83,37,0.027,0.0331,67,3,1.0,0.0,0.0,0.0,0.0,0.0,0.0,1.0,0.0,1.0,0.0,1.0,0.0,224,1,1.0,1
39,139,45,3,37,2,2,1,0,0.5,0.0,2,2,-1,0,1.0,0.0,8,83,37,0.0541,0.0442,67,3,1.0,0.0,0.0,0.0,0.0,0.0,0.0,1.0,0.0,1.0,0.0,1.0,0.0,448,1,1.0,1
39,139,45,4,39,0,2,1,0,0.5,0.0,2,2,-1,0,1.0,0.0,8,83,37,0.0541,0.0442,67,3,1.0,0.0,0.0,0.0,0.0,0.0,0.0,1.0,0.0,1.0,0.0,1.0,0.0,448,1,1.0,1
65,134,44,4,39,26,3,2,0,0.6667,0.0,26,26,-1,0,1.0,0.0,6,75,63,0.0476,0.0945,66,4,1.0,0.0,0.5,0.6667,0.0,0.0,0.0,1.0,0.0,1.0,0.0,1.0,0.0,508,1,1.0,1
65,134,44,5,65,0,3,2,0,0.6667,0.0,26,26,-1,0,1.0,0.0,6,75,63,0.0476,0.0945,66,4,1.0,0.0,0.5,0.6667,0.0,0.0,0.0,1.0,0.0,1.0,0.0,1.0,0.0,508,1,1.0,1
65,139,45,5,39,26,4,2,0,0.5,0.0,26,26,-1,0,1.0,0.0,8,83,63,0.0635,0.1055,67,3,1.0,0.0,0.5,0.5,0.5,0.0,0.0,1.0,0.0,1.0,0.0,1.0,0.0,732,1,1.0,0
96,134,44,6,65,31,5,3,0,0.6,0.0,31,31,-1,0,1.0,0.0,6,75,94,0.0532,0.1681,66,4,1.0,0.0,0.4,0.4,0.4,0.0,0.0,1.0,0.0,1.0,0.0,1.0,0.0,536,1,1.0,0
96,134,44,7,96,0,5,3,0,0.6,0.0,31,31,-1,0,1.0,0.0,6,75,94,0.0532,0.1681,66,4,1.0,0.0,0.4,0.4,0.4,0.0,0.0,1.0,0.0,1.0,0.0,1.0,0.0,536,1,1.0,0
96,139,45,6,65,31,5,3,0,0.6,0.0,31,31,-1,0,1.0,0.0,8,83,94,0.0532,0.1804,67,3,1.0,0.0,0.4,0.4,0.4,0.0,0.0,1.0,0.0,1.0,0.0,1.0,0.0,746,1,1.0,1
96,139,45,7,96,0,5,3,0,0.6,0.0,31,31,-1,0,1.0,0.0,8,83,94,0.0532,0.1804,67,3,1.0,0.0,0.4,0.4,0.4,0.0,0.0,1.0,0.0,1.0,0.0,1.0,0.0,746,1,1.0,1
137,167,46,2,106,31,1,0,1,0.0,1.0,31,-1,31,1,0.0,1.0,5,75,40,0.025,0.0528,74,15,0.8667,0.0,0.0,0.0,0.0,0.13,1.0,0.0,1.0,0.0,1.0,0.0,0.0,17,1,1.0,1
163,120,37,2,163,0,0,0,0,0.0,0.0,161,-1,-1,0,0.0,0.0,5,100,161,0.0,0.3546,71,5,0.2,0.0,0.0,0.0,0.0,0.8,0.0,0.0,0.0,0.0,0.0,0.0,0.0,0,0,0.0,1
163,134,44,8,96,67,7,4,0,0.5714,0.0,67,67,-1,0,1.0,0.0,6,75,161,0.0435,0.3301,66,9,0.4444,0.0,0.127,0.2857,0.0,0.56,0.0,1.0,0.0,1.0,0.0,1.0,0.0,540,1,1.0,1
163,150,44,2,65,98,1,1,0,1.0,0.0,98,98,-1,0,1.0,0.0,6,100,124,0.0081,0.1581,66,8,0.375,0.125,0.0,0.0,0.0,0.62,0.0,1.0,0.0,1.0,0.0,1.0,0.0,14,1,1.0,1
163,151,44,2,39,124,1,1,0,1.0,0.0,124,124,-1,0,1.0,0.0,6,100,124,0.0081,0.1581,66,8,0.375,0.125,0.25,1.0,0.0,0.62,0.0,1.0,0.0,1.0,0.0,1.0,0.0,142,1,1.0,1
187,120,37,3,163,24,2,1,0,0.5,0.0,24,24,-1,0,1.0,0.0,5,100,185,0.0108,0.411,71,5,0.2,0.0,0.2,1.0,0.0,0.8,0.0,1.0,0.0,1.0,0.0,1.0,0.0,86,1,1.0,0
187,120,37,4,187,0,2,1,0,0.5,0.0,24,24,-1,0,1.0,0.0,5,100,185,0.0108,0.411,71,5,0.2,0.0,0.2,1.0,0.0,0.8,0.0,1.0,0.0,1.0,0.0,1.0,0.0,86,1,1.0,0
190,134,44,9,163,27,8,5,0,0.625,0.0,27,27,-1,0,1.0,0.0,6,75,188,0.0426,0.3951,66,10,0.5,0.0,0.125,0.375,0.0,0.5,0.0,1.0,0.0,1.0,0.0,1.0,0.0,597,1,1.0,1
190,136,45,3,39,151,2,2,0,1.0,0.0,151,151,-1,0,1.0,0.0,8,83,188,0.0106,0.2172,67,13,0.3077,0.0,0.1154,0.5,0.0,0.69,0.0,1.0,0.0,1.0,0.0,1.0,0.0,366,1,1.0,1
190,139,45,8,96,94,7,4,0,0.5714,0.0,94,94,-1,0,1.0,0.0,8,83,188,0.0372,0.4086,67,13,0.3077,0.0,0.0879,0.5714,0.0,0.69,0.0,1.0,0.0,1.0,0.0,1.0,0.0,750,1,1.0,1
190,139,45,9,190,0,7,4,0,0.5714,0.0,94,94,-1,0,1.0,0.0,8,83,188,0.0372,0.4086,67,13,0.3077,0.0,0.0879,0.5714,0.0,0.69,0.0,1.0,0.0,1.0,0.0,1.0,0.0,750,1,1.0,1
190,152,47,2,39,151,1,1,0,1.0,0.0,151,151,-1,0,1.0,0.0,6,80,151,0.0066,0.1928,64,15,0.2667,0.0,0.1333,1.0,0.0,0.73,0.0,1.0,0.0,1.0,0.0,1.0,0.0,142,1,1.0,1
200,170,4,2,119,81,1,0,1,0.0,1.0,81,-1,81,1,0.0,1.0,8,71,81,0.0123,0.0372,42,11,0.1818,0.0909,0.0,0.0,0.0,0.82,1.0,0.0,1.0,0.0,1.0,0.0,0.0,54,1,1.0,1
201,148,49,2,32,169,1,0,1,0.0,1.0,169,-1,169,1,0.0,1.0,18,73,199,0.005,0.3962,70,12,0.0,0.0,0.0,0.0,0.0,1.0,1.0,0.0,1.0,0.0,1.0,0.0,0.0,16,1,1.0,0
258,148,49,3,201,57,2,0,2,0.0,1.0,57,-1,57,2,0.0,1.0,18,73,256,0.0078,0.5136,70,19,0.0,0.0,0.0,0.0,0.0,1.0,1.0,0.0,1.0,0.0,1.0,0.0,0.0,26,1,1.0,0
258,148,49,4,258,0,2,0,2,0.0,1.0,57,-1,57,2,0.0,1.0,18,73,256,0.0078,0.5136,70,19,0.0,0.0,0.0,0.0,0.0,1.0,1.0,0.0,1.0,0.0,1.0,0.0,0.0,26,1,1.0,0
259,147,49,2,258,1,1,1,0,1.0,0.0,1,1,-1,0,1.0,0.0,17,76,257,0.0039,0.3031,70,19,0.0,0.0,0.0,0.0,0.0,1.0,0.0,1.0,0.0,1.0,0.0,1.0,0.0,34,1,1.0,0
259,148,49,5,258,1,4,1,2,0.25,0.5,1,1,58,0,0.5,0.5,18,73,257,0.0156,0.5136,70,19,0.0,0.0,0.0,0.0,0.0,1.0,0.0095,0.9905,0.065,0.935,0.1991,0.8009,1.0,94,1,1.0,0
260,55,11,2,188,72,1,0,1,0.0,1.0,72,-1,72,1,0.0,1.0,5,75,258,0.0039,1.1348,36,6,0.0,0.0,0.0,0.0,0.0,1.0,1.0,0.0,1.0,0.0,1.0,0.0,0.0,3,1,1.0,0
260,55,11,3,260,0,1,0,1,0.0,1.0,72,-1,72,1,0.0,1.0,5,75,258,0.0039,1.1348,36,6,0.0,0.0,0.0,0.0,0.0,1.0,1.0,0.0,1.0,0.0,1.0,0.0,0.0,3,1,1.0,0
260,57,11,2,260,0,0,0,0,0.0,0.0,258,-1,-1,0,0.0,0.0,5,75,258,0.0,0.883,36,6,0.0,0.0,0.0,0.0,0.0,1.0,0.0,0.0,0.0,0.0,0.0,0.0,0.0,0,0,0.0,0
260,225,15,2,260,0,0,0,0,0.0,0.0,0,-1,-1,0,0.0,0.0,8,83,0,0.0,0.0,40,9,0.0,0.0,0.0,0.0,0.0,1.0,0.0,0.0,0.0,0.0,0.0,0.0,0.0,0,0,0.0,0
267,55,11,4,260,7,3,1,1,0.3333,0.3333,7,7,79,0,0.6667,0.3333,5,75,265,0.0113,1.1773,36,6,0.0,0.0,0.0,0.0,0.0,1.0,0.0034,0.9966,0.0396,0.9604,0.1556,0.8444,0.0,129,1,1.0,0
267,71,17,2,260,7,1,1,0,1.0,0.0,7,7,-1,0,1.0,0.0,38,75,265,0.0038,0.9043,38,15,0.1333,0.0,0.0,0.0,0.0,0.87,0.0,1.0,0.0,1.0,0.0,1.0,0.0,63,1,1.0,0
267,210,23,2,267,0,0,0,0,0.0,0.0,52,-1,-1,0,0.0,0.0,8,71,52,0.0,0.7536,64,4,0.25,0.0,0.0,0.0,0.0,0.75,0.0,0.0,0.0,0.0,0.0,0.0,0.0,0,0,0.0,0
273,120,37,5,187,86,4,1,1,0.25,0.25,86,110,86,1,0.5,0.5,5,100,271,0.0148,0.6196,71,12,0.1667,0.0,0.0417,0.5,0.0,0.83,0.8407,0.1593,0.6967,0.3033,0.5824,0.4176,-1.0,90,1,1.0,1
273,120,37,6,273,0,4,1,1,0.25,0.25,86,110,86,1,0.5,0.5,5,100,271,0.0148,0.6196,71,12,0.1667,0.0,0.0417,0.5,0.0,0.83,0.8407,0.1593,0.6967,0.3033,0.5824,0.4176,-1.0,90,1,1.0,1
273,123,38,2,151,122,1,0,1,0.0,1.0,122,-1,122,1,0.0,1.0,12,100,271,0.0037,0.3202,111,8,0.0,0.0,0.0,0.0,0.0,1.0,1.0,0.0,1.0,0.0,1.0,0.0,0.0,10,1,1.0,0
273,248,44,2,273,0,0,0,0,0.0,0.0,0,-1,-1,0,0.0,0.0,5,75,0,0.0,0.0,66,19,0.1579,0.0,0.0,0.0,0.0,0.84,0.0,0.0,0.0,0.0,0.0,0.0,0.0,0,0,0.0,1
273,249,44,2,273,0,0,0,0,0.0,0.0,0,-1,-1,0,0.0,0.0,9,100,0,0.0,0.0,66,19,0.1579,0.0,0.0,0.0,0.0,0.84,0.0,0.0,0.0,0.0,0.0,0.0,0.0,0,0,0.0,1
274,71,17,3,267,7,2,2,0,1.0,0.0,7,7,-1,0,1.0,0.0,38,75,272,0.0074,0.9255,38,15,0.1333,0.0,0.0,0.0,0.0,0.87,0.0,1.0,0.0,1.0,0.0,1.0,0.0,181,1,1.0,0
282,12,4,2,274,8,1,0,1,0.0,1.0,8,-1,8,1,0.0,1.0,32,70,280,0.0036,0.9787,42,12,0.0833,0.0,0.0,0.0,0.0,0.92,1.0,0.0,1.0,0.0,1.0,0.0,0.0,8,1,1.0,0
282,53,11,2,282,0,0,0,0,0.0,0.0,280,-1,-1,0,0.0,0.0,7,71,280,0.0,0.961,36,6,0.0,0.0,0.0,0.0,0.0,1.0,0.0,0.0,0.0,0.0,0.0,0.0,0.0,0,0,0.0,0
282,55,11,5,267,15,4,1,2,0.25,0.5,15,22,15,1,0.5,0.5,5,75,280,0.0143,1.2801,36,6,0.0,0.0,0.0,0.0,0.0,1.0,0.4492,0.5508,0.4042,0.5958,0.4237,0.5763,0.0,247,1,1.0,0
282,55,11,6,282,0,4,1,2,0.25,0.5,15,22,15,1,0.5,0.5,5,75,280,0.0143,1.2801,36,6,0.0,0.0,0.0,0.0,0.0,1.0,0.4492,0.5508,0.4042,0.5958,0.4237,0.5763,0.0,247,1,1.0,0
282,71,17,4,274,8,3,2,1,0.6667,0.3333,8,15,8,1,0.6667,0.3333,38,75,280,0.0107,0.9504,38,15,0.1333,0.0,0.0,0.0,0.0,0.87,0.5014,0.4986,0.4166,0.5834,0.3662,0.6338,0.0,189,1,1.0,0
282,210,23,3,267,15,2,0,1,0.0,0.5,15,-1,15,1,0.0,1.0,8,71,67,0.0299,1.1594,64,6,0.1667,0.0,0.0,0.0,0.0,0.83,1.0,0.0,1.0,0.0,1.0,0.0,0.0,236,1,1.0,0
282,210,23,4,282,0,2,0,1,0.0,0.5,15,-1,15,1,0.0,1.0,8,71,67,0.0299,1.1594,64,6,0.1667,0.0,0.0,0.0,0.0,0.83,1.0,0.0,1.0,0.0,1.0,0.0,0.0,236,1,1.0,0
282,227,22,2,260,22,1,1,0,1.0,0.0,22,22,-1,0,1.0,0.0,7,71,22,0.0455,0.875,63,9,0.2222,0.0,0.1111,1.0,0.0,0.78,0.0,1.0,0.0,1.0,0.0,1.0,0.0,63,1,1.0,0
333,120,37,7,273,60,6,2,1,0.3333,0.1667,60,60,146,0,0.6,0.4,5,100,331,0.0181,0.7644,71,12,0.1667,0.0,0.0556,0.3333,0.0,0.83,0.0026,0.9974,0.0473,0.9527,0.1995,0.8005,0.0,690,1,1.0,0
333,120,37,8,333,0,6,2,1,0.3333,0.1667,60,60,146,0,0.6,0.4,5,100,331,0.0181,0.7644,71,12,0.1667,0.0,0.0556,0.3333,0.0,0.83,0.0026,0.9974,0.0473,0.9527,0.1995,0.8005,0.0,690,1,1.0,0
346,120,37,9,333,13,8,2,2,0.25,0.25,13,73,13,1,0.4,0.6,5,100,344,0.0233,0.7939,71,12,0.1667,0.0,0.0417,0.25,0.0,0.83,0.9846,0.0154,0.8873,0.1127,0.6811,0.3189,0.0,694,1,1.0,0
346,120,37,10,346,0,8,2,2,0.25,0.25,13,73,13,1,0.4,0.6,5,100,344,0.0233,0.7939,71,12,0.1667,0.0,0.0417,0.25,0.0,0.83,0.9846,0.0154,0.8873,0.1127,0.6811,0.3189,0.0,694,1,1.0,0
374,123,38,3,273,101,2,1,1,0.5,0.5,101,101,223,0,0.5,0.5,12,100,372,0.0054,0.4429,111,8,0.0,0.0,0.0,0.0,0.0,1.0,0.0002,0.9998,0.0144,0.9856,0.1556,0.8444,0.0,310,1,1.0,0
374,245,41,2,273,101,1,1,0,1.0,0.0,101,101,-1,0,1.0,0.0,12,100,101,0.0099,0.1838,98,8,0.0,0.0,0.0,0.0,0.0,1.0,0.0,1.0,0.0,1.0,0.0,1.0,0.0,300,1,1.0,0
386,123,38,4,374,12,3,1,2,0.3333,0.6667,12,113,12,1,0.3333,0.6667,12,100,384,0.0078,0.4564,111,8,0.0,0.0,0.0,0.0,0.0,1.0,0.9991,0.0009,0.9707,0.0293,0.8092,0.1908,0.0,315,1,1.0,0
386,245,41,3,374,12,2,2,0,1.0,0.0,12,12,-1,0,1.0,0.0,12,100,113,0.0177,0.204,98,8,0.0,0.0,0.0,0.0,0.0,1.0,0.0,1.0,0.0,1.0,0.0,1.0,0.0,305,1,1.0,0
393,38,6,2,262,131,1,0,1,0.0,1.0,131,-1,131,1,0.0,1.0,11,71,391,0.0026,1.0557,20,8,0.0,0.0,0.0,0.0,0.0,1.0,1.0,0.0,1.0,0.0,1.0,0.0,0.0,2,1,1.0,0
393,38,6,3,393,0,1,0,1,0.0,1.0,131,-1,131,1,0.0,1.0,11,71,391,0.0026,1.0557,20,8,0.0,0.0,0.0,0.0,0.0,1.0,1.0,0.0,1.0,0.0,1.0,0.0,0.0,2,1,1.0,0
393,38,6,4,393,0,1,0,1,0.0,1.0,131,-1,131,1,0.0,1.0,11,71,391,0.0026,1.0557,20,8,0.0,0.0,0.0,0.0,0.0,1.0,1.0,0.0,1.0,0.0,1.0,0.0,0.0,2,1,1.0,0
400,19,4,2,276,124,1,0,1,0.0,1.0,124,-1,124,1,0.0,1.0,7,71,398,0.0025,0.4736,42,12,0.0,0.0,0.0,0.0,0.0,1.0,1.0,0.0,1.0,0.0,1.0,0.0,0.0,2,1,1.0,0
411,34,6,2,235,176,1,0,1,0.0,1.0,176,-1,176,1,0.0,1.0,11,70,409,0.0024,0.7153,20,7,0.4286,0.4286,0.0,0.0,0.0,0.57,1.0,0.0,1.0,0.0,1.0,0.0,0.0,23,1,1.0,0
417,146,48,2,96,321,1,1,0,1.0,0.0,321,321,-1,0,1.0,0.0,7,83,415,0.0024,0.4969,71,19,0.0,0.0,0.0526,1.0,0.0,1.0,0.0,0.0,0.0,1.0,0.0,1.0,0.0,7,1,1.0,0
420,247,44,2,273,147,1,1,0,1.0,0.0,147,147,-1,0,1.0,0.0,5,75,147,0.0068,0.2684,66,16,0.125,0.0,0.0625,1.0,0.0,0.88,0.0,1.0,0.0,1.0,0.0,1.0,0.0,79,1,1.0,1
420,248,44,3,273,147,2,1,0,0.5,0.0,147,147,-1,0,1.0,0.0,5,75,147,0.0136,0.2702,66,16,0.125,0.0,0.0625,1.0,0.0,0.88,0.0,1.0,0.0,1.0,0.0,1.0,0.0,158,1,1.0,1
424,247,44,3,420,4,2,2,0,1.0,0.0,4,4,-1,0,1.0,0.0,5,75,151,0.0132,0.2739,66,15,0.1333,0.0,0.0667,1.0,0.0,0.87,0.0,1.0,0.0,1.0,0.0,1.0,0.0,93,1,1.0,1
424,248,44,4,420,4,3,2,0,0.6667,0.0,4,4,-1,0,1.0,0.0,5,75,151,0.0199,0.2757,66,15,0.1333,0.0,0.0667,1.0,0.0,0.87,0.0,1.0,0.0,1.0,0.0,1.0,0.0,172,1,1.0,1
443,16,4,2,156,287,1,0,1,0.0,1.0,287,-1,287,1,0.0,1.0,8,70,441,0.0023,0.854,42,12,0.0,0.0,0.0,0.0,0.0,1.0,1.0,0.0,1.0,0.0,1.0,0.0,0.0,67,1,1.0,1
443,19,4,3,400,43,2,0,2,0.0,1.0,43,-1,43,2,0.0,1.0,7,71,441,0.0045,0.5239,42,12,0.0,0.0,0.0,0.0,0.0,1.0,1.0,0.0,1.0,0.0,1.0,0.0,0.0,39,1,1.0,1
443,26,4,2,432,11,1,0,1,0.0,1.0,11,-1,11,1,0.0,1.0,8,70,441,0.0023,0.5264,42,12,0.0,0.0,0.0,0.0,0.0,1.0,1.0,0.0,1.0,0.0,1.0,0.0,0.0,2,1,1.0,1
443,27,4,2,226,217,1,0,1,0.0,1.0,217,-1,217,1,0.0,1.0,8,70,441,0.0023,0.5288,42,12,0.0,0.0,0.0,0.0,0.0,1.0,1.0,0.0,1.0,0.0,1.0,0.0,0.0,10,1,1.0,1
443,30,4,2,273,170,1,0,1,0.0,1.0,170,-1,170,1,0.0,1.0,8,70,441,0.0023,0.5288,42,12,0.0833,0.0,0.0,0.0,0.0,0.92,1.0,0.0,1.0,0.0,1.0,0.0,0.0,300,1,1.0,1
443,31,5,2,96,347,1,1,0,1.0,0.0,347,347,-1,0,1.0,0.0,15,100,441,0.0023,0.5387,44,12,0.3333,0.25,0.0833,1.0,0.0,0.67,0.0,0.0,0.0,1.0,0.0,1.0,0.0,9,1,1.0,1
443,32,5,2,96,347,1,1,0,1.0,0.0,347,347,-1,0,1.0,0.0,15,100,441,0.0023,0.5387,44,12,0.3333,0.25,0.0833,1.0,0.0,0.67,0.0,0.0,0.0,1.0,0.0,1.0,0.0,9,1,1.0,1
443,34,6,3,411,32,2,0,2,0.0,1.0,32,-1,32,2,0.0,1.0,11,70,441,0.0045,0.8319,20,6,0.5,0.5,0.0,0.0,0.0,0.5,1.0,0.0,1.0,0.0,1.0,0.0,0.0,48,1,1.0,1
443,34,6,4,443,0,2,0,2,0.0,1.0,32,-1,32,2,0.0,1.0,11,70,441,0.0045,0.8319,20,6,0.5,0.5,0.0,0.0,0.0,0.5,1.0,0.0,1.0,0.0,1.0,0.0,0.0,48,1,1.0,1
443,34,6,5,443,0,2,0,2,0.0,1.0,32,-1,32,2,0.0,1.0,11,70,441,0.0045,0.8319,20,6,0.5,0.5,0.0,0.0,0.0,0.5,1.0,0.0,1.0,0.0,1.0,0.0,0.0,48,1,1.0,1
443,38,6,5,393,50,4,0,2,0.0,0.5,50,-1,50,2,0.0,1.0,11,71,441,0.0091,1.3588,20,7,0.0,0.0,0.0,0.0,0.0,1.0,1.0,0.0,1.0,0.0,1.0,0.0,0.0,116,1,1.0,1
443,38,6,6,443,0,4,0,2,0.0,0.5,50,-1,50,2,0.0,1.0,11,71,441,0.0091,1.3588,20,7,0.0,0.0,0.0,0.0,0.0,1.0,1.0,0.0,1.0,0.0,1.0,0.0,0.0,116,1,1.0,1
443,38,6,7,443,0,4,0,2,0.0,0.5,50,-1,50,2,0.0,1.0,11,71,441,0.0091,1.3588,20,7,0.0,0.0,0.0,0.0,0.0,1.0,1.0,0.0,1.0,0.0,1.0,0.0,0.0,116,1,1.0,1
443,45,9,2,96,347,1,1,0,1.0,0.0,347,347,-1,0,1.0,0.0,6,75,441,0.0023,0.5362,16,5,0.0,0.0,0.4,1.0,0.0,1.0,0.0,0.0,0.0,1.0,0.0,1.0,0.0,7,1,1.0,1
443,46,9,2,96,347,1,1,0,1.0,0.0,347,347,-1,0,1.0,0.0,6,75,441,0.0023,0.5362,16,5,0.0,0.0,0.4,1.0,0.0,1.0,0.0,0.0,0.0,1.0,0.0,1.0,0.0,7,1,1.0,1
443,77,20,2,218,225,1,1,0,1.0,0.0,225,225,-1,0,1.0,0.0,10,87,441,0.0023,0.5288,39,2,0.0,0.0,0.0,0.0,0.0,1.0,0.0,1.0,0.0,1.0,0.0,1.0,0.0,15,1,1.0,1
443,79,20,2,218,225,1,1,0,1.0,0.0,225,225,-1,0,1.0,0.0,10,87,441,0.0023,0.5288,39,2,0.0,0.0,0.0,0.0,0.0,1.0,0.0,1.0,0.0,1.0,0.0,1.0,0.0,15,1,1.0,1
443,87,23,3,207,236,2,1,1,0.5,0.5,236,406,236,1,0.5,0.5,5,71,441,0.0045,0.8172,64,8,0.0,0.0,0.0,0.0,0.0,1.0,1.0,0.0,0.9972,0.0028,0.9135,0.0865,0.0,265,1,1.0,1
443,87,23,4,443,0,2,1,1,0.5,0.5,236,406,236,1,0.5,0.5,5,71,441,0.0045,0.8172,64,8,0.0,0.0,0.0,0.0,0.0,1.0,1.0,0.0,0.9972,0.0028,0.9135,0.0865,0.0,265,1,1.0,1
443,88,23,3,39,404,2,1,1,0.5,0.5,404,406,404,1,0.5,0.5,5,71,441,0.0045,0.5276,64,8,0.0,0.0,0.0,0.0,0.0,1.0,0.0,0.0,0.5173,0.4827,0.5069,0.4931,0.0,366,1,1.0,1
443,94,26,2,34,409,1,1,0,1.0,0.0,409,409,-1,0,1.0,0.0,5,75,441,0.0023,0.5288,75,4,0.0,0.0,0.0,0.0,0.0,1.0,0.0,0.0,0.0,1.0,0.0,1.0,0.0,7,1,1.0,1
443,95,26,2,34,409,1,1,0,1.0,0.0,409,409,-1,0,1.0,0.0,5,75,441,0.0023,0.5288,75,4,0.0,0.0,0.0,0.0,0.0,1.0,0.0,0.0,0.0,1.0,0.0,1.0,0.0,7,1,1.0,1
443,113,34,2,273,170,1,1,0,1.0,0.0,170,170,-1,0,1.0,0.0,7,100,441,0.0023,0.5288,113,9,0.0,0.0,0.2222,1.0,0.0,1.0,0.0,1.0,0.0,1.0,0.0,1.0,0.0,300,1,1.0,1
443,115,34,2,273,170,1,1,0,1.0,0.0,170,170,-1,0,1.0,0.0,7,100,441,0.0023,0.5288,113,9,0.0,0.0,0.2222,1.0,0.0,1.0,0.0,1.0,0.0,1.0,0.0,1.0,0.0,300,1,1.0,1
443,120,37,11,346,97,10,2,3,0.2,0.3,97,170,97,2,0.2,0.8,5,100,441,0.0227,1.0294,71,15,0.1333,0.0,0.0267,0.2,0.0,0.87,0.9955,0.0045,0.9527,0.0473,0.8147,0.1853,-0.4,790,1,1.0,1
443,120,37,12,443,0,10,2,3,0.2,0.3,97,170,97,2,0.2,0.8,5,100,441,0.0227,1.0294,71,15,0.1333,0.0,0.0267,0.2,0.0,0.87,0.9955,0.0045,0.9527,0.0473,0.8147,0.1853,-0.4,790,1,1.0,1
443,123,38,5,386,57,4,1,3,0.25,0.75,57,170,57,2,0.25,0.75,12,100,441,0.0091,0.5252,111,9,0.0,0.0,0.0,0.0,0.0,1.0,0.9997,0.0003,0.9881,0.0119,0.9003,0.0997,-0.5,319,1,1.0,1
443,129,41,2,209,234,1,0,1,0.0,1.0,234,-1,234,1,0.0,1.0,5,75,441,0.0023,0.5288,98,14,0.0,0.0,0.0,0.0,0.0,1.0,1.0,0.0,1.0,0.0,1.0,0.0,0.0,2,1,1.0,1
443,134,44,10,190,253,9,6,0,0.6667,0.0,253,253,-1,0,1.0,0.0,6,75,441,0.0204,1.0147,66,20,0.25,0.0,0.0667,0.3333,0.0,0.75,0.0,1.0,0.0,1.0,0.0,1.0,0.0,665,1,1.0,1
443,134,44,11,443,0,9,6,0,0.6667,0.0,253,253,-1,0,1.0,0.0,6,75,441,0.0204,1.0147,66,20,0.25,0.0,0.0667,0.3333,0.0,0.75,0.0,1.0,0.0,1.0,0.0,1.0,0.0,665,1,1.0,1
443,135,44,3,39,404,2,2,0,1.0,0.0,404,404,-1,0,1.0,0.0,6,75,441,0.0045,0.5276,66,20,0.25,0.0,0.075,0.5,0.0,0.75,0.0,0.0,0.0,1.0,0.0,1.0,0.0,366,1,1.0,1
443,136,45,4,190,253,3,3,0,1.0,0.0,253,253,-1,0,1.0,0.0,8,83,441,0.0068,0.5264,67,23,0.1739,0.0,0.0725,0.6667,0.0,0.83,0.0,1.0,0.0,1.0,0.0,1.0,0.0,434,1,1.0,1
443,139,45,10,190,253,9,5,0,0.5556,0.0,253,253,-1,0,1.0,0.0,8,83,441,0.0204,1.2086,67,23,0.1739,0.0,0.058,0.4444,0.0,0.83,0.0,1.0,0.0,1.0,0.0,1.0,0.0,886,1,1.0,1
443,139,45,11,443,0,9,5,0,0.5556,0.0,253,253,-1,0,1.0,0.0,8,83,441,0.0204,1.2086,67,23,0.1739,0.0,0.058,0.4444,0.0,0.83,0.0,1.0,0.0,1.0,0.0,1.0,0.0,886,1,1.0,1
443,146,48,3,417,26,2,1,1,0.5,0.5,26,347,26,1,0.5,0.5,7,83,441,0.0045,0.5276,71,21,0.0,0.0,0.0238,0.5,0.0,1.0,1.0,0.0,1.0,0.0,0.9885,0.0115,0.0,81,1,1.0,1
443,147,49,3,259,184,2,2,0,1.0,0.0,184,184,-1,0,1.0,0.0,17,76,441,0.0045,0.5276,70,22,0.0,0.0,0.0,0.0,0.0,1.0,0.0,1.0,0.0,1.0,0.0,1.0,0.0,36,1,1.0,1
443,148,49,6,259,184,5,2,2,0.4,0.4,184,184,242,0,0.6,0.4,18,73,441,0.0113,1.283,70,22,0.0,0.0,0.0,0.0,0.0,1.0,0.0062,0.9938,0.0438,0.9562,0.1416,0.8584,1.0,96,1,1.0,1
443,148,49,7,443,0,5,2,2,0.4,0.4,184,184,242,0,0.6,0.4,18,73,441,0.0113,1.283,70,22,0.0,0.0,0.0,0.0,0.0,1.0,0.0062,0.9938,0.0438,0.9562,0.1416,0.8584,1.0,96,1,1.0,1
443,149,24,3,96,347,2,2,0,1.0,0.0,347,347,-1,0,1.0,0.0,8,83,404,0.005,0.5167,75,5,0.0,0.0,0.0,0.0,0.0,1.0,0.0,0.0,0.0,1.0,0.0,1.0,0.0,144,1,1.0,1
443,150,44,3,163,280,2,2,0,1.0,0.0,280,280,-1,0,1.0,0.0,6,100,404,0.005,0.5167,66,19,0.2105,0.0526,0.0263,0.5,0.0,0.79,0.0,1.0,0.0,1.0,0.0,1.0,0.0,71,1,1.0,1
443,151,44,3,163,280,2,2,0,1.0,0.0,280,280,-1,0,1.0,0.0,6,100,404,0.005,0.5167,66,19,0.2105,0.0526,0.0789,0.5,0.0,0.79,0.0,1.0,0.0,1.0,0.0,1.0,0.0,199,1,1.0,1
443,152,47,3,190,253,2,2,0,1.0,0.0,253,253,-1,0,1.0,0.0,6,80,404,0.005,0.5167,64,20,0.2,0.0,0.075,0.5,0.0,0.8,0.0,1.0,0.0,1.0,0.0,1.0,0.0,210,1,1.0,1
443,153,47,2,39,404,1,1,0,1.0,0.0,404,404,-1,0,1.0,0.0,6,80,404,0.0025,0.518,64,20,0.2,0.0,0.1,1.0,0.0,0.8,0.0,0.0,0.0,1.0,0.0,1.0,0.0,142,1,1.0,1
443,155,37,2,163,280,1,1,0,1.0,0.0,280,280,-1,0,1.0,0.0,8,83,346,0.0029,0.4778,71,14,0.0714,0.0,0.0,0.0,0.0,0.93,0.0,1.0,0.0,1.0,0.0,1.0,0.0,9,1,1.0,1
443,179,4,2,200,243,1,1,0,1.0,0.0,243,243,-1,0,1.0,0.0,11,77,282,0.0035,0.4268,42,12,0.1667,0.0,0.0833,1.0,0.0,0.83,0.0,1.0,0.0,1.0,0.0,1.0,0.0,106,1,1.0,1
443,180,4,2,161,282,1,0,1,0.0,1.0,282,-1,282,1,0.0,1.0,5,75,282,0.0035,0.4284,42,11,0.0,0.0,0.0,0.0,0.0,1.0,1.0,0.0,1.0,0.0,1.0,0.0,0.0,168,1,1.0,1
443,182,48,2,163,280,1,1,0,1.0,0.0,280,280,-1,0,1.0,0.0,5,100,280,0.0036,0.4266,71,20,0.05,0.0,0.1,1.0,0.0,0.95,0.0,1.0,0.0,1.0,0.0,1.0,0.0,17,1,1.0,1
443,183,48,2,163,280,1,1,0,1.0,0.0,280,280,-1,0,1.0,0.0,5,100,280,0.0036,0.4266,71,20,0.05,0.0,0.1,1.0,0.0,0.95,0.0,1.0,0.0,1.0,0.0,1.0,0.0,17,1,1.0,1
443,187,42,2,190,253,1,1,0,1.0,0.0,253,253,-1,0,1.0,0.0,6,80,253,0.004,0.4019,92,14,0.2857,0.0,0.0714,1.0,0.0,0.71,0.0,1.0,0.0,1.0,0.0,1.0,0.0,68,1,1.0,1
443,188,4,2,200,243,1,1,0,1.0,0.0,243,243,-1,0,1.0,0.0,8,71,243,0.0041,0.3922,42,11,0.0909,0.0,0.0,0.0,0.0,0.91,0.0,1.0,0.0,1.0,0.0,1.0,0.0,106,1,1.0,1
443,191,6,2,200,243,1,1,0,1.0,0.0,243,243,-1,0,1.0,0.0,11,77,243,0.0041,0.3922,20,6,0.1667,0.0,0.0,0.0,0.0,0.83,0.0,1.0,0.0,1.0,0.0,1.0,0.0,106,1,1.0,1
443,193,55,2,201,242,1,1,0,1.0,0.0,242,242,-1,0,1.0,0.0,5,100,242,0.0041,0.3912,69,28,0.0357,0.0357,0.0,0.0,0.0,0.96,0.0,1.0,0.0,1.0,0.0,1.0,0.0,10,1,1.0,1
443,195,40,2,213,230,1,0,1,0.0,1.0,230,-1,230,1,0.0,1.0,9,75,230,0.0043,0.3791,106,15,0.0,0.0,0.0,0.0,0.0,1.0,1.0,0.0,1.0,0.0,1.0,0.0,0.0,53,1,1.0,1
443,201,14,2,331,112,1,0,1,0.0,1.0,112,-1,112,1,0.0,1.0,6,100,228,0.0044,0.9187,35,8,0.125,0.0,0.0,0.0,0.0,0.88,1.0,0.0,1.0,0.0,1.0,0.0,0.0,99,1,1.0,1
443,205,17,2,289,154,1,0,1,0.0,1.0,154,-1,154,1,0.0,1.0,12,75,228,0.0044,0.3671,38,12,0.1667,0.0,0.0,0.0,0.0,0.83,1.0,0.0,1.0,0.0,1.0,0.0,0.0,5,1,1.0,1
443,208,19,2,331,112,1,0,1,0.0,1.0,112,-1,112,1,0.0,1.0,6,100,228,0.0044,0.9187,35,2,1.0,0.0,0.0,0.0,0.0,0.0,1.0,0.0,1.0,0.0,1.0,0.0,0.0,99,1,1.0,1
443,213,7,2,227,216,1,0,1,0.0,1.0,216,-1,216,1,0.0,1.0,8,70,216,0.0046,0.3644,58,16,0.0,0.0,0.0,0.0,0.0,1.0,1.0,0.0,1.0,0.0,1.0,0.0,0.0,21,1,1.0,1
443,224,10,2,384,59,1,0,1,0.0,1.0,59,-1,59,1,0.0,1.0,12,77,185,0.0054,0.3292,25,4,0.0,0.0,0.0,0.0,0.0,1.0,1.0,0.0,1.0,0.0,1.0,0.0,0.0,2,1,1.0,1
443,235,17,2,265,178,1,1,0,1.0,0.0,178,178,-1,0,1.0,0.0,7,71,179,0.0056,0.3201,38,11,0.2727,0.0,0.1818,1.0,0.0,0.73,0.0,1.0,0.0,1.0,0.0,1.0,0.0,41,1,1.0,1
443,237,17,2,265,178,1,1,0,1.0,0.0,178,178,-1,0,1.0,0.0,7,71,179,0.0056,0.3201,38,11,0.2727,0.0,0.1818,1.0,0.0,0.73,0.0,1.0,0.0,1.0,0.0,1.0,0.0,41,1,1.0,1
443,239,16,2,265,178,1,1,0,1.0,0.0,178,178,-1,0,1.0,0.0,7,71,178,0.0056,0.3207,30,13,0.3077,0.0,0.1538,1.0,0.0,0.69,0.0,1.0,0.0,1.0,0.0,1.0,0.0,41,1,1.0,1
443,242,8,2,273,170,1,1,0,1.0,0.0,170,170,-1,0,1.0,0.0,8,70,170,0.0059,0.3107,48,15,0.0,0.0,0.0,0.0,0.0,1.0,0.0,1.0,0.0,1.0,0.0,1.0,0.0,300,1,1.0,1
443,244,35,2,273,170,1,1,0,1.0,0.0,170,170,-1,0,1.0,0.0,5,75,170,0.0059,0.3107,146,13,0.0,0.0,0.1538,1.0,0.0,1.0,0.0,1.0,0.0,1.0,0.0,1.0,0.0,300,1,1.0,1
443,245,41,4,386,57,3,3,0,1.0,0.0,57,57,-1,0,1.0,0.0,12,100,170,0.0176,0.307,98,13,0.0,0.0,0.0,0.0,0.0,1.0,0.0,1.0,0.0,1.0,0.0,1.0,0.0,309,1,1.0,1
443,246,44,2,425,18,1,0,1,0.0,1.0,18,-1,18,1,0.0,1.0,5,75,170,0.0059,0.3107,66,19,0.1053,0.0,0.0,0.0,0.0,0.89,1.0,0.0,1.0,0.0,1.0,0.0,0.0,12,1,1.0,1
443,247,44,4,424,19,3,3,0,1.0,0.0,19,19,-1,0,1.0,0.0,5,75,170,0.0176,0.307,66,19,0.1053,0.0,0.0526,1.0,0.0,0.89,0.0,1.0,0.0,1.0,0.0,1.0,0.0,139,1,1.0,1
443,248,44,5,424,19,4,3,0,0.75,0.0,19,19,-1,0,1.0,0.0,5,75,170,0.0235,0.3088,66,19,0.1053,0.0,0.0526,1.0,0.0,0.89,0.0,1.0,0.0,1.0,0.0,1.0,0.0,218,1,1.0,1
443,254,15,2,307,136,1,1,0,1.0,0.0,136,136,-1,0,1.0,0.0,7,71,136,0.0074,0.2647,40,15,0.0667,0.0,0.0667,1.0,0.0,0.93,0.0,1.0,0.0,1.0,0.0,1.0,0.0,123,1,1.0,1
443,255,15,2,307,136,1,1,0,1.0,0.0,136,136,-1,0,1.0,0.0,7,71,136,0.0074,0.2647,40,15,0.0667,0.0,0.0667,1.0,0.0,0.93,0.0,1.0,0.0,1.0,0.0,1.0,0.0,123,1,1.0,1
443,257,7,2,329,114,1,0,1,0.0,1.0,114,-1,114,1,0.0,1.0,6,80,114,0.0088,0.2316,58,16,0.0,0.0,0.0,0.0,0.0,1.0,1.0,0.0,1.0,0.0,1.0,0.0,0.0,30,1,1.0,1
443,258,5,2,341,102,1,0,1,0.0,1.0,102,-1,102,1,0.0,1.0,8,71,102,0.0098,0.2122,44,12,0.0833,0.0,0.0,0.0,0.0,0.92,1.0,0.0,1.0,0.0,1.0,0.0,0.0,263,1,1.0,1
443,259,56,2,341,102,1,0,1,0.0,1.0,102,-1,102,1,0.0,1.0,5,75,102,0.0098,0.2122,69,19,0.0526,0.0,0.0,0.0,0.0,0.95,1.0,0.0,1.0,0.0,1.0,0.0,0.0,263,1,1.0,1
443,262,15,2,401,42,1,0,1,0.0,1.0,42,-1,42,1,0.0,1.0,7,100,42,0.0238,0.0986,40,15,0.0,0.0,0.0,0.0,0.0,1.0,1.0,0.0,1.0,0.0,1.0,0.0,0.0,33,1,1.0,1
443,264,52,2,417,26,1,1,0,1.0,0.0,26,26,-1,0,1.0,0.0,7,83,26,0.0385,0.0625,60,23,0.0,0.0,0.0,0.0,0.0,1.0,0.0,1.0,0.0,1.0,0.0,1.0,0.0,74,1,1.0,1
443,267,22,2,435,8,1,0,1,0.0,1.0,8,-1,8,1,0.0,1.0,5,75,8,0.125,0.0183,63,6,0.0,0.0,0.0,0.0,0.0,1.0,1.0,0.0,1.0,0.0,1.0,0.0,0.0,130,1,1.0,1
443,269,23,2,435,8,1,1,0,1.0,0.0,8,8,-1,0,1.0,0.0,11,77,8,0.125,0.0183,64,7,0.1429,0.1429,0.1429,1.0,0.0,0.86,0.0,1.0,0.0,1.0,0.0,1.0,0.0,130,1,1.0,1
443,271,24,2,435,8,1,1,0,1.0,0.0,8,8,-1,0,1.0,0.0,8,75,8,0.125,0.0183,75,5,0.2,0.0,0.2,1.0,0.0,0.8,0.0,1.0,0.0,1.0,0.0,1.0,0.0,130,1,1.0,1
461,196,4,2,443,18,1,1,0,1.0,0.0,18,18,-1,0,1.0,0.0,8,71,246,0.0041,0.4053,42,12,0.0,0.0,0.9167,1.0,0.0,1.0,0.0,1.0,0.0,1.0,0.0,1.0,0.0,456,1,1.0,0
461,197,7,2,443,18,1,1,0,1.0,0.0,18,18,-1,0,1.0,0.0,8,70,246,0.0041,0.4037,58,20,0.0,0.0,0.75,1.0,0.0,1.0,0.0,1.0,0.0,1.0,0.0,1.0,0.0,456,1,1.0,0
461,198,11,2,443,18,1,1,0,1.0,0.0,18,18,-1,0,1.0,0.0,10,70,246,0.0041,0.5565,36,7,0.0,0.0,0.5714,1.0,0.0,1.0,0.0,1.0,0.0,1.0,0.0,1.0,0.0,456,1,1.0,0
461,205,17,3,443,18,2,1,1,0.5,0.5,18,18,172,0,0.5,0.5,12,75,246,0.0081,0.3953,38,9,0.0,0.0,0.5,0.5,0.5,1.0,0.0,1.0,0.0048,0.9952,0.1058,0.8942,0.0,461,1,1.0,0
461,206,18,2,443,18,1,1,0,1.0,0.0,18,18,-1,0,1.0,0.0,5,75,246,0.0041,0.4053,42,7,0.0,0.0,0.8571,1.0,0.0,1.0,0.0,1.0,0.0,1.0,0.0,1.0,0.0,456,1,1.0,0
468,197,7,3,461,7,2,2,0,1.0,0.0,7,7,-1,0,1.0,0.0,8,70,253,0.0079,0.4236,58,20,0.0,0.0,0.375,0.5,0.0,1.0,0.0,1.0,0.0,1.0,0.0,1.0,0.0,2147,1,1.0,0
468,307,30,2,462,6,1,0,1,0.0,1.0,6,-1,6,1,0.0,1.0,10,70,7,0.1429,0.0309,96,43,0.4186,0.0,0.0,0.0,0.0,0.58,1.0,0.0,1.0,0.0,1.0,0.0,0.0,13,1,1.0,1
468,307,30,3,468,0,1,0,1,0.0,1.0,6,-1,6,1,0.0,1.0,10,70,7,0.1429,0.0309,96,43,0.4186,0.0,0.0,0.0,0.0,0.58,1.0,0.0,1.0,0.0,1.0,0.0,0.0,13,1,1.0,1
468,326,30,2,468,0,0,0,0,0.0,0.0,7,-1,-1,0,0.0,0.0,11,70,7,0.0,0.1034,96,43,0.4186,0.0233,0.0,0.0,0.0,0.58,0.0,0.0,0.0,0.0,0.0,0.0,0.0,0,0,0.0,1
468,326,30,3,468,0,0,0,0,0.0,0.0,7,-1,-1,0,0.0,0.0,11,70,7,0.0,0.1034,96,43,0.4186,0.0233,0.0,0.0,0.0,0.58,0.0,0.0,0.0,0.0,0.0,0.0,0.0,0,0,0.0,1
469,219,46,2,443,26,1,1,0,1.0,0.0,26,26,-1,0,1.0,0.0,9,71,227,0.0044,0.7958,74,27,0.0,0.0,0.7037,1.0,0.0,1.0,0.0,1.0,0.0,1.0,0.0,1.0,0.0,140,1,1.0,0
470,286,21,2,470,0,0,0,0,0.0,0.0,9,-1,-1,0,0.0,0.0,5,75,9,0.0,0.0225,43,7,0.1429,0.1429,0.0,0.0,0.0,0.86,0.0,0.0,0.0,0.0,0.0,0.0,0.0,0,0,0.0,0
470,291,23,2,470,0,0,0,0,0.0,0.0,9,-1,-1,0,0.0,0.0,5,75,9,0.0,0.0225,64,14,0.3571,0.0714,0.0,0.0,0.0,0.64,0.0,0.0,0.0,0.0,0.0,0.0,0.0,0,0,0.0,1
470,307,30,4,468,2,3,1,1,0.3333,0.3333,2,2,8,0,0.6667,0.3333,10,70,9,0.3333,0.0365,96,42,0.4048,0.0,0.1111,0.6667,0.0,0.6,0.2481,0.7519,0.2888,0.7112,0.3151,0.6849,0.0,63,1,1.0,1
470,307,30,5,470,0,3,1,1,0.3333,0.3333,2,2,8,0,0.6667,0.3333,10,70,9,0.3333,0.0365,96,42,0.4048,0.0,0.1111,0.6667,0.0,0.6,0.2481,0.7519,0.2888,0.7112,0.3151,0.6849,0.0,63,1,1.0,1
470,326,30,4,468,2,3,1,0,0.3333,0.0,2,2,-1,0,1.0,0.0,11,70,9,0.3333,0.1207,96,42,0.4048,0.0238,0.1667,1.0,0.0,0.6,0.0,1.0,0.0,1.0,0.0,1.0,0.0,75,1,1.0,1
470,326,30,5,470,0,3,1,0,0.3333,0.0,2,2,-1,0,1.0,0.0,11,70,9,0.3333,0.1207,96,42,0.4048,0.0238,0.1667,1.0,0.0,0.6,0.0,1.0,0.0,1.0,0.0,1.0,0.0,75,1,1.0,1
470,326,30,6,470,0,3,1,0,0.3333,0.0,2,2,-1,0,1.0,0.0,11,70,9,0.3333,0.1207,96,42,0.4048,0.0238,0.1667,1.0,0.0,0.6,0.0,1.0,0.0,1.0,0.0,1.0,0.0,75,1,1.0,1
470,357,34,2,468,2,1,1,0,1.0,0.0,2,2,-1,0,1.0,0.0,18,70,2,0.5,0.0085,113,45,0.3556,0.0,0.1333,1.0,0.0,0.64,0.0,1.0,0.0,1.0,0.0,1.0,0.0,25,1,1.0,1
474,148,49,8,443,31,7,3,2,0.4286,0.2857,31,31,273,0,1.0,0.0,18,73,472,0.0148,1.4088,70,22,0.0,0.0,0.2338,0.2857,0.0,1.0,0.0,1.0,0.0001,0.9999,0.0169,0.9831,0.6667,332,1,1.0,0
474,148,49,9,474,0,7,3,2,0.4286,0.2857,31,31,273,0,1.0,0.0,18,73,472,0.0148,1.4088,70,22,0.0,0.0,0.2338,0.2857,0.0,1.0,0.0,1.0,0.0001,0.9999,0.0169,0.9831,0.6667,332,1,1.0,0
474,224,10,3,443,31,2,1,1,0.5,0.5,31,31,90,0,0.5,0.5,12,77,216,0.0093,0.3828,25,6,0.0,0.0,0.3333,0.5,0.0,1.0,0.0165,0.9835,0.1146,0.8854,0.3062,0.6938,0.0,120,1,1.0,0
475,196,4,3,461,14,2,1,1,0.5,0.5,14,32,14,1,0.5,0.5,8,71,260,0.0077,0.4269,42,12,0.0,0.0,0.4583,0.5,0.0,1.0,0.7769,0.2231,0.6511,0.3489,0.5621,0.4379,0.0,2147,1,1.0,1
475,197,7,4,468,7,3,2,1,0.6667,0.3333,7,14,7,1,0.6667,0.3333,8,70,260,0.0115,0.4336,58,20,0.0,0.0,0.25,0.3333,0.0,1.0,0.5579,0.4421,0.4535,0.5465,0.3825,0.6175,0.0,2172,1,1.0,1
475,198,11,3,461,14,2,1,1,0.5,0.5,14,32,14,1,0.5,0.5,10,70,260,0.0077,0.5781,36,7,0.0,0.0,0.2857,0.5,0.0,1.0,0.7769,0.2231,0.6511,0.3489,0.5621,0.4379,0.0,2147,1,1.0,1
475,205,17,4,461,14,3,1,2,0.3333,0.6667,14,32,14,1,0.3333,0.6667,12,75,260,0.0115,0.4169,38,9,0.0,0.0,0.3333,0.3333,0.3333,1.0,0.7769,0.2231,0.6517,0.3483,0.5836,0.4164,0.0,2152,1,1.0,0
475,206,18,3,461,14,2,2,0,1.0,0.0,14,14,-1,0,1.0,0.0,5,75,260,0.0077,0.4269,42,7,0.0,0.0,0.4286,0.5,0.0,1.0,0.0,1.0,0.0,1.0,0.0,1.0,0.0,2147,1,1.0,1
475,274,25,2,443,32,1,1,0,1.0,0.0,32,32,-1,0,1.0,0.0,7,83,40,0.025,0.0995,79,10,0.4,0.0,0.4,1.0,0.0,0.6,0.0,1.0,0.0,1.0,0.0,1.0,0.0,456,1,1.0,1
475,282,7,2,470,5,1,0,1,0.0,1.0,5,-1,5,1,0.0,1.0,12,75,14,0.0714,0.0337,58,20,0.05,0.0,0.0,0.0,0.0,0.95,1.0,0.0,1.0,0.0,1.0,0.0,0.0,218,1,1.0,1
475,284,20,2,468,7,1,0,1,0.0,1.0,7,-1,7,1,0.0,1.0,17,83,14,0.0714,0.0337,39,6,0.3333,0.1667,0.0,0.0,0.0,0.67,1.0,0.0,1.0,0.0,1.0,0.0,0.0,25,1,1.0,1
475,286,21,3,470,5,2,0,1,0.0,0.5,5,-1,5,1,0.0,1.0,5,75,14,0.1429,0.0449,43,7,0.1429,0.1429,0.0,0.0,0.0,0.86,1.0,0.0,1.0,0.0,1.0,0.0,0.0,436,1,1.0,1
475,286,21,4,475,0,2,0,1,0.0,0.5,5,-1,5,1,0.0,1.0,5,75,14,0.1429,0.0449,43,7,0.1429,0.1429,0.0,0.0,0.0,0.86,1.0,0.0,1.0,0.0,1.0,0.0,0.0,436,1,1.0,1
475,288,21,2,461,14,1,1,0,1.0,0.0,14,14,-1,0,1.0,0.0,5,75,14,0.0714,0.0365,43,7,0.2857,0.1429,0.2857,1.0,0.0,0.71,0.0,1.0,0.0,1.0,0.0,1.0,0.0,1691,1,1.0,1
475,290,22,2,461,14,1,1,0,1.0,0.0,14,14,-1,0,1.0,0.0,16,73,14,0.0714,0.0365,63,13,0.2308,0.0,0.2308,1.0,0.0,0.77,0.0,1.0,0.0,1.0,0.0,1.0,0.0,1691,1,1.0,1
475,291,23,3,470,5,2,1,0,0.5,0.0,5,5,-1,0,1.0,0.0,5,75,14,0.1429,0.0449,64,14,0.3571,0.0714,0.1429,1.0,0.0,0.64,0.0,1.0,0.0,1.0,0.0,1.0,0.0,436,1,1.0,1
475,291,23,4,475,0,2,1,0,0.5,0.0,5,5,-1,0,1.0,0.0,5,75,14,0.1429,0.0449,64,14,0.3571,0.0714,0.1429,1.0,0.0,0.64,0.0,1.0,0.0,1.0,0.0,1.0,0.0,436,1,1.0,1
475,292,23,2,461,14,1,1,0,1.0,0.0,14,14,-1,0,1.0,0.0,8,100,14,0.0714,0.0657,64,14,0.1429,0.0714,0.1429,1.0,0.0,0.86,0.0,1.0,0.0,1.0,0.0,1.0,0.0,1691,1,1.0,1
475,294,24,2,461,14,1,1,0,1.0,0.0,14,14,-1,0,1.0,0.0,17,75,14,0.0714,0.0739,75,15,0.2,0.0667,0.2,1.0,0.0,0.8,0.0,1.0,0.0,1.0,0.0,1.0,0.0,1691,1,1.0,1
475,296,25,2,461,14,1,1,0,1.0,0.0,14,14,-1,0,1.0,0.0,7,71,14,0.0714,0.0365,79,10,0.4,0.1,0.3,1.0,0.0,0.6,0.0,1.0,0.0,1.0,0.0,1.0,0.0,1691,1,1.0,1
475,298,26,2,461,14,1,1,0,1.0,0.0,14,14,-1,0,1.0,0.0,7,100,14,0.0714,0.1733,75,12,0.4167,0.0833,0.3333,1.0,0.0,0.58,0.0,1.0,0.0,1.0,0.0,1.0,0.0,1691,1,1.0,1
475,300,27,2,461,14,1,1,0,1.0,0.0,14,14,-1,0,1.0,0.0,134,75,14,0.0714,0.0365,71,8,0.375,0.25,0.375,1.0,0.0,0.62,0.0,1.0,0.0,1.0,0.0,1.0,0.0,1691,1,1.0,1
475,304,28,2,461,14,1,1,0,1.0,0.0,14,14,-1,0,1.0,0.0,10,70,14,0.0714,0.0365,55,7,0.2857,0.1429,0.1429,1.0,0.0,0.71,0.0,1.0,0.0,1.0,0.0,1.0,0.0,1691,1,1.0,1
475,307,30,6,470,5,5,2,1,0.4,0.2,5,5,13,0,0.8,0.2,10,70,14,0.3571,0.059,96,42,0.4048,0.0,0.0952,0.8,0.0,0.6,0.1331,0.8669,0.1639,0.8361,0.1849,0.8151,0.5,499,1,1.0,1
475,307,30,7,475,0,5,2,1,0.4,0.2,5,5,13,0,0.8,0.2,10,70,14,0.3571,0.059,96,42,0.4048,0.0,0.0952,0.8,0.0,0.6,0.1331,0.8669,0.1639,0.8361,0.1849,0.8151,0.5,499,1,1.0,1
475,321,30,2,468,7,1,1,0,1.0,0.0,7,7,-1,0,1.0,0.0,10,70,14,0.0714,0.0337,96,42,0.4524,0.0,0.1667,1.0,0.0,0.55,0.0,1.0,0.0,1.0,0.0,1.0,0.0,25,1,1.0,1
475,322,30,2,468,7,1,1,0,1.0,0.0,7,7,-1,0,1.0,0.0,10,70,14,0.0714,0.0337,96,42,0.4524,0.0,0.1667,1.0,0.0,0.55,0.0,1.0,0.0,1.0,0.0,1.0,0.0,25,1,1.0,1
475,326,30,7,470,5,6,2,0,0.3333,0.0,5,5,-1,0,1.0,0.0,11,70,14,0.4286,0.1897,96,42,0.4048,0.0238,0.119,1.0,0.0,0.6,0.0,1.0,0.0,1.0,0.0,1.0,0.0,729,1,1.0,1
475,326,30,8,475,0,6,2,0,0.3333,0.0,5,5,-1,0,1.0,0.0,11,70,14,0.4286,0.1897,96,42,0.4048,0.0238,0.119,1.0,0.0,0.6,0.0,1.0,0.0,1.0,0.0,1.0,0.0,729,1,1.0,1
475,326,30,9,475,0,6,2,0,0.3333,0.0,5,5,-1,0,1.0,0.0,11,70,14,0.4286,0.1897,96,42,0.4048,0.0238,0.119,1.0,0.0,0.6,0.0,1.0,0.0,1.0,0.0,1.0,0.0,729,1,1.0,1
475,328,30,2,468,7,1,1,0,1.0,0.0,7,7,-1,0,1.0,0.0,10,70,14,0.0714,0.0337,96,42,0.4524,0.0238,0.1667,1.0,0.0,0.55,0.0,1.0,0.0,1.0,0.0,1.0,0.0,25,1,1.0,1
475,338,34,2,470,5,1,1,0,1.0,0.0,5,5,-1,0,1.0,0.0,5,71,14,0.0714,0.0337,113,45,0.3556,0.0222,0.0889,1.0,0.0,0.64,0.0,1.0,0.0,1.0,0.0,1.0,0.0,218,1,1.0,1
475,339,34,2,470,5,1,1,0,1.0,0.0,5,5,-1,0,1.0,0.0,8,75,14,0.0714,0.096,113,45,0.3556,0.0222,0.0889,1.0,0.0,0.64,0.0,1.0,0.0,1.0,0.0,1.0,0.0,218,1,1.0,1
475,341,35,2,470,5,1,1,0,1.0,0.0,5,5,-1,0,1.0,0.0,5,75,14,0.0714,0.08,146,59,0.3051,0.0,0.0847,1.0,0.0,0.69,0.0,1.0,0.0,1.0,0.0,1.0,0.0,218,1,1.0,1
475,347,36,2,468,7,1,1,0,1.0,0.0,7,7,-1,0,1.0,0.0,5,75,14,0.0714,0.0407,71,26,0.3077,0.0,0.0385,1.0,0.0,0.69,0.0,1.0,0.0,1.0,0.0,1.0,0.0,25,1,1.0,1
475,355,30,2,468,7,1,1,0,1.0,0.0,7,7,-1,0,1.0,0.0,11,70,13,0.0769,0.069,96,42,0.4048,0.0238,0.1667,1.0,0.0,0.6,0.0,1.0,0.0,1.0,0.0,1.0,0.0,25,1,1.0,1
475,356,29,2,468,7,1,1,0,1.0,0.0,7,7,-1,0,1.0,0.0,10,70,7,0.1429,0.0172,92,37,0.4865,0.027,0.2162,1.0,0.0,0.51,0.0,1.0,0.0,1.0,0.0,1.0,0.0,25,1,1.0,1
475,357,34,3,470,5,2,2,0,1.0,0.0,5,5,-1,0,1.0,0.0,18,70,7,0.2857,0.0424,113,45,0.3556,0.0,0.1111,1.0,0.0,0.64,0.0,1.0,0.0,1.0,0.0,1.0,0.0,243,1,1.0,1
475,358,34,2,468,7,1,1,0,1.0,0.0,7,7,-1,0,1.0,0.0,10,70,7,0.1429,0.0172,113,45,0.4667,0.0,0.1333,1.0,0.0,0.53,0.0,1.0,0.0,1.0,0.0,1.0,0.0,25,1,1.0,1
475,359,70,2,468,7,1,0,1,0.0,1.0,7,-1,7,1,0.0,1.0,5,71,7,0.1429,0.0172,42,18,0.2778,0.0,0.0,0.0,0.0,0.72,1.0,0.0,1.0,0.0,1.0,0.0,0.0,25,1,1.0,1
475,360,36,2,470,5,1,1,0,1.0,0.0,5,5,-1,0,1.0,0.0,6,75,5,0.2,0.0115,71,26,0.1923,0.0,0.0385,1.0,0.0,0.81,0.0,1.0,0.0,1.0,0.0,1.0,0.0,218,1,1.0,1
476,286,21,5,475,1,4,1,1,0.25,0.25,1,1,6,0,0.5,0.5,5,75,15,0.2667,0.0449,43,7,0.1429,0.1429,0.2857,0.5,0.0,0.86,0.4142,0.5858,0.4568,0.5432,0.4827,0.5173,1.0,2056,1,1.0,0
476,286,21,6,476,0,4,1,1,0.25,0.25,1,1,6,0,0.5,0.5,5,75,15,0.2667,0.0449,43,7,0.1429,0.1429,0.2857,0.5,0.0,0.86,0.4142,0.5858,0.4568,0.5432,0.4827,0.5173,1.0,2056,1,1.0,0
476,291,23,5,475,1,4,2,0,0.5,0.0,1,1,-1,0,1.0,0.0,5,75,15,0.2667,0.0449,64,14,0.3571,0.0714,0.3214,1.0,0.0,0.64,0.0,1.0,0.0,1.0,0.0,1.0,0.0,2056,1,1.0,1
476,291,23,6,476,0,4,2,0,0.5,0.0,1,1,-1,0,1.0,0.0,5,75,15,0.2667,0.0449,64,14,0.3571,0.0714,0.3214,1.0,0.0,0.64,0.0,1.0,0.0,1.0,0.0,1.0,0.0,2056,1,1.0,1
476,307,30,8,475,1,7,3,1,0.4286,0.1429,1,1,14,0,1.0,0.0,10,70,15,0.4667,0.059,96,42,0.4048,0.0,0.3197,0.8571,0.0,0.6,0.0804,0.9196,0.1082,0.8918,0.1282,0.8718,0.3333,2119,1,1.0,1
476,326,30,10,475,1,9,3,0,0.3333,0.0,1,1,-1,0,1.0,0.0,11,70,15,0.6,0.1897,96,42,0.4048,0.0238,0.373,1.0,0.0,0.6,0.0,1.0,0.0,1.0,0.0,1.0,0.0,3159,1,1.0,1
476,326,30,11,476,0,9,3,0,0.3333,0.0,1,1,-1,0,1.0,0.0,11,70,15,0.6,0.1897,96,42,0.4048,0.0238,0.373,1.0,0.0,0.6,0.0,1.0,0.0,1.0,0.0,1.0,0.0,3159,1,1.0,1
476,326,30,12,476,0,9,3,0,0.3333,0.0,1,1,-1,0,1.0,0.0,11,70,15,0.6,0.1897,96,42,0.4048,0.0238,0.373,1.0,0.0,0.6,0.0,1.0,0.0,1.0,0.0,1.0,0.0,3159,1,1.0,1
477,284,20,3,475,2,2,1,1,0.5,0.5,2,2,9,0,0.5,0.5,17,83,16,0.125,0.0365,39,6,0.3333,0.1667,0.4167,0.5,0.0,0.67,0.381,0.619,0.4396,0.5604,0.4758,0.5242,0.0,835,1,1.0,1
477,285,20,2,475,2,1,1,0,1.0,0.0,2,2,-1,0,1.0,0.0,18,100,16,0.0625,0.0765,39,6,0.3333,0.1667,0.8333,1.0,0.0,0.67,0.0,1.0,0.0,1.0,0.0,1.0,0.0,1503,1,1.0,1
477,299,27,2,475,2,1,1,0,1.0,0.0,2,2,-1,0,1.0,0.0,134,75,16,0.0625,0.0393,71,8,0.375,0.25,0.875,1.0,0.0,0.62,0.0,1.0,0.0,1.0,0.0,1.0,0.0,810,1,1.0,1
477,300,27,3,475,2,2,2,0,1.0,0.0,2,2,-1,0,1.0,0.0,134,75,16,0.125,0.0393,71,8,0.375,0.25,0.625,1.0,0.0,0.62,0.0,1.0,0.0,1.0,0.0,1.0,0.0,3194,1,1.0,1
477,306,30,2,475,2,1,1,0,1.0,0.0,2,2,-1,0,1.0,0.0,10,70,16,0.0625,0.0393,96,42,0.4048,0.0,0.881,1.0,0.0,0.6,0.0,1.0,0.0,1.0,0.0,1.0,0.0,810,1,1.0,1
477,307,30,9,476,1,8,4,1,0.5,0.125,1,1,15,0,1.0,0.0,10,70,16,0.5,0.0618,96,42,0.4048,0.0,0.2857,0.875,0.0,0.6,0.0663,0.9337,0.092,0.908,0.1109,0.8891,0.25,2288,1,1.0,1
477,307,30,10,477,0,8,4,1,0.5,0.125,1,1,15,0,1.0,0.0,10,70,16,0.5,0.0618,96,42,0.4048,0.0,0.2857,0.875,0.0,0.6,0.0663,0.9337,0.092,0.908,0.1109,0.8891,0.25,2288,1,1.0,1
477,309,30,2,475,2,1,1,0,1.0,0.0,2,2,-1,0,1.0,0.0,10,70,16,0.0625,0.0393,96,42,0.4048,0.0,0.881,1.0,0.0,0.6,0.0,1.0,0.0,1.0,0.0,1.0,0.0,810,1,1.0,1
477,310,30,2,475,2,1,1,0,1.0,0.0,2,2,-1,0,1.0,0.0,10,70,16,0.0625,0.0393,96,42,0.4524,0.0,0.881,1.0,0.0,0.55,0.0,1.0,0.0,1.0,0.0,1.0,0.0,1503,1,1.0,1
477,312,30,2,475,2,1,1,0,1.0,0.0,2,2,-1,0,1.0,0.0,10,70,16,0.0625,0.0393,96,42,0.4048,0.0238,0.881,1.0,0.0,0.6,0.0,1.0,0.0,1.0,0.0,1.0,0.0,810,1,1.0,1
477,313,30,2,475,2,1,1,0,1.0,0.0,2,2,-1,0,1.0,0.0,10,70,16,0.0625,0.0393,96,42,0.4524,0.0,0.881,1.0,0.0,0.55,0.0,1.0,0.0,1.0,0.0,1.0,0.0,1503,1,1.0,1
477,315,30,2,475,2,1,1,0,1.0,0.0,2,2,-1,0,1.0,0.0,17,83,16,0.0625,0.0393,96,42,0.4048,0.0238,0.881,1.0,0.0,0.6,0.0,1.0,0.0,1.0,0.0,1.0,0.0,810,1,1.0,1
477,316,30,2,475,2,1,1,0,1.0,0.0,2,2,-1,0,1.0,0.0,14,88,16,0.0625,0.0393,96,42,0.4048,0.0,0.881,1.0,0.0,0.6,0.0,1.0,0.0,1.0,0.0,1.0,0.0,810,1,1.0,1
477,328,30,3,475,2,2,2,0,1.0,0.0,2,2,-1,0,1.0,0.0,10,70,16,0.125,0.0365,96,42,0.4524,0.0238,0.5238,1.0,0.0,0.55,0.0,1.0,0.0,1.0,0.0,1.0,0.0,1528,1,1.0,1
477,330,30,2,475,2,1,1,0,1.0,0.0,2,2,-1,0,1.0,0.0,10,70,16,0.0625,0.0393,96,42,0.4048,0.0238,0.881,1.0,0.0,0.6,0.0,1.0,0.0,1.0,0.0,1.0,0.0,810,1,1.0,1
477,344,36,2,475,2,1,1,0,1.0,0.0,2,2,-1,0,1.0,0.0,5,71,16,0.0625,0.0393,71,26,0.3077,0.0,0.5,1.0,0.0,0.69,0.0,1.0,0.0,1.0,0.0,1.0,0.0,1503,1,1.0,1
477,355,30,3,475,2,2,2,0,1.0,0.0,2,2,-1,0,1.0,0.0,11,70,15,0.1333,0.0747,96,42,0.4048,0.0238,0.5238,1.0,0.0,0.6,0.0,1.0,0.0,1.0,0.0,1.0,0.0,835,1,1.0,1
525,79,20,3,443,82,2,2,0,1.0,0.0,82,82,-1,0,1.0,0.0,10,87,523,0.0038,0.6282,39,9,0.1111,0.0,0.0,0.0,0.0,0.89,0.0,1.0,0.0,1.0,0.0,1.0,0.0,423,1,1.0,0
529,14,4,2,443,86,1,1,0,1.0,0.0,86,86,-1,0,1.0,0.0,8,83,527,0.0019,0.6331,42,13,0.0769,0.0,0.9231,1.0,0.0,0.92,0.0,1.0,0.0,1.0,0.0,1.0,0.0,140,1,1.0,1
529,180,4,3,443,86,2,1,1,0.5,0.5,86,86,368,0,0.5,0.5,5,75,368,0.0054,0.5579,42,12,0.0,0.0,0.4583,0.5,0.0,1.0,0.0,1.0,0.0001,0.9999,0.0197,0.9803,0.0,308,1,1.0,0
529,368,14,2,526,3,1,0,1,0.0,1.0,3,-1,3,1,0.0,1.0,5,75,3,0.3333,0.0069,35,7,0.2857,0.0,0.0,0.0,0.0,0.71,1.0,0.0,1.0,0.0,1.0,0.0,0.0,196,1,1.0,1
536,167,46,3,137,399,2,1,1,0.5,0.5,399,399,430,0,0.5,0.5,5,75,439,0.0046,0.0542,74,28,0.25,0.0,0.0,0.0,0.0,0.75,0.0,0.0,0.2546,0.7454,0.3942,0.6058,0.0,101,1,1.0,0
536,170,4,3,200,336,2,1,1,0.5,0.5,336,336,417,0,0.5,0.5,8,71,417,0.0048,0.1562,42,13,0.1538,0.0769,0.0385,0.5,0.0,0.85,0.0,0.0,0.0569,0.9431,0.2455,0.7545,0.0,160,1,1.0,0
536,292,23,3,475,61,2,2,0,1.0,0.0,61,61,-1,0,1.0,0.0,8,100,75,0.0267,0.3687,64,14,0.1429,0.0714,0.3214,1.0,0.0,0.86,0.0,1.0,0.0,1.0,0.0,1.0,0.0,3194,1,1.0,0
536,297,26,2,475,61,1,1,0,1.0,0.0,61,61,-1,0,1.0,0.0,8,100,75,0.0133,0.3706,75,11,0.3636,0.0,0.8182,1.0,0.0,0.64,0.0,1.0,0.0,1.0,0.0,1.0,0.0,810,1,1.0,0
574,292,23,4,536,38,3,2,1,0.6667,0.3333,38,99,38,1,0.6667,0.3333,8,100,113,0.0265,0.7475,64,14,0.1429,0.0714,0.2143,0.6667,0.0,0.86,0.9803,0.0197,0.8368,0.1632,0.5609,0.4391,0.0,3200,1,1.0,0
574,292,23,5,574,0,3,2,1,0.6667,0.3333,38,99,38,1,0.6667,0.3333,8,100,113,0.0265,0.7475,64,14,0.1429,0.0714,0.2143,0.6667,0.0,0.86,0.9803,0.0197,0.8368,0.1632,0.5609,0.4391,0.0,3200,1,1.0,0
576,123,38,6,443,133,5,2,3,0.4,0.6,133,133,190,0,0.4,0.6,12,100,574,0.0087,0.6871,111,54,0.0,0.0,0.0259,0.2,0.0,1.0,0.0269,0.9731,0.1867,0.8133,0.4386,0.5614,-0.1667,1432,1,1.0,0
576,245,41,5,443,133,4,4,0,1.0,0.0,133,133,-1,0,1.0,0.0,12,100,303,0.0132,0.5496,98,50,0.0,0.0,0.065,0.25,0.0,1.0,0.0,1.0,0.0,1.0,0.0,1.0,0.0,1422,1,1.0,0
579,275,7,2,561,18,1,1,0,1.0,0.0,18,18,-1,0,1.0,0.0,8,70,120,0.0083,0.3296,58,19,0.0,0.0,0.0,0.0,0.0,1.0,0.0,1.0,0.0,1.0,0.0,1.0,0.0,46,1,1.0,0
586,281,7,2,475,111,1,1,0,1.0,0.0,111,111,-1,0,1.0,0.0,7,83,125,0.008,0.3399,58,19,0.0526,0.0,0.1053,1.0,0.0,0.95,0.0,1.0,0.0,1.0,0.0,1.0,0.0,810,1,1.0,1
586,282,7,3,475,111,2,1,1,0.5,0.5,111,111,116,0,0.5,0.5,12,75,125,0.016,0.3427,58,19,0.0526,0.0,0.0526,0.5,0.0,0.95,0.4142,0.5858,0.4568,0.5432,0.4827,0.5173,0.0,1028,1,1.0,1
586,283,11,2,475,111,1,1,0,1.0,0.0,111,111,-1,0,1.0,0.0,10,70,125,0.008,0.3727,36,7,0.0,0.0,0.1429,1.0,0.0,1.0,0.0,1.0,0.0,1.0,0.0,1.0,0.0,810,1,1.0,0
586,286,21,7,476,110,6,1,2,0.1667,0.3333,110,111,110,1,0.4,0.6,5,75,125,0.048,0.6573,43,9,0.1111,0.1111,0.1481,0.3333,0.0,0.89,0.6401,0.3599,0.6523,0.3477,0.6607,0.3393,0.0,2394,1,1.0,0
586,291,23,7,476,110,6,3,0,0.5,0.0,110,110,-1,0,1.0,0.0,5,75,125,0.048,0.6573,64,14,0.3571,0.0714,0.2381,1.0,0.0,0.64,0.0,1.0,0.0,1.0,0.0,1.0,0.0,2394,1,1.0,0
586,291,23,8,586,0,6,3,0,0.5,0.0,110,110,-1,0,1.0,0.0,5,75,125,0.048,0.6573,64,14,0.3571,0.0714,0.2381,1.0,0.0,0.64,0.0,1.0,0.0,1.0,0.0,1.0,0.0,2394,1,1.0,0
586,299,27,3,477,109,2,2,0,1.0,0.0,109,109,-1,0,1.0,0.0,134,75,125,0.016,0.3427,71,7,0.4286,0.2857,0.5,1.0,0.0,0.57,0.0,1.0,0.0,1.0,0.0,1.0,0.0,890,1,1.0,1
586,307,30,11,477,109,10,5,1,0.5,0.1,109,109,124,0,1.0,0.0,10,70,125,0.08,0.6685,96,41,0.3902,0.0,0.2683,0.7,0.0,0.61,0.0482,0.9518,0.0703,0.9297,0.0871,0.9129,0.2,2448,1,1.0,1
586,307,30,12,586,0,10,5,1,0.5,0.1,109,109,124,0,1.0,0.0,10,70,125,0.08,0.6685,96,41,0.3902,0.0,0.2683,0.7,0.0,0.61,0.0482,0.9518,0.0703,0.9297,0.0871,0.9129,0.2,2448,1,1.0,1
586,309,30,3,477,109,2,2,0,1.0,0.0,109,109,-1,0,1.0,0.0,10,70,125,0.016,0.3427,96,41,0.3902,0.0,0.5366,1.0,0.0,0.61,0.0,1.0,0.0,1.0,0.0,1.0,0.0,890,1,1.0,1
586,309,30,4,586,0,2,2,0,1.0,0.0,109,109,-1,0,1.0,0.0,10,70,125,0.016,0.3427,96,41,0.3902,0.0,0.5366,1.0,0.0,0.61,0.0,1.0,0.0,1.0,0.0,1.0,0.0,890,1,1.0,1
586,326,30,13,476,110,12,4,0,0.3333,0.0,110,110,-1,0,1.0,0.0,11,70,125,0.096,2.069,96,41,0.3902,0.0244,0.2866,1.0,0.0,0.61,0.0,1.0,0.0,1.0,0.0,1.0,0.0,3666,1,1.0,1
586,326,30,14,586,0,12,4,0,0.3333,0.0,110,110,-1,0,1.0,0.0,11,70,125,0.096,2.069,96,41,0.3902,0.0244,0.2866,1.0,0.0,0.61,0.0,1.0,0.0,1.0,0.0,1.0,0.0,3666,1,1.0,1
586,326,30,15,586,0,12,4,0,0.3333,0.0,110,110,-1,0,1.0,0.0,11,70,125,0.096,2.069,96,41,0.3902,0.0244,0.2866,1.0,0.0,0.61,0.0,1.0,0.0,1.0,0.0,1.0,0.0,3666,1,1.0,1
586,338,34,3,475,111,2,2,0,1.0,0.0,111,111,-1,0,1.0,0.0,5,71,125,0.016,0.3427,113,40,0.3,0.025,0.4375,1.0,0.0,0.7,0.0,1.0,0.0,1.0,0.0,1.0,0.0,1028,1,1.0,1
598,19,4,4,443,155,3,1,2,0.3333,0.6667,155,155,198,0,0.3333,0.6667,7,71,596,0.005,0.7092,42,13,0.0,0.0,0.3077,0.3333,0.0,1.0,0.0483,0.9517,0.1859,0.8141,0.3938,0.6062,0.0,186,1,1.0,0
598,262,15,3,443,155,2,1,1,0.5,0.5,155,155,197,0,0.5,0.5,7,100,197,0.0102,0.7139,40,13,0.0,0.0,0.4615,0.5,0.0,1.0,0.0516,0.9484,0.1891,0.8109,0.3584,0.6416,0.0,180,1,1.0,0
630,300,27,4,477,153,3,3,0,1.0,0.0,153,153,-1,0,1.0,0.0,134,75,169,0.0178,0.4663,71,11,0.1818,0.1818,0.2727,0.6667,0.0,0.82,0.0,1.0,0.0,1.0,0.0,1.0,0.0,3223,1,1.0,0
630,321,30,3,475,155,2,2,0,1.0,0.0,155,155,-1,0,1.0,0.0,10,70,169,0.0118,0.4663,96,40,0.45,0.0,0.5125,1.0,0.0,0.55,0.0,1.0,0.0,1.0,0.0,1.0,0.0,1528,1,1.0,1
630,322,30,3,475,155,2,2,0,1.0,0.0,155,155,-1,0,1.0,0.0,10,70,169,0.0118,0.4663,96,40,0.45,0.0,0.5125,1.0,0.0,0.55,0.0,1.0,0.0,1.0,0.0,1.0,0.0,1528,1,1.0,1
630,345,36,2,475,155,1,1,0,1.0,0.0,155,155,-1,0,1.0,0.0,5,71,169,0.0059,0.4691,71,27,0.2963,0.0,0.4815,1.0,0.0,0.7,0.0,1.0,0.0,1.0,0.0,1.0,0.0,1503,1,1.0,1
630,346,36,2,475,155,1,1,0,1.0,0.0,155,155,-1,0,1.0,0.0,5,71,169,0.0059,0.4691,71,27,0.2963,0.0,0.4815,1.0,0.0,0.7,0.0,1.0,0.0,1.0,0.0,1.0,0.0,1503,1,1.0,1
630,351,72,2,475,155,1,1,0,1.0,0.0,155,155,-1,0,1.0,0.0,24,78,169,0.0059,0.4691,43,21,0.3333,0.0,0.2857,1.0,0.0,0.67,0.0,1.0,0.0,1.0,0.0,1.0,0.0,1503,1,1.0,1
630,351,72,3,630,0,1,1,0,1.0,0.0,155,155,-1,0,1.0,0.0,24,78,169,0.0059,0.4691,43,21,0.3333,0.0,0.2857,1.0,0.0,0.67,0.0,1.0,0.0,1.0,0.0,1.0,0.0,1503,1,1.0,1
634,286,21,8,586,48,7,1,3,0.1429,0.4286,48,159,48,2,0.4,0.6,5,75,173,0.0405,0.9242,43,11,0.1818,0.0909,0.1039,0.2857,0.0,0.82,0.9991,0.0009,0.962,0.038,0.8105,0.1895,-0.0833,2697,1,1.0,0
634,286,21,9,634,0,7,1,3,0.1429,0.4286,48,159,48,2,0.4,0.6,5,75,173,0.0405,0.9242,43,11,0.1818,0.0909,0.1039,0.2857,0.0,0.82,0.9991,0.0009,0.962,0.038,0.8105,0.1895,-0.0833,2697,1,1.0,0
634,291,23,9,586,48,8,3,1,0.375,0.125,48,158,48,1,0.6,0.4,5,75,173,0.0462,0.9213,64,19,0.3158,0.0526,0.1316,0.75,0.0,0.68,0.9987,0.0013,0.9422,0.0578,0.6125,0.3875,-0.5,3000,1,1.0,1
634,291,23,10,634,0,8,3,1,0.375,0.125,48,158,48,1,0.6,0.4,5,75,173,0.0462,0.9213,64,19,0.3158,0.0526,0.1316,0.75,0.0,0.68,0.9987,0.0013,0.9422,0.0578,0.6125,0.3875,-0.5,3000,1,1.0,1
634,295,25,2,475,159,1,1,0,1.0,0.0,159,159,-1,0,1.0,0.0,12,100,173,0.0058,0.4803,79,17,0.1176,0.0588,0.3529,1.0,0.0,0.88,0.0,1.0,0.0,1.0,0.0,1.0,0.0,810,1,1.0,1
634,299,27,4,586,48,3,3,0,1.0,0.0,48,48,-1,0,1.0,0.0,134,75,173,0.0173,0.4747,71,11,0.2727,0.1818,0.2424,0.6667,0.0,0.73,0.0,1.0,0.0,1.0,0.0,1.0,0.0,1193,1,1.0,1
635,281,7,3,586,49,2,2,0,1.0,0.0,49,49,-1,0,1.0,0.0,7,83,174,0.0115,0.6096,58,19,0.0526,0.0,0.0789,1.0,0.0,0.95,0.0,1.0,0.0,1.0,0.0,1.0,0.0,1113,1,1.0,0
635,309,30,5,586,49,4,3,0,0.75,0.0,49,49,-1,0,1.0,0.0,10,70,174,0.023,0.6124,96,38,0.3684,0.0,0.3026,1.0,0.0,0.63,0.0,1.0,0.0,1.0,0.0,1.0,0.0,1496,1,1.0,1
635,318,30,2,475,160,1,1,0,1.0,0.0,160,160,-1,0,1.0,0.0,10,70,174,0.0057,0.4831,96,38,0.3684,0.0,0.8421,1.0,0.0,0.63,0.0,1.0,0.0,1.0,0.0,1.0,0.0,810,1,1.0,1
635,336,32,2,475,160,1,1,0,1.0,0.0,160,160,-1,0,1.0,0.0,7,83,174,0.0057,0.5119,110,46,0.3043,0.0217,0.6957,1.0,0.0,0.7,0.0,1.0,0.0,1.0,0.0,1.0,0.0,810,1,1.0,1
636,281,7,4,635,1,3,2,1,0.6667,0.3333,1,50,1,1,0.6667,0.3333,7,83,175,0.0171,0.6096,58,19,0.0526,0.0,0.0526,0.6667,0.0,0.95,0.9676,0.0324,0.8425,0.1575,0.6189,0.3811,0.0,1134,1,1.0,0
636,307,30,13,586,50,12,6,1,0.5,0.0833,50,50,174,0,1.0,0.0,10,70,175,0.0686,0.9438,96,37,0.3514,0.0,0.2185,0.5,0.0,0.65,0.0001,0.9999,0.0062,0.9938,0.0442,0.9558,0.1667,3054,1,1.0,1
636,307,30,14,636,0,12,6,1,0.5,0.0833,50,50,174,0,1.0,0.0,10,70,175,0.0686,0.9438,96,37,0.3514,0.0,0.2185,0.5,0.0,0.65,0.0001,0.9999,0.0062,0.9938,0.0442,0.9558,0.1667,3054,1,1.0,1
636,309,30,6,635,1,5,4,0,0.8,0.0,1,1,-1,0,1.0,0.0,10,70,175,0.0286,0.6152,96,37,0.3514,0.0,0.2432,0.8,0.0,0.65,0.0,1.0,0.0,1.0,0.0,1.0,0.0,1517,1,1.0,1
639,296,25,3,475,164,2,2,0,1.0,0.0,164,164,-1,0,1.0,0.0,7,71,178,0.0112,0.5,79,16,0.1875,0.0625,0.2188,1.0,0.0,0.81,0.0,1.0,0.0,1.0,0.0,1.0,0.0,3194,1,1.0,1
644,205,17,5,475,169,4,1,3,0.25,0.75,169,201,169,2,0.25,0.75,12,75,429,0.0093,0.696,38,9,0.0,0.0,0.25,0.25,0.25,1.0,0.9269,0.0731,0.8306,0.1694,0.7475,0.2525,-0.5,3655,1,1.0,0
644,292,23,6,574,70,5,2,2,0.4,0.4,70,169,70,2,0.4,0.6,8,100,183,0.0273,1.4444,64,19,0.1053,0.0526,0.0947,0.4,0.0,0.89,0.9993,0.0007,0.9775,0.0225,0.8486,0.1514,-1.0,3350,1,1.0,1
644,292,23,7,644,0,5,2,2,0.4,0.4,70,169,70,2,0.4,0.6,8,100,183,0.0273,1.4444,64,19,0.1053,0.0526,0.0947,0.4,0.0,0.89,0.9993,0.0007,0.9775,0.0225,0.8486,0.1514,-1.0,3350,1,1.0,1
644,296,25,4,639,5,3,3,0,1.0,0.0,5,5,-1,0,1.0,0.0,7,71,183,0.0164,0.5253,79,16,0.1875,0.0625,0.1667,0.6667,0.0,0.81,0.0,1.0,0.0,1.0,0.0,1.0,0.0,3198,1,1.0,1
644,296,25,5,644,0,3,3,0,1.0,0.0,5,5,-1,0,1.0,0.0,7,71,183,0.0164,0.5253,79,16,0.1875,0.0625,0.1667,0.6667,0.0,0.81,0.0,1.0,0.0,1.0,0.0,1.0,0.0,3198,1,1.0,1
644,313,30,3,477,167,2,2,0,1.0,0.0,167,167,-1,0,1.0,0.0,10,70,183,0.0109,0.5056,96,38,0.5,0.0,0.5,1.0,0.0,0.5,0.0,1.0,0.0,1.0,0.0,1.0,0.0,1532,1,1.0,1
644,313,30,4,644,0,2,2,0,1.0,0.0,167,167,-1,0,1.0,0.0,10,70,183,0.0109,0.5056,96,38,0.5,0.0,0.5,1.0,0.0,0.5,0.0,1.0,0.0,1.0,0.0,1.0,0.0,1532,1,1.0,1
644,321,30,4,630,14,3,3,0,1.0,0.0,14,14,-1,0,1.0,0.0,10,70,183,0.0164,0.5028,96,38,0.5,0.0,0.3246,1.0,0.0,0.5,0.0,1.0,0.0,1.0,0.0,1.0,0.0,1588,1,1.0,1
644,322,30,4,630,14,3,3,0,1.0,0.0,14,14,-1,0,1.0,0.0,10,70,183,0.0164,0.5028,96,38,0.5,0.0,0.3246,1.0,0.0,0.5,0.0,1.0,0.0,1.0,0.0,1.0,0.0,1588,1,1.0,1
644,397,40,2,630,14,1,1,0,1.0,0.0,14,14,-1,0,1.0,0.0,5,71,14,0.0714,0.0695,106,59,0.4915,0.0169,0.1017,1.0,0.0,0.51,0.0,1.0,0.0,1.0,0.0,1.0,0.0,60,1,1.0,1
653,313,30,5,644,9,4,3,0,0.75,0.0,9,9,-1,0,1.0,0.0,10,70,192,0.0208,0.5506,96,38,0.5,0.0,0.2895,0.75,0.0,0.5,0.0,1.0,0.0,1.0,0.0,1.0,0.0,1968,1,1.0,0
655,416,42,2,655,0,0,0,0,0.0,0.0,1,-1,-1,0,0.0,0.0,5,71,1,0.0,0.0,92,52,0.1154,0.0192,0.0,0.0,0.0,0.88,0.0,0.0,0.0,0.0,0.0,0.0,0.0,0,0,0.0,1
656,416,42,3,655,1,2,1,0,0.5,0.0,1,1,-1,0,1.0,0.0,5,71,2,1.0,0.0,92,52,0.1154,0.0192,0.1154,1.0,0.0,0.88,0.0,1.0,0.0,1.0,0.0,1.0,0.0,1352,1,1.0,1
656,416,42,4,656,0,2,1,0,0.5,0.0,1,1,-1,0,1.0,0.0,5,71,2,1.0,0.0,92,52,0.1154,0.0192,0.1154,1.0,0.0,0.88,0.0,1.0,0.0,1.0,0.0,1.0,0.0,1352,1,1.0,1
656,419,43,2,655,1,1,1,0,1.0,0.0,1,1,-1,0,1.0,0.0,5,71,2,0.5,0.0,66,29,0.1034,0.0345,0.1034,1.0,0.0,0.9,0.0,1.0,0.0,1.0,0.0,1.0,0.0,676,1,1.0,1
657,406,31,2,655,2,1,1,0,1.0,0.0,2,2,-1,0,1.0,0.0,5,75,3,0.3333,0.0061,89,44,0.0227,0.0455,0.0227,1.0,0.0,0.98,0.0,1.0,0.0,1.0,0.0,1.0,0.0,676,1,1.0,0
657,416,42,5,656,1,4,2,0,0.5,0.0,1,1,-1,0,1.0,0.0,5,71,3,1.3333,0.0,92,54,0.1481,0.0185,0.0648,1.0,0.0,0.85,0.0,1.0,0.0,1.0,0.0,1.0,0.0,1378,1,1.0,1
657,416,42,6,657,0,4,2,0,0.5,0.0,1,1,-1,0,1.0,0.0,5,71,3,1.3333,0.0,92,54,0.1481,0.0185,0.0648,1.0,0.0,0.85,0.0,1.0,0.0,1.0,0.0,1.0,0.0,1378,1,1.0,1
657,417,42,2,655,2,1,1,0,1.0,0.0,2,2,-1,0,1.0,0.0,10,70,3,0.3333,0.0061,92,54,0.1481,0.037,0.1111,1.0,0.0,0.85,0.0,1.0,0.0,1.0,0.0,1.0,0.0,676,1,1.0,1
657,417,42,3,657,0,1,1,0,1.0,0.0,2,2,-1,0,1.0,0.0,10,70,3,0.3333,0.0061,92,54,0.1481,0.037,0.1111,1.0,0.0,0.85,0.0,1.0,0.0,1.0,0.0,1.0,0.0,676,1,1.0,1
657,418,42,2,655,2,1,1,0,1.0,0.0,2,2,-1,0,1.0,0.0,10,70,3,0.3333,0.0061,92,54,0.1481,0.037,0.1111,1.0,0.0,0.85,0.0,1.0,0.0,1.0,0.0,1.0,0.0,676,1,1.0,1
657,427,85,2,655,2,1,0,1,0.0,1.0,2,-1,2,1,0.0,1.0,15,100,3,0.3333,0.0061,42,16,0.0,0.0,0.0,0.0,0.0,1.0,1.0,0.0,1.0,0.0,1.0,0.0,0.0,676,1,1.0,0
657,427,85,3,657,0,1,0,1,0.0,1.0,2,-1,2,1,0.0,1.0,15,100,3,0.3333,0.0061,42,16,0.0,0.0,0.0,0.0,0.0,1.0,1.0,0.0,1.0,0.0,1.0,0.0,0.0,676,1,1.0,0
657,427,85,4,657,0,1,0,1,0.0,1.0,2,-1,2,1,0.0,1.0,15,100,3,0.3333,0.0061,42,16,0.0,0.0,0.0,0.0,0.0,1.0,1.0,0.0,1.0,0.0,1.0,0.0,0.0,676,1,1.0,0
657,429,89,2,655,2,1,1,0,1.0,0.0,2,2,-1,0,1.0,0.0,5,71,3,0.3333,0.0061,35,14,0.2143,0.0,0.1429,1.0,0.0,0.79,0.0,1.0,0.0,1.0,0.0,1.0,0.0,676,1,1.0,1
657,430,42,2,657,0,0,0,0,0.0,0.0,0,-1,-1,0,0.0,0.0,15,100,0,0.0,0.0,92,54,0.1481,0.037,0.0,0.0,0.0,0.85,0.0,0.0,0.0,0.0,0.0,0.0,0.0,0,0,0.0,1
658,206,18,4,475,183,3,3,0,1.0,0.0,183,183,-1,0,1.0,0.0,5,75,443,0.0068,0.7359,42,8,0.0,0.0,0.2917,0.3333,0.0,1.0,0.0,1.0,0.0,1.0,0.0,1.0,0.0,3650,1,1.0,0
658,291,23,11,634,24,10,4,1,0.4,0.1,24,24,72,0,0.6,0.4,5,75,197,0.0508,1.0618,64,21,0.2857,0.0476,0.1143,0.8,0.0,0.71,0.0347,0.9653,0.1577,0.8423,0.2795,0.7205,-0.4,3048,1,1.0,0
658,300,27,5,630,28,4,3,1,0.75,0.25,28,181,28,1,0.75,0.25,134,75,197,0.0203,0.5421,71,13,0.1538,0.3846,0.1538,0.5,0.0,0.85,0.9999,0.0001,0.9877,0.0123,0.7504,0.2496,-0.5,3283,1,1.0,1
658,307,30,15,636,22,14,7,1,0.5,0.0714,22,22,196,0,1.0,0.0,10,70,197,0.0711,1.0618,96,42,0.3333,0.0,0.1684,0.5714,0.0,0.67,0.0,1.0,0.001,0.999,0.0222,0.9778,0.1429,3160,1,1.0,1
658,309,30,7,636,22,6,5,0,0.8333,0.0,22,22,-1,0,1.0,0.0,10,70,197,0.0305,0.736,96,42,0.3333,0.0,0.1825,0.8333,0.0,0.67,0.0,1.0,0.0,1.0,0.0,1.0,0.0,1570,1,1.0,1
658,345,36,3,630,28,2,2,0,1.0,0.0,28,28,-1,0,1.0,0.0,5,71,197,0.0102,0.5449,71,27,0.2593,0.0,0.2593,1.0,0.0,0.74,0.0,1.0,0.0,1.0,0.0,1.0,0.0,1563,1,1.0,1
658,346,36,3,630,28,2,2,0,1.0,0.0,28,28,-1,0,1.0,0.0,5,71,197,0.0102,0.5449,71,27,0.2593,0.0,0.2593,1.0,0.0,0.74,0.0,1.0,0.0,1.0,0.0,1.0,0.0,1563,1,1.0,1
658,397,40,3,644,14,2,2,0,1.0,0.0,14,14,-1,0,1.0,0.0,5,71,28,0.0714,0.2139,106,64,0.4531,0.0156,0.0781,1.0,0.0,0.55,0.0,1.0,0.0,1.0,0.0,1.0,0.0,278,1,1.0,1
658,413,39,2,655,3,1,1,0,1.0,0.0,3,3,-1,0,1.0,0.0,10,100,4,0.25,0.0123,106,59,0.0847,0.0169,0.0847,1.0,0.0,0.92,0.0,1.0,0.0,1.0,0.0,1.0,0.0,676,1,1.0,1
658,416,42,7,657,1,6,3,0,0.5,0.0,1,1,-1,0,1.0,0.0,5,71,4,1.5,0.0,92,54,0.1481,0.0185,0.0802,0.6667,0.0,0.85,0.0,1.0,0.0,1.0,0.0,1.0,0.0,1542,1,1.0,1
658,416,42,8,658,0,6,3,0,0.5,0.0,1,1,-1,0,1.0,0.0,5,71,4,1.5,0.0,92,54,0.1481,0.0185,0.0802,0.6667,0.0,0.85,0.0,1.0,0.0,1.0,0.0,1.0,0.0,1542,1,1.0,1
658,419,43,3,656,2,2,2,0,1.0,0.0,2,2,-1,0,1.0,0.0,5,71,4,0.5,0.0061,66,29,0.1034,0.0345,0.069,1.0,0.0,0.9,0.0,1.0,0.0,1.0,0.0,1.0,0.0,689,1,1.0,1
658,427,85,5,657,1,4,0,2,0.0,0.5,1,-1,1,2,0.0,1.0,15,100,4,1.0,0.0061,42,16,0.0,0.0,0.0,0.0,0.0,1.0,1.0,0.0,1.0,0.0,1.0,0.0,0.0,922,1,1.0,0
658,427,85,6,658,0,4,0,2,0.0,0.5,1,-1,1,2,0.0,1.0,15,100,4,1.0,0.0061,42,16,0.0,0.0,0.0,0.0,0.0,1.0,1.0,0.0,1.0,0.0,1.0,0.0,0.0,922,1,1.0,0
659,206,18,5,658,1,4,3,1,0.75,0.25,1,184,1,1,0.75,0.25,5,75,444,0.009,0.7375,42,8,0.0,0.0,0.2188,0.25,0.0,1.0,1.0,0.0,0.9966,0.0034,0.8368,0.1632,-0.5,3653,1,1.0,0
659,291,23,12,658,1,11,4,2,0.3636,0.1818,1,25,1,1,0.4,0.6,5,75,198,0.0556,1.0674,64,20,0.3,0.0,0.1,0.7273,0.0,0.7,0.7279,0.2721,0.5695,0.4305,0.4776,0.5224,-0.5,3051,1,1.0,0
659,299,27,5,634,25,4,4,0,1.0,0.0,25,25,-1,0,1.0,0.0,134,75,198,0.0202,0.5421,71,13,0.2308,0.3846,0.1731,0.75,0.0,0.77,0.0,1.0,0.0,1.0,0.0,1.0,0.0,1217,1,1.0,1
659,300,27,6,658,1,5,4,1,0.8,0.2,1,1,29,0,0.8,0.2,134,75,198,0.0253,0.5421,71,13,0.1538,0.3846,0.1846,0.6,0.0,0.85,0.1256,0.8744,0.2739,0.7261,0.3563,0.6437,-0.3333,3286,1,1.0,1
659,307,30,16,658,1,15,8,1,0.5333,0.0667,1,1,197,0,1.0,0.0,10,70,198,0.0758,1.0646,96,42,0.3333,0.0,0.1619,0.6,0.0,0.67,0.0,1.0,0.0005,0.9995,0.0166,0.9834,0.1429,3163,1,1.0,1
659,309,30,8,658,1,7,6,0,0.8571,0.0,1,1,-1,0,1.0,0.0,10,70,198,0.0354,0.7388,96,42,0.3333,0.0,0.1667,0.8571,0.0,0.67,0.0,1.0,0.0,1.0,0.0,1.0,0.0,1573,1,1.0,1
659,397,40,4,658,1,3,3,0,1.0,0.0,1,1,-1,0,1.0,0.0,5,71,29,0.1034,0.2193,106,64,0.4531,0.0156,0.0833,0.6667,0.0,0.55,0.0,1.0,0.0,1.0,0.0,1.0,0.0,281,1,1.0,1
659,416,42,9,658,1,8,4,0,0.5,0.0,1,1,-1,0,1.0,0.0,5,71,5,1.6,0.0,92,54,0.1481,0.0185,0.0741,0.75,0.0,0.85,0.0,1.0,0.0,1.0,0.0,1.0,0.0,1546,1,1.0,1
659,416,42,10,659,0,8,4,0,0.5,0.0,1,1,-1,0,1.0,0.0,5,71,5,1.6,0.0,92,54,0.1481,0.0185,0.0741,0.75,0.0,0.85,0.0,1.0,0.0,1.0,0.0,1.0,0.0,1546,1,1.0,1
659,419,43,4,658,1,3,3,0,1.0,0.0,1,1,-1,0,1.0,0.0,5,71,5,0.6,0.0061,66,29,0.1034,0.0345,0.0575,1.0,0.0,0.9,0.0,1.0,0.0,1.0,0.0,1.0,0.0,691,1,1.0,1
659,427,85,7,658,1,6,0,3,0.0,0.5,1,-1,1,3,0.0,1.0,15,100,5,1.2,0.0184,42,16,0.0,0.0,0.0,0.0,0.0,1.0,1.0,0.0,1.0,0.0,1.0,0.0,0.0,926,1,1.0,0
659,427,85,8,659,0,6,0,3,0.0,0.5,1,-1,1,3,0.0,1.0,15,100,5,1.2,0.0184,42,16,0.0,0.0,0.0,0.0,0.0,1.0,1.0,0.0,1.0,0.0,1.0,0.0,0.0,926,1,1.0,0
659,429,89,3,657,2,2,2,0,1.0,0.0,2,2,-1,0,1.0,0.0,5,71,5,0.4,0.0123,35,14,0.2143,0.0,0.1429,1.0,0.0,0.79,0.0,1.0,0.0,1.0,0.0,1.0,0.0,758,1,1.0,1
663,397,40,5,659,4,4,4,0,1.0,0.0,4,4,-1,0,1.0,0.0,5,71,33,0.1212,0.2567,106,64,0.4531,0.0156,0.082,0.5,0.0,0.55,0.0,1.0,0.0,1.0,0.0,1.0,0.0,287,1,1.0,0
663,397,40,6,663,0,4,4,0,1.0,0.0,4,4,-1,0,1.0,0.0,5,71,33,0.1212,0.2567,106,64,0.4531,0.0156,0.082,0.5,0.0,0.55,0.0,1.0,0.0,1.0,0.0,1.0,0.0,287,1,1.0,0
664,281,7,5,636,28,4,2,2,0.5,0.5,28,78,28,2,0.5,0.5,7,83,203,0.0197,0.7612,58,19,0.0526,0.0,0.0395,0.5,0.0,0.95,0.9841,0.0159,0.9159,0.0841,0.7658,0.2342,-1.0,1187,1,1.0,0
664,307,30,17,659,5,16,9,1,0.5625,0.0625,5,5,202,0,1.0,0.0,10,70,203,0.0788,1.0899,96,42,0.3333,0.0,0.1533,0.625,0.0,0.67,0.0,1.0,0.0004,0.9996,0.0133,0.9867,0.125,3167,1,1.0,1
664,307,30,18,664,0,16,9,1,0.5625,0.0625,5,5,202,0,1.0,0.0,10,70,203,0.0788,1.0899,96,42,0.3333,0.0,0.1533,0.625,0.0,0.67,0.0,1.0,0.0004,0.9996,0.0133,0.9867,0.125,3167,1,1.0,1
664,309,30,9,659,5,8,7,0,0.875,0.0,5,5,-1,0,1.0,0.0,10,70,203,0.0394,0.764,96,42,0.3333,0.0,0.1488,0.875,0.0,0.67,0.0,1.0,0.0,1.0,0.0,1.0,0.0,1577,1,1.0,1
664,309,30,10,664,0,8,7,0,0.875,0.0,5,5,-1,0,1.0,0.0,10,70,203,0.0394,0.764,96,42,0.3333,0.0,0.1488,0.875,0.0,0.67,0.0,1.0,0.0,1.0,0.0,1.0,0.0,1577,1,1.0,1
664,315,30,3,477,187,2,2,0,1.0,0.0,187,187,-1,0,1.0,0.0,17,83,203,0.0099,0.5618,96,42,0.3333,0.0,0.4524,1.0,0.0,0.67,0.0,1.0,0.0,1.0,0.0,1.0,0.0,890,1,1.0,1
664,398,35,2,639,25,1,0,1,0.0,1.0,25,-1,25,1,0.0,1.0,16,78,30,0.0333,0.1585,146,68,0.2206,0.0147,0.0,0.0,0.0,0.78,1.0,0.0,1.0,0.0,1.0,0.0,0.0,4,1,1.0,1
664,398,35,3,664,0,1,0,1,0.0,1.0,25,-1,25,1,0.0,1.0,16,78,30,0.0333,0.1585,146,68,0.2206,0.0147,0.0,0.0,0.0,0.78,1.0,0.0,1.0,0.0,1.0,0.0,0.0,4,1,1.0,1
666,307,30,19,664,2,18,10,1,0.5556,0.0556,2,2,204,0,1.0,0.0,10,70,205,0.0878,1.0955,96,42,0.3333,0.0,0.1415,0.6667,0.0,0.67,0.0,1.0,0.0002,0.9998,0.0092,0.9908,0.1111,3289,1,1.0,1
666,309,30,11,664,2,10,8,0,0.8,0.0,2,2,-1,0,1.0,0.0,10,70,205,0.0488,0.7697,96,42,0.3333,0.0,0.1286,0.9,0.0,0.67,0.0,1.0,0.0,1.0,0.0,1.0,0.0,1699,1,1.0,1
670,368,14,3,529,141,2,1,1,0.5,0.5,141,141,144,0,0.5,0.5,5,75,144,0.0139,0.488,35,8,0.25,0.0,0.0625,0.5,0.0,0.75,0.4482,0.5518,0.474,0.526,0.4896,0.5104,0.0,314,1,1.0,0
672,180,4,4,529,143,3,2,1,0.6667,0.3333,143,143,511,0,0.6667,0.3333,5,75,511,0.0059,0.7744,42,13,0.0,0.0,0.2821,0.3333,0.0,1.0,0.0,1.0,0.0,1.0,0.0046,0.9954,0.0,426,1,1.0,0
672,368,14,4,670,2,3,1,2,0.3333,0.6667,2,143,2,1,0.3333,0.6667,5,75,146,0.0205,0.4914,35,8,0.25,0.0,0.0417,0.3333,0.0,0.75,0.9999,0.0001,0.9926,0.0074,0.8891,0.1109,0.0,344,1,1.0,1
673,416,42,11,659,14,10,5,0,0.5,0.0,14,14,-1,0,1.0,0.0,5,71,19,0.5263,0.1595,92,54,0.1481,0.0185,0.0741,0.8,0.0,0.85,0.0,1.0,0.0,1.0,0.0,1.0,0.0,1566,1,1.0,0
675,14,4,3,529,146,2,2,0,1.0,0.0,146,146,-1,0,1.0,0.0,8,83,673,0.003,0.984,42,14,0.0714,0.0,0.4643,1.0,0.0,0.93,0.0,1.0,0.0,1.0,0.0,1.0,0.0,258,1,1.0,0
675,370,57,2,675,0,0,0,0,0.0,0.0,149,-1,-1,0,0.0,0.0,7,80,149,0.0,0.5017,71,35,0.0,0.0,0.0,0.0,0.0,1.0,0.0,0.0,0.0,0.0,0.0,0.0,0.0,0,0,0.0,0
675,370,57,3,675,0,0,0,0,0.0,0.0,149,-1,-1,0,0.0,0.0,7,80,149,0.0,0.5017,71,35,0.0,0.0,0.0,0.0,0.0,1.0,0.0,0.0,0.0,0.0,0.0,0.0,0.0,0,0,0.0,0
676,14,4,4,675,1,3,2,1,0.6667,0.3333,1,147,1,1,0.6667,0.3333,8,83,674,0.0045,0.9853,42,14,0.0714,0.0,0.3095,0.6667,0.0,0.93,1.0,0.0,0.9934,0.0066,0.8531,0.1469,0.0,314,1,1.0,0
680,26,4,3,443,237,2,1,1,0.5,0.5,237,237,248,0,0.5,0.5,8,70,678,0.0029,0.816,42,14,0.0,0.0,0.4286,0.5,0.0,1.0,0.3181,0.6819,0.4058,0.5942,0.462,0.538,0.0,138,1,1.0,0
691,417,42,4,657,34,3,2,0,0.6667,0.0,34,34,-1,0,1.0,0.0,10,70,37,0.0811,0.411,92,62,0.1452,0.0323,0.0968,1.0,0.0,0.85,0.0,1.0,0.0,1.0,0.0,1.0,0.0,840,1,1.0,0
691,425,82,2,655,36,1,0,1,0.0,1.0,36,-1,36,1,0.0,1.0,10,70,37,0.027,0.0061,45,9,0.0,0.1111,0.0,0.0,0.0,1.0,1.0,0.0,1.0,0.0,1.0,0.0,0.0,676,1,1.0,0
699,206,18,6,659,40,5,3,2,0.6,0.4,40,224,40,2,0.6,0.4,5,75,484,0.0103,0.8688,42,10,0.0,0.0,0.14,0.2,0.0,1.0,1.0,0.0,0.9983,0.0017,0.9117,0.0883,-0.6667,3659,1,1.0,0
699,296,25,6,644,55,5,4,0,0.8,0.0,55,55,-1,0,1.0,0.0,7,71,238,0.021,0.8287,79,39,0.0769,0.1026,0.0308,0.4,0.0,0.92,0.0,1.0,0.0,1.0,0.0,1.0,0.0,3634,1,1.0,1
699,300,27,7,659,40,6,5,1,0.8333,0.1667,40,40,69,0,0.8,0.2,134,75,238,0.0252,0.6517,71,33,0.0909,0.7576,0.0758,0.6667,0.0,0.91,0.0648,0.9352,0.1567,0.8433,0.2325,0.7675,-0.3333,3292,1,1.0,1
699,345,36,4,658,41,3,3,0,1.0,0.0,41,41,-1,0,1.0,0.0,5,71,238,0.0126,0.7051,71,38,0.2105,0.0,0.1404,1.0,0.0,0.79,0.0,1.0,0.0,1.0,0.0,1.0,0.0,1566,1,1.0,1
699,346,36,4,658,41,3,3,0,1.0,0.0,41,41,-1,0,1.0,0.0,5,71,238,0.0126,0.6573,71,38,0.2105,0.0,0.1404,1.0,0.0,0.79,0.0,1.0,0.0,1.0,0.0,1.0,0.0,1566,1,1.0,1
699,358,34,3,475,224,2,2,0,1.0,0.0,224,224,-1,0,1.0,0.0,10,70,231,0.0087,0.3324,113,73,0.2877,0.0,0.2466,1.0,0.0,0.71,0.0,1.0,0.0,1.0,0.0,1.0,0.0,1528,1,1.0,1
699,358,34,4,699,0,2,2,0,1.0,0.0,224,224,-1,0,1.0,0.0,10,70,231,0.0087,0.3324,113,73,0.2877,0.0,0.2466,1.0,0.0,0.71,0.0,1.0,0.0,1.0,0.0,1.0,0.0,1528,1,1.0,1
699,359,70,3,475,224,2,1,1,0.5,0.5,224,224,231,0,0.5,0.5,5,71,231,0.0087,0.6562,42,22,0.2273,0.0,0.1818,0.5,0.0,0.77,0.381,0.619,0.4396,0.5604,0.4758,0.5242,0.0,1528,1,1.0,1
699,397,40,7,663,36,6,4,1,0.6667,0.1667,36,40,36,1,0.6,0.4,5,71,69,0.087,0.631,106,74,0.4054,0.0135,0.0473,0.3333,0.0,0.59,0.5216,0.4784,0.4398,0.5602,0.3788,0.6212,-0.6667,311,1,1.0,1
699,397,40,8,699,0,6,4,1,0.6667,0.1667,36,40,36,1,0.6,0.4,5,71,69,0.087,0.631,106,74,0.4054,0.0135,0.0473,0.3333,0.0,0.59,0.5216,0.4784,0.4398,0.5602,0.3788,0.6212,-0.6667,311,1,1.0,1
700,481,32,2,687,13,1,1,0,1.0,0.0,13,13,-1,0,1.0,0.0,10,70,18,0.0556,0.3704,110,78,0.2564,0.0128,0.0385,1.0,0.0,0.74,0.0,1.0,0.0,1.0,0.0,1.0,0.0,14,1,1.0,1
700,481,32,3,700,0,1,1,0,1.0,0.0,13,13,-1,0,1.0,0.0,10,70,18,0.0556,0.3704,110,78,0.2564,0.0128,0.0385,1.0,0.0,0.74,0.0,1.0,0.0,1.0,0.0,1.0,0.0,14,1,1.0,1
700,481,32,4,700,0,1,1,0,1.0,0.0,13,13,-1,0,1.0,0.0,10,70,18,0.0556,0.3704,110,78,0.2564,0.0128,0.0385,1.0,0.0,0.74,0.0,1.0,0.0,1.0,0.0,1.0,0.0,14,1,1.0,1
700,483,32,2,687,13,1,1,0,1.0,0.0,13,13,-1,0,1.0,0.0,9,70,18,0.0556,0.6735,110,78,0.2564,0.0,0.0256,1.0,0.0,0.74,0.0,1.0,0.0,1.0,0.0,1.0,0.0,14,1,1.0,1
700,483,32,3,700,0,1,1,0,1.0,0.0,13,13,-1,0,1.0,0.0,9,70,18,0.0556,0.6735,110,78,0.2564,0.0,0.0256,1.0,0.0,0.74,0.0,1.0,0.0,1.0,0.0,1.0,0.0,14,1,1.0,1
700,485,32,2,687,13,1,1,0,1.0,0.0,13,13,-1,0,1.0,0.0,10,70,18,0.0556,0.2444,110,78,0.2564,0.0513,0.0256,1.0,0.0,0.74,0.0,1.0,0.0,1.0,0.0,1.0,0.0,14,1,1.0,1
700,485,32,3,700,0,1,1,0,1.0,0.0,13,13,-1,0,1.0,0.0,10,70,18,0.0556,0.2444,110,78,0.2564,0.0513,0.0256,1.0,0.0,0.74,0.0,1.0,0.0,1.0,0.0,1.0,0.0,14,1,1.0,1
703,311,30,2,475,228,1,1,0,1.0,0.0,228,228,-1,0,1.0,0.0,5,71,242,0.0041,0.6742,96,50,0.38,0.02,0.62,1.0,0.0,0.62,0.0,1.0,0.0,1.0,0.0,1.0,0.0,1503,1,1.0,1
703,329,30,2,475,228,1,1,0,1.0,0.0,228,228,-1,0,1.0,0.0,10,70,242,0.0041,0.6742,96,50,0.38,0.02,0.62,1.0,0.0,0.62,0.0,1.0,0.0,1.0,0.0,1.0,0.0,1503,1,1.0,1
711,18,4,2,443,268,1,1,0,1.0,0.0,268,268,-1,0,1.0,0.0,11,70,709,0.0014,0.865,42,14,0.1429,0.0,0.7857,1.0,0.0,0.86,0.0,1.0,0.0,1.0,0.0,1.0,0.0,165,1,1.0,0
711,33,6,2,443,268,1,1,0,1.0,0.0,268,268,-1,0,1.0,0.0,11,70,709,0.0014,0.8675,20,7,0.4286,0.4286,0.8571,1.0,0.0,0.57,0.0,1.0,0.0,1.0,0.0,1.0,0.0,165,1,1.0,0
711,34,6,6,443,268,5,1,2,0.2,0.4,268,268,300,0,0.6,0.4,11,70,709,0.0071,1.8147,20,7,0.4286,0.4286,0.5143,0.6,0.0,0.57,0.035,0.965,0.0993,0.9007,0.1887,0.8113,1.0,543,1,1.0,1
714,14,4,5,676,38,4,2,2,0.5,0.5,38,185,38,2,0.5,0.5,8,83,712,0.0056,1.1239,42,15,0.0667,0.0,0.2167,0.5,0.0,0.93,1.0,0.0,0.9967,0.0033,0.9212,0.0788,-1.0,319,1,1.0,0
714,14,4,6,714,0,4,2,2,0.5,0.5,38,185,38,2,0.5,0.5,8,83,712,0.0056,1.1239,42,15,0.0667,0.0,0.2167,0.5,0.0,0.93,1.0,0.0,0.9967,0.0033,0.9212,0.0788,-1.0,319,1,1.0,0
714,370,57,4,675,39,3,0,1,0.0,0.3333,39,-1,39,1,0.0,1.0,7,80,188,0.016,0.8935,71,35,0.0,0.0,0.0,0.0,0.0,1.0,1.0,0.0,1.0,0.0,1.0,0.0,0.0,168,1,1.0,0
714,370,57,5,714,0,3,0,1,0.0,0.3333,39,-1,39,1,0.0,1.0,7,80,188,0.016,0.8935,71,35,0.0,0.0,0.0,0.0,0.0,1.0,1.0,0.0,1.0,0.0,1.0,0.0,0.0,168,1,1.0,0
714,370,57,6,714,0,3,0,1,0.0,0.3333,39,-1,39,1,0.0,1.0,7,80,188,0.016,0.8935,71,35,0.0,0.0,0.0,0.0,0.0,1.0,1.0,0.0,1.0,0.0,1.0,0.0,0.0,168,1,1.0,0
717,11,4,2,443,274,1,1,0,1.0,0.0,274,274,-1,0,1.0,0.0,8,70,715,0.0014,0.865,42,15,0.0,0.0,0.8,1.0,0.0,1.0,0.0,1.0,0.0,1.0,0.0,1.0,0.0,76,1,1.0,0
720,14,4,7,714,6,6,2,3,0.3333,0.5,6,191,6,3,0.2,0.8,8,83,718,0.0084,1.1423,42,15,0.0667,0.0,0.1444,0.3333,0.0,0.93,1.0,0.0,0.9993,0.0007,0.9694,0.0306,-0.6667,539,1,1.0,1
720,180,4,5,672,48,4,2,2,0.5,0.5,48,191,48,1,0.5,0.5,5,75,559,0.0072,0.846,42,14,0.0,0.0,0.1964,0.25,0.0,1.0,1.0,0.0,0.9927,0.0073,0.8479,0.1521,0.0,507,1,1.0,0
720,368,14,5,672,48,4,2,2,0.5,0.5,48,48,50,0,0.5,0.5,5,75,194,0.0206,0.6529,35,7,0.2857,0.0,0.0714,0.5,0.0,0.71,0.4654,0.5346,0.4826,0.5174,0.4927,0.5073,0.0,425,1,1.0,1
720,370,57,7,714,6,6,0,2,0.0,0.3333,6,-1,6,2,0.0,1.0,7,80,194,0.0309,0.945,71,35,0.0,0.0,0.0,0.0,0.0,1.0,1.0,0.0,1.0,0.0,1.0,0.0,0.0,498,1,1.0,0
720,370,57,8,720,0,6,0,2,0.0,0.3333,6,-1,6,2,0.0,1.0,7,80,194,0.0309,0.945,71,35,0.0,0.0,0.0,0.0,0.0,1.0,1.0,0.0,1.0,0.0,1.0,0.0,0.0,498,1,1.0,0
720,370,57,9,720,0,6,0,2,0.0,0.3333,6,-1,6,2,0.0,1.0,7,80,194,0.0309,0.945,71,35,0.0,0.0,0.0,0.0,0.0,1.0,1.0,0.0,1.0,0.0,1.0,0.0,0.0,498,1,1.0,0
732,624,48,2,731,1,1,0,1,0.0,1.0,1,-1,1,1,0.0,1.0,23,70,1,1.0,0.0,71,30,0.1333,0.0,0.0,0.0,0.0,0.87,1.0,0.0,1.0,0.0,1.0,0.0,0.0,46,1,1.0,0
735,559,106,2,696,39,1,1,0,1.0,0.0,39,39,-1,0,1.0,0.0,16,83,39,0.0256,0.314,35,26,0.0769,0.0385,0.0385,1.0,0.0,0.92,0.0,1.0,0.0,1.0,0.0,1.0,0.0,36,1,1.0,0
737,206,18,7,699,38,6,3,3,0.5,0.5,38,262,38,3,0.4,0.6,5,75,522,0.0115,0.9934,42,10,0.0,0.0,0.1167,0.1667,0.0,1.0,1.0,0.0,0.9994,0.0006,0.9509,0.0491,-1.0,3706,1,1.0,0
737,304,28,3,475,262,2,2,0,1.0,0.0,262,262,-1,0,1.0,0.0,10,70,276,0.0072,0.7978,55,16,0.125,0.0625,0.1875,1.0,0.0,0.88,0.0,1.0,0.0,1.0,0.0,1.0,0.0,3194,1,1.0,0
737,304,28,4,737,0,2,2,0,1.0,0.0,262,262,-1,0,1.0,0.0,10,70,276,0.0072,0.7978,55,16,0.125,0.0625,0.1875,1.0,0.0,0.88,0.0,1.0,0.0,1.0,0.0,1.0,0.0,3194,1,1.0,0
737,345,36,5,699,38,4,4,0,1.0,0.0,38,38,-1,0,1.0,0.0,5,71,276,0.0145,0.9157,71,36,0.2222,0.0,0.125,1.0,0.0,0.78,0.0,1.0,0.0,1.0,0.0,1.0,0.0,1613,1,1.0,1
737,345,36,6,737,0,4,4,0,1.0,0.0,38,38,-1,0,1.0,0.0,5,71,276,0.0145,0.9157,71,36,0.2222,0.0,0.125,1.0,0.0,0.78,0.0,1.0,0.0,1.0,0.0,1.0,0.0,1613,1,1.0,1
737,346,36,5,699,38,4,4,0,1.0,0.0,38,38,-1,0,1.0,0.0,5,71,276,0.0145,0.7612,71,36,0.2222,0.0,0.125,1.0,0.0,0.78,0.0,1.0,0.0,1.0,0.0,1.0,0.0,1613,1,1.0,1
737,358,34,5,699,38,4,3,0,0.75,0.0,38,38,-1,0,1.0,0.0,10,70,269,0.0149,0.5444,113,73,0.2877,0.0,0.137,0.75,0.0,0.71,0.0,1.0,0.0,1.0,0.0,1.0,0.0,1622,1,1.0,1
737,397,40,9,699,38,8,5,1,0.625,0.125,38,38,74,0,0.6,0.4,5,71,107,0.0748,1.0267,106,75,0.4,0.0133,0.0483,0.5,0.0,0.6,0.0712,0.9288,0.1737,0.8263,0.2332,0.7668,-0.5,405,1,1.0,1
740,321,30,5,644,96,4,4,0,1.0,0.0,96,96,-1,0,1.0,0.0,10,70,279,0.0143,0.7697,96,50,0.38,0.0,0.2,1.0,0.0,0.62,0.0,1.0,0.0,1.0,0.0,1.0,0.0,1806,1,1.0,1
740,322,30,5,644,96,4,4,0,1.0,0.0,96,96,-1,0,1.0,0.0,10,70,279,0.0143,0.7697,96,50,0.38,0.0,0.2,1.0,0.0,0.62,0.0,1.0,0.0,1.0,0.0,1.0,0.0,1806,1,1.0,1
740,345,36,7,737,3,6,5,0,0.8333,0.0,3,3,-1,0,1.0,0.0,5,71,279,0.0215,0.927,71,36,0.2222,0.0,0.0926,1.0,0.0,0.78,0.0,1.0,0.0,1.0,0.0,1.0,0.0,1795,1,1.0,0
740,345,36,8,740,0,6,5,0,0.8333,0.0,3,3,-1,0,1.0,0.0,5,71,279,0.0215,0.927,71,36,0.2222,0.0,0.0926,1.0,0.0,0.78,0.0,1.0,0.0,1.0,0.0,1.0,0.0,1795,1,1.0,0
740,626,35,2,737,3,1,1,0,1.0,0.0,3,3,-1,0,1.0,0.0,5,75,3,0.3333,0.5,146,98,0.3061,0.0,0.0408,1.0,0.0,0.69,0.0,1.0,0.0,1.0,0.0,1.0,0.0,91,1,1.0,1
741,397,40,10,737,4,9,6,1,0.6667,0.1111,4,4,78,0,0.6,0.4,5,71,111,0.0811,1.0428,106,76,0.4079,0.0132,0.0468,0.5556,0.0,0.59,0.0102,0.9898,0.0816,0.9184,0.176,0.824,-0.4,496,1,1.0,1
742,397,40,11,741,1,10,7,1,0.7,0.1,1,1,79,0,0.8,0.2,5,71,112,0.0893,1.0535,106,77,0.4156,0.013,0.0429,0.5,0.0,0.58,0.0048,0.9952,0.0507,0.9493,0.1397,0.8603,0.0,513,1,1.0,1
743,397,40,12,742,1,11,8,1,0.7273,0.0909,1,1,80,0,1.0,0.0,5,71,113,0.0973,1.0642,106,77,0.4156,0.013,0.0401,0.4545,0.0,0.58,0.003,0.997,0.0364,0.9636,0.1156,0.8844,0.0333,584,1,1.0,1
743,627,40,2,741,2,1,0,1,0.0,1.0,2,-1,2,1,0.0,1.0,5,71,2,0.5,0.0132,106,77,0.4156,0.0,0.0,0.0,0.0,0.58,1.0,0.0,1.0,0.0,1.0,0.0,0.0,17,1,1.0,0
745,337,33,2,475,270,1,1,0,1.0,0.0,270,270,-1,0,1.0,0.0,10,70,284,0.0035,0.8202,113,73,0.274,0.0,0.4247,1.0,0.0,0.73,0.0,1.0,0.0,1.0,0.0,1.0,0.0,1503,1,1.0,1
745,345,36,9,740,5,8,5,1,0.625,0.125,5,8,5,1,0.6,0.4,5,71,284,0.0282,0.9494,71,36,0.2222,0.0,0.0694,0.75,0.0,0.78,0.5425,0.4575,0.4849,0.5151,0.3961,0.6039,-0.5,1921,1,1.0,0
745,397,40,13,743,2,12,9,1,0.75,0.0833,2,2,82,0,1.0,0.0,5,71,115,0.1043,1.0909,106,77,0.4156,0.013,0.0379,0.4167,0.0,0.58,0.0022,0.9978,0.0282,0.9718,0.0984,0.9016,0.3333,590,1,1.0,1
745,397,40,14,745,0,12,9,1,0.75,0.0833,2,2,82,0,1.0,0.0,5,71,115,0.1043,1.0909,106,77,0.4156,0.013,0.0379,0.4167,0.0,0.58,0.0022,0.9978,0.0282,0.9718,0.0984,0.9016,0.3333,590,1,1.0,1
751,271,24,3,443,308,2,2,0,1.0,0.0,308,308,-1,0,1.0,0.0,8,75,316,0.0063,0.822,75,39,0.0256,0.0,0.0769,1.0,0.0,0.97,0.0,0.0,0.0,1.0,0.0,1.0,0.0,266,1,1.0,0
755,450,24,2,755,0,0,0,0,0.0,0.0,73,-1,-1,0,0.0,0.0,6,71,73,0.0,1.0667,75,39,0.4615,0.359,0.0,0.0,0.0,0.54,0.0,0.0,0.0,0.0,0.0,0.0,0.0,0,0,0.0,1
755,450,24,3,755,0,0,0,0,0.0,0.0,73,-1,-1,0,0.0,0.0,6,71,73,0.0,1.0667,75,39,0.4615,0.359,0.0,0.0,0.0,0.54,0.0,0.0,0.0,0.0,0.0,0.0,0.0,0,0,0.0,1
755,451,24,2,755,0,0,0,0,0.0,0.0,73,-1,-1,0,0.0,0.0,6,71,73,0.0,1.0667,75,39,0.4615,0.359,0.0,0.0,0.0,0.54,0.0,0.0,0.0,0.0,0.0,0.0,0.0,0,0,0.0,1
755,476,32,2,687,68,1,1,0,1.0,0.0,68,68,-1,0,1.0,0.0,10,70,73,0.0137,1.0296,110,77,0.2468,0.0,0.013,1.0,0.0,0.75,0.0,1.0,0.0,1.0,0.0,1.0,0.0,14,1,1.0,1
755,476,32,3,755,0,1,1,0,1.0,0.0,68,68,-1,0,1.0,0.0,10,70,73,0.0137,1.0296,110,77,0.2468,0.0,0.013,1.0,0.0,0.75,0.0,1.0,0.0,1.0,0.0,1.0,0.0,14,1,1.0,1
755,481,32,5,700,55,4,2,0,0.5,0.0,55,55,-1,0,1.0,0.0,10,70,73,0.0548,1.5704,110,77,0.2468,0.013,0.0162,1.0,0.0,0.75,0.0,1.0,0.0,1.0,0.0,1.0,0.0,305,1,1.0,1
755,481,32,6,755,0,4,2,0,0.5,0.0,55,55,-1,0,1.0,0.0,10,70,73,0.0548,1.5704,110,77,0.2468,0.013,0.0162,1.0,0.0,0.75,0.0,1.0,0.0,1.0,0.0,1.0,0.0,305,1,1.0,1
755,481,32,7,755,0,4,2,0,0.5,0.0,55,55,-1,0,1.0,0.0,10,70,73,0.0548,1.5704,110,77,0.2468,0.013,0.0162,1.0,0.0,0.75,0.0,1.0,0.0,1.0,0.0,1.0,0.0,305,1,1.0,1
755,485,32,4,700,55,3,2,0,0.6667,0.0,55,55,-1,0,1.0,0.0,10,70,73,0.0411,1.0444,110,77,0.2468,0.0519,0.013,0.6667,0.0,0.75,0.0,1.0,0.0,1.0,0.0,1.0,0.0,208,1,1.0,1
755,485,32,5,755,0,3,2,0,0.6667,0.0,55,55,-1,0,1.0,0.0,10,70,73,0.0411,1.0444,110,77,0.2468,0.0519,0.013,0.6667,0.0,0.75,0.0,1.0,0.0,1.0,0.0,1.0,0.0,208,1,1.0,1
755,537,22,2,700,55,1,0,1,0.0,1.0,55,-1,55,1,0.0,1.0,5,75,62,0.0161,0.4919,63,32,0.2812,0.0312,0.0,0.0,0.0,0.72,1.0,0.0,1.0,0.0,1.0,0.0,0.0,97,1,1.0,1
756,311,30,3,703,53,2,2,0,1.0,0.0,53,53,-1,0,1.0,0.0,5,71,295,0.0068,0.8202,96,50,0.38,0.02,0.32,1.0,0.0,0.62,0.0,1.0,0.0,1.0,0.0,1.0,0.0,1506,1,1.0,0
756,313,30,6,653,103,5,3,1,0.6,0.2,103,112,103,1,0.8,0.2,10,70,295,0.0169,1.3343,96,50,0.38,0.0,0.176,0.6,0.0,0.62,0.4827,0.5173,0.4051,0.5949,0.3404,0.6596,-0.3333,1972,1,1.0,1
756,313,30,7,756,0,5,3,1,0.6,0.2,103,112,103,1,0.8,0.2,10,70,295,0.0169,1.3343,96,50,0.38,0.0,0.176,0.6,0.0,0.62,0.4827,0.5173,0.4051,0.5949,0.3404,0.6596,-0.3333,1972,1,1.0,1
756,313,30,8,756,0,5,3,1,0.6,0.2,103,112,103,1,0.8,0.2,10,70,295,0.0169,1.3343,96,50,0.38,0.0,0.176,0.6,0.0,0.62,0.4827,0.5173,0.4051,0.5949,0.3404,0.6596,-0.3333,1972,1,1.0,1
756,337,33,3,745,11,2,2,0,1.0,0.0,11,11,-1,0,1.0,0.0,10,70,295,0.0068,0.8792,113,73,0.274,0.0,0.226,1.0,0.0,0.73,0.0,1.0,0.0,1.0,0.0,1.0,0.0,1528,1,1.0,1
756,337,33,4,756,0,2,2,0,1.0,0.0,11,11,-1,0,1.0,0.0,10,70,295,0.0068,0.8792,113,73,0.274,0.0,0.226,1.0,0.0,0.73,0.0,1.0,0.0,1.0,0.0,1.0,0.0,1528,1,1.0,1
756,345,36,10,745,11,9,5,2,0.5556,0.2222,11,19,11,2,0.4,0.6,5,71,295,0.0305,1.0084,71,35,0.2,0.0,0.0603,0.6667,0.0,0.8,0.6693,0.3307,0.6002,0.3998,0.5019,0.4981,-0.6,1946,1,1.0,1
756,346,36,6,737,19,5,5,0,1.0,0.0,19,19,-1,0,1.0,0.0,5,71,295,0.0169,0.8118,71,35,0.2,0.0,0.1029,1.0,0.0,0.8,0.0,1.0,0.0,1.0,0.0,1.0,0.0,1704,1,1.0,1
756,358,34,6,737,19,5,4,0,0.8,0.0,19,19,-1,0,1.0,0.0,10,70,288,0.0174,0.6504,113,73,0.2877,0.0,0.1151,0.8,0.0,0.71,0.0,1.0,0.0,1.0,0.0,1.0,0.0,1713,1,1.0,1
756,358,34,7,756,0,5,4,0,0.8,0.0,19,19,-1,0,1.0,0.0,10,70,288,0.0174,0.6504,113,73,0.2877,0.0,0.1151,0.8,0.0,0.71,0.0,1.0,0.0,1.0,0.0,1.0,0.0,1713,1,1.0,1
756,358,34,8,756,0,5,4,0,0.8,0.0,19,19,-1,0,1.0,0.0,10,70,288,0.0174,0.6504,113,73,0.2877,0.0,0.1151,0.8,0.0,0.71,0.0,1.0,0.0,1.0,0.0,1.0,0.0,1713,1,1.0,1
756,397,40,15,745,11,14,10,1,0.7143,0.0714,11,11,93,0,1.0,0.0,5,71,126,0.1111,1.2567,106,76,0.4079,0.0132,0.0367,0.5,0.0,0.59,0.0013,0.9987,0.019,0.981,0.0753,0.9247,0.2857,640,1,1.0,1
756,397,40,16,756,0,14,10,1,0.7143,0.0714,11,11,93,0,1.0,0.0,5,71,126,0.1111,1.2567,106,76,0.4079,0.0132,0.0367,0.5,0.0,0.59,0.0013,0.9987,0.019,0.981,0.0753,0.9247,0.2857,640,1,1.0,1
756,397,40,17,756,0,14,10,1,0.7143,0.0714,11,11,93,0,1.0,0.0,5,71,126,0.1111,1.2567,106,76,0.4079,0.0132,0.0367,0.5,0.0,0.59,0.0013,0.9987,0.019,0.981,0.0753,0.9247,0.2857,640,1,1.0,1
760,311,30,4,756,4,3,2,1,0.6667,0.3333,4,57,4,1,0.6667,0.3333,5,71,299,0.01,0.8399,96,50,0.38,0.02,0.2133,0.6667,0.0,0.62,0.9752,0.0248,0.8625,0.1375,0.6667,0.3333,0.0,1542,1,1.0,0
760,311,30,5,760,0,3,2,1,0.6667,0.3333,4,57,4,1,0.6667,0.3333,5,71,299,0.01,0.8399,96,50,0.38,0.02,0.2133,0.6667,0.0,0.62,0.9752,0.0248,0.8625,0.1375,0.6667,0.3333,0.0,1542,1,1.0,0
760,345,36,11,756,4,10,6,2,0.6,0.2,4,4,15,0,0.4,0.6,5,71,299,0.0334,1.0281,71,35,0.2,0.0,0.0571,0.7,0.0,0.8,0.4198,0.5802,0.4521,0.5479,0.4169,0.5831,-0.6,1982,1,1.0,0
760,358,34,9,756,4,8,5,0,0.625,0.0,4,4,-1,0,1.0,0.0,10,70,292,0.0274,0.6762,113,73,0.2877,0.0,0.0925,0.875,0.0,0.71,0.0,1.0,0.0,1.0,0.0,1.0,0.0,1821,1,1.0,1
760,397,40,18,756,4,17,11,1,0.6471,0.0588,4,4,97,0,1.0,0.0,5,71,130,0.1308,1.3048,106,76,0.4079,0.0132,0.0395,0.5882,0.0,0.59,0.0006,0.9994,0.0111,0.9889,0.0534,0.9466,0.25,748,1,1.0,1
760,397,40,19,760,0,17,11,1,0.6471,0.0588,4,4,97,0,1.0,0.0,5,71,130,0.1308,1.3048,106,76,0.4079,0.0132,0.0395,0.5882,0.0,0.59,0.0006,0.9994,0.0111,0.9889,0.0534,0.9466,0.25,748,1,1.0,1
763,281,7,6,664,99,5,2,3,0.4,0.6,99,177,99,3,0.4,0.6,7,83,302,0.0166,1.4494,58,19,0.0526,0.0,0.0316,0.4,0.0,0.95,0.9965,0.0035,0.9623,0.0377,0.8507,0.1493,-1.0,1248,1,1.0,0
763,309,30,12,666,97,11,9,0,0.8182,0.0,97,97,-1,0,1.0,0.0,10,70,302,0.0364,1.3118,96,50,0.28,0.0,0.1,0.9091,0.0,0.72,0.0,1.0,0.0,1.0,0.0,1.0,0.0,1708,1,1.0,0
763,336,32,3,635,128,2,2,0,1.0,0.0,128,128,-1,0,1.0,0.0,7,83,302,0.0066,0.8899,110,77,0.1948,0.039,0.2208,1.0,0.0,0.81,0.0,1.0,0.0,1.0,0.0,1.0,0.0,831,1,1.0,1
763,342,36,2,470,293,1,1,0,1.0,0.0,293,293,-1,0,1.0,0.0,5,71,302,0.0033,1.0365,71,35,0.2857,0.0,0.0286,1.0,0.0,0.71,0.0,1.0,0.0,1.0,0.0,1.0,0.0,218,1,1.0,0
763,342,36,3,763,0,1,1,0,1.0,0.0,293,293,-1,0,1.0,0.0,5,71,302,0.0033,1.0365,71,35,0.2857,0.0,0.0286,1.0,0.0,0.71,0.0,1.0,0.0,1.0,0.0,1.0,0.0,218,1,1.0,0
763,361,38,2,475,288,1,1,0,1.0,0.0,288,288,-1,0,1.0,0.0,5,75,293,0.0034,0.928,111,72,0.2778,0.0,0.5278,1.0,0.0,0.72,0.0,1.0,0.0,1.0,0.0,1.0,0.0,810,1,1.0,1
763,399,42,2,635,128,1,1,0,1.0,0.0,128,128,-1,0,1.0,0.0,7,83,128,0.0078,0.784,92,62,0.2097,0.0323,0.0645,1.0,0.0,0.79,0.0,1.0,0.0,1.0,0.0,1.0,0.0,21,1,1.0,1
776,14,4,8,720,56,7,3,3,0.4286,0.4286,56,56,62,0,0.2,0.8,8,83,774,0.009,1.3448,42,15,0.0667,0.0,0.1333,0.4286,0.0,0.93,0.5852,0.4148,0.6721,0.3279,0.7277,0.2723,-0.4167,619,1,1.0,0
776,370,57,10,720,56,9,0,3,0.0,0.3333,56,-1,56,3,0.0,1.0,7,80,250,0.036,1.512,71,35,0.0,0.0,0.0,0.0,0.0,1.0,1.0,0.0,1.0,0.0,1.0,0.0,0.0,738,1,1.0,0
777,14,4,9,776,1,8,3,4,0.375,0.5,1,57,1,1,0.2,0.8,8,83,775,0.0103,1.346,42,15,0.0667,0.0,0.1167,0.375,0.0,0.93,0.9804,0.0196,0.9,0.1,0.8234,0.1766,-0.25,680,1,1.0,0
777,370,57,11,776,1,10,0,4,0.0,0.4,1,-1,1,4,0.0,1.0,7,80,251,0.0398,1.5189,71,35,0.0,0.0,0.0,0.0,0.0,1.0,1.0,0.0,1.0,0.0,1.0,0.0,0.0,799,1,1.0,0
777,370,57,12,777,0,10,0,4,0.0,0.4,1,-1,1,4,0.0,1.0,7,80,251,0.0398,1.5189,71,35,0.0,0.0,0.0,0.0,0.0,1.0,1.0,0.0,1.0,0.0,1.0,0.0,0.0,799,1,1.0,0
785,614,81,2,759,26,1,0,1,0.0,1.0,26,-1,26,1,0.0,1.0,33,70,68,0.0147,0.67,37,26,0.0,0.0,0.0,0.0,0.0,1.0,1.0,0.0,1.0,0.0,1.0,0.0,0.0,1,1,1.0,0
785,681,128,2,785,0,0,0,0,0.0,0.0,0,-1,-1,0,0.0,0.0,6,100,0,0.0,0.0,11,7,0.0,0.0,0.0,0.0,0.0,1.0,0.0,0.0,0.0,0.0,0.0,0.0,0.0,0,0,0.0,0
786,600,11,2,786,0,0,0,0,0.0,0.0,75,-1,-1,0,0.0,0.0,12,77,75,0.0,0.7075,36,15,0.0667,0.0,0.0,0.0,0.0,0.93,0.0,0.0,0.0,0.0,0.0,0.0,0.0,0,0,0.0,0
789,14,4,10,777,12,9,3,5,0.3333,0.5556,12,69,12,2,0.2,0.8,8,83,787,0.0114,1.3877,42,15,0.0667,0.0,0.1037,0.3333,0.0,0.93,0.9903,0.0097,0.9419,0.0581,0.8698,0.1302,-0.3,704,1,1.0,0
789,370,57,13,777,12,12,0,5,0.0,0.4167,12,-1,12,5,0.0,1.0,7,80,263,0.0456,1.6357,71,35,0.0,0.0,0.0,0.0,0.0,1.0,1.0,0.0,1.0,0.0,1.0,0.0,0.0,847,1,1.0,0
789,370,57,14,789,0,12,0,5,0.0,0.4167,12,-1,12,5,0.0,1.0,7,80,263,0.0456,1.6357,71,35,0.0,0.0,0.0,0.0,0.0,1.0,1.0,0.0,1.0,0.0,1.0,0.0,0.0,847,1,1.0,0
789,370,57,15,789,0,12,0,5,0.0,0.4167,12,-1,12,5,0.0,1.0,7,80,263,0.0456,1.6357,71,35,0.0,0.0,0.0,0.0,0.0,1.0,1.0,0.0,1.0,0.0,1.0,0.0,0.0,847,1,1.0,0
791,280,4,2,475,316,1,1,0,1.0,0.0,316,316,-1,0,1.0,0.0,5,75,330,0.003,1.1966,42,14,0.0,0.0,0.0714,1.0,0.0,1.0,0.0,0.0,0.0,1.0,0.0,1.0,0.0,810,1,1.0,0
791,281,7,7,763,28,6,2,4,0.3333,0.6667,28,205,28,4,0.2,0.8,7,83,330,0.0182,1.6011,58,19,0.0526,0.0,0.0263,0.3333,0.0,0.95,1.0,0.0,0.9979,0.0021,0.9386,0.0614,-0.6667,1314,1,1.0,0
791,291,23,13,659,132,12,4,3,0.3333,0.25,132,157,132,2,0.4,0.6,5,75,330,0.0364,1.7247,64,30,0.2667,0.0,0.0556,0.6667,0.0,0.73,0.8462,0.1538,0.7141,0.2859,0.5915,0.4085,-0.6667,3055,1,1.0,1
791,291,23,14,791,0,12,4,3,0.3333,0.25,132,157,132,2,0.4,0.6,5,75,330,0.0364,1.7247,64,30,0.2667,0.0,0.0556,0.6667,0.0,0.73,0.8462,0.1538,0.7141,0.2859,0.5915,0.4085,-0.6667,3055,1,1.0,1
791,301,28,2,475,316,1,1,0,1.0,0.0,316,316,-1,0,1.0,0.0,7,80,330,0.003,1.2275,55,14,0.3571,0.0,0.3571,1.0,0.0,0.64,0.0,0.0,0.0,1.0,0.0,1.0,0.0,810,1,1.0,0
791,301,28,3,791,0,1,1,0,1.0,0.0,316,316,-1,0,1.0,0.0,7,80,330,0.003,1.2275,55,14,0.3571,0.0,0.3571,1.0,0.0,0.64,0.0,0.0,0.0,1.0,0.0,1.0,0.0,810,1,1.0,0
791,307,30,20,666,125,19,11,1,0.5789,0.0526,125,125,329,0,1.0,0.0,10,70,330,0.0576,1.7949,96,49,0.2653,0.0,0.1139,0.6842,0.0,0.73,0.0,1.0,0.0002,0.9998,0.008,0.992,0.1111,3298,1,1.0,1
791,307,30,21,791,0,19,11,1,0.5789,0.0526,125,125,329,0,1.0,0.0,10,70,330,0.0576,1.7949,96,49,0.2653,0.0,0.1139,0.6842,0.0,0.73,0.0,1.0,0.0002,0.9998,0.008,0.992,0.1111,3298,1,1.0,1
791,309,30,13,763,28,12,9,1,0.75,0.0833,28,125,28,1,0.8,0.2,10,70,330,0.0364,1.4663,96,49,0.2653,0.0,0.0918,0.8333,0.0,0.73,0.995,0.005,0.8465,0.1535,0.3586,0.6414,-0.1667,1774,1,1.0,1
791,309,30,14,791,0,12,9,1,0.75,0.0833,28,125,28,1,0.8,0.2,10,70,330,0.0364,1.4663,96,49,0.2653,0.0,0.0918,0.8333,0.0,0.73,0.995,0.005,0.8465,0.1535,0.3586,0.6414,-0.1667,1774,1,1.0,1
791,315,30,4,664,127,3,3,0,1.0,0.0,127,127,-1,0,1.0,0.0,17,83,330,0.0091,0.9157,96,49,0.2653,0.0,0.2653,1.0,0.0,0.73,0.0,1.0,0.0,1.0,0.0,1.0,0.0,951,1,1.0,1
791,342,36,4,763,28,3,1,1,0.3333,0.3333,28,321,28,1,0.3333,0.6667,5,71,330,0.0091,1.1882,71,35,0.2857,0.0,0.0095,0.3333,0.0,0.71,1.0,0.0,1.0,0.0,0.9915,0.0085,0.0,350,1,1.0,0
791,342,36,5,791,0,3,1,1,0.3333,0.3333,28,321,28,1,0.3333,0.6667,5,71,330,0.0091,1.1882,71,35,0.2857,0.0,0.0095,0.3333,0.0,0.71,1.0,0.0,1.0,0.0,0.9915,0.0085,0.0,350,1,1.0,0
791,361,38,3,763,28,2,2,0,1.0,0.0,28,28,-1,0,1.0,0.0,5,75,321,0.0062,1.1614,111,74,0.2703,0.0,0.2973,1.0,0.0,0.73,0.0,1.0,0.0,1.0,0.0,1.0,0.0,876,1,1.0,1
791,361,38,4,791,0,2,2,0,1.0,0.0,28,28,-1,0,1.0,0.0,5,75,321,0.0062,1.1614,111,74,0.2703,0.0,0.2973,1.0,0.0,0.73,0.0,1.0,0.0,1.0,0.0,1.0,0.0,876,1,1.0,1
791,361,38,5,791,0,2,2,0,1.0,0.0,28,28,-1,0,1.0,0.0,5,75,321,0.0062,1.1614,111,74,0.2703,0.0,0.2973,1.0,0.0,0.73,0.0,1.0,0.0,1.0,0.0,1.0,0.0,876,1,1.0,1
791,398,35,4,664,127,3,1,1,0.3333,0.3333,127,127,152,0,0.6667,0.3333,16,78,157,0.0191,1.5355,146,100,0.18,0.01,0.0267,0.6667,0.0,0.82,0.0812,0.9188,0.1737,0.8263,0.2612,0.7388,0.0,126,1,1.0,1
791,398,35,5,791,0,3,1,1,0.3333,0.3333,127,127,152,0,0.6667,0.3333,16,78,157,0.0191,1.5355,146,100,0.18,0.01,0.0267,0.6667,0.0,0.82,0.0812,0.9188,0.1737,0.8263,0.2612,0.7388,0.0,126,1,1.0,1
793,280,4,3,791,2,2,1,1,0.5,0.5,2,318,2,1,0.5,0.5,5,75,332,0.006,1.2051,42,14,0.0,0.0,0.0357,0.5,0.0,1.0,1.0,0.0,1.0,0.0,0.9876,0.0124,0.0,862,1,1.0,0
793,281,7,8,791,2,7,2,5,0.2857,0.7143,2,207,2,5,0.0,1.0,7,83,332,0.0211,1.6067,58,19,0.0526,0.0,0.0226,0.2857,0.0,0.95,1.0,0.0,0.9994,0.0006,0.9671,0.0329,-0.6667,1366,1,1.0,0
793,281,7,9,793,0,7,2,5,0.2857,0.7143,2,207,2,5,0.0,1.0,7,83,332,0.0211,1.6067,58,19,0.0526,0.0,0.0226,0.2857,0.0,0.95,1.0,0.0,0.9994,0.0006,0.9671,0.0329,-0.6667,1366,1,1.0,0
793,301,28,4,791,2,3,1,1,0.3333,0.3333,2,318,2,1,0.3333,0.6667,7,80,332,0.009,1.2331,55,14,0.3571,0.0,0.119,0.3333,0.0,0.64,1.0,0.0,1.0,0.0,0.9938,0.0062,0.0,914,1,1.0,0
793,301,28,5,793,0,3,1,1,0.3333,0.3333,2,318,2,1,0.3333,0.6667,7,80,332,0.009,1.2331,55,14,0.3571,0.0,0.119,0.3333,0.0,0.64,1.0,0.0,1.0,0.0,0.9938,0.0062,0.0,914,1,1.0,0
793,307,30,22,791,2,21,12,1,0.5714,0.0476,2,2,331,0,1.0,0.0,10,70,332,0.0633,1.8006,96,49,0.2653,0.0,0.1088,0.7143,0.0,0.73,0.0,1.0,0.0,1.0,0.0032,0.9968,0.1,3402,1,1.0,1
793,307,30,23,793,0,21,12,1,0.5714,0.0476,2,2,331,0,1.0,0.0,10,70,332,0.0633,1.8006,96,49,0.2653,0.0,0.1088,0.7143,0.0,0.73,0.0,1.0,0.0,1.0,0.0032,0.9968,0.1,3402,1,1.0,1
793,309,30,15,791,2,14,10,1,0.7143,0.0714,2,2,30,0,0.8,0.2,10,70,332,0.0422,1.4719,96,49,0.2653,0.0,0.0875,0.8571,0.0,0.73,0.067,0.933,0.1548,0.8452,0.1743,0.8257,-0.1429,1878,1,1.0,1
793,309,30,16,793,0,14,10,1,0.7143,0.0714,2,2,30,0,0.8,0.2,10,70,332,0.0422,1.4719,96,49,0.2653,0.0,0.0875,0.8571,0.0,0.73,0.067,0.933,0.1548,0.8452,0.1743,0.8257,-0.1429,1878,1,1.0,1
793,315,30,5,791,2,4,4,0,1.0,0.0,2,2,-1,0,1.0,0.0,17,83,332,0.012,0.9185,96,49,0.2653,0.0,0.2143,1.0,0.0,0.73,0.0,1.0,0.0,1.0,0.0,1.0,0.0,1003,1,1.0,1
793,342,36,6,791,2,5,1,2,0.2,0.4,2,323,2,2,0.2,0.8,5,71,332,0.0151,1.1938,71,35,0.2857,0.0,0.0057,0.2,0.0,0.71,1.0,0.0,1.0,0.0,0.9965,0.0035,-0.5,454,1,1.0,0
793,342,36,7,793,0,5,1,2,0.2,0.4,2,323,2,2,0.2,0.8,5,71,332,0.0151,1.1938,71,35,0.2857,0.0,0.0057,0.2,0.0,0.71,1.0,0.0,1.0,0.0,0.9965,0.0035,-0.5,454,1,1.0,0
793,361,38,6,791,2,5,3,0,0.6,0.0,2,2,-1,0,1.0,0.0,5,75,323,0.0155,1.17,111,74,0.2703,0.0,0.1757,1.0,0.0,0.73,0.0,1.0,0.0,1.0,0.0,1.0,0.0,1032,1,1.0,1
793,361,38,7,793,0,5,3,0,0.6,0.0,2,2,-1,0,1.0,0.0,5,75,323,0.0155,1.17,111,74,0.2703,0.0,0.1757,1.0,0.0,0.73,0.0,1.0,0.0,1.0,0.0,1.0,0.0,1032,1,1.0,1
793,361,38,8,793,0,5,3,0,0.6,0.0,2,2,-1,0,1.0,0.0,5,75,323,0.0155,1.17,111,74,0.2703,0.0,0.1757,1.0,0.0,0.73,0.0,1.0,0.0,1.0,0.0,1.0,0.0,1032,1,1.0,1
793,398,35,6,791,2,5,2,1,0.4,0.2,2,2,154,0,0.8,0.2,16,78,159,0.0314,1.5464,146,100,0.18,0.01,0.036,0.8,0.0,0.82,0.0,1.0,0.0025,0.9975,0.0493,0.9507,0.5,230,1,1.0,1
793,398,35,7,793,0,5,2,1,0.4,0.2,2,2,154,0,0.8,0.2,16,78,159,0.0314,1.5464,146,100,0.18,0.01,0.036,0.8,0.0,0.82,0.0,1.0,0.0025,0.9975,0.0493,0.9507,0.5,230,1,1.0,1
797,281,7,10,793,4,9,2,6,0.2222,0.6667,4,211,4,6,0.0,1.0,7,83,336,0.0268,1.6236,58,19,0.0526,0.0,0.0175,0.2222,0.0,0.95,1.0,0.0,0.9998,0.0002,0.9832,0.0168,-0.5,1400,1,1.0,0
797,281,7,11,797,0,9,2,6,0.2222,0.6667,4,211,4,6,0.0,1.0,7,83,336,0.0268,1.6236,58,19,0.0526,0.0,0.0175,0.2222,0.0,0.95,1.0,0.0,0.9998,0.0002,0.9832,0.0168,-0.5,1400,1,1.0,0
797,281,7,12,797,0,9,2,6,0.2222,0.6667,4,211,4,6,0.0,1.0,7,83,336,0.0268,1.6236,58,19,0.0526,0.0,0.0175,0.2222,0.0,0.95,1.0,0.0,0.9998,0.0002,0.9832,0.0168,-0.5,1400,1,1.0,0
797,301,28,6,793,4,5,1,2,0.2,0.4,4,322,4,2,0.2,0.8,7,80,336,0.0149,1.25,55,14,0.3571,0.0,0.0714,0.2,0.0,0.64,1.0,0.0,1.0,0.0,0.9969,0.0031,-0.5,948,1,1.0,1
797,301,28,7,797,0,5,1,2,0.2,0.4,4,322,4,2,0.2,0.8,7,80,336,0.0149,1.25,55,14,0.3571,0.0,0.0714,0.2,0.0,0.64,1.0,0.0,1.0,0.0,0.9969,0.0031,-0.5,948,1,1.0,1
797,306,30,3,477,320,2,2,0,1.0,0.0,320,320,-1,0,1.0,0.0,10,70,336,0.006,0.7444,96,50,0.28,0.0,0.39,1.0,0.0,0.72,0.0,0.0,0.0,1.0,0.0,1.0,0.0,890,1,1.0,1
797,309,30,17,793,4,16,11,1,0.6875,0.0625,4,4,34,0,0.8,0.2,10,70,336,0.0476,1.4888,96,49,0.2653,0.0,0.0842,0.875,0.0,0.73,0.0323,0.9677,0.0825,0.9175,0.114,0.886,-0.125,1912,1,1.0,1
797,309,30,18,797,0,16,11,1,0.6875,0.0625,4,4,34,0,0.8,0.2,10,70,336,0.0476,1.4888,96,49,0.2653,0.0,0.0842,0.875,0.0,0.73,0.0323,0.9677,0.0825,0.9175,0.114,0.886,-0.125,1912,1,1.0,1
797,316,30,3,477,320,2,2,0,1.0,0.0,320,320,-1,0,1.0,0.0,14,88,336,0.006,0.6657,96,50,0.28,0.0,0.39,1.0,0.0,0.72,0.0,0.0,0.0,1.0,0.0,1.0,0.0,890,1,1.0,1
797,342,36,8,793,4,7,1,3,0.1429,0.4286,4,327,4,3,0.0,1.0,5,71,336,0.0208,1.2107,71,31,0.2258,0.0,0.0046,0.1429,0.0,0.77,1.0,0.0,1.0,0.0,0.9978,0.0022,-0.3333,488,1,1.0,0
797,342,36,9,797,0,7,1,3,0.1429,0.4286,4,327,4,3,0.0,1.0,5,71,336,0.0208,1.2107,71,31,0.2258,0.0,0.0046,0.1429,0.0,0.77,1.0,0.0,1.0,0.0,0.9978,0.0022,-0.3333,488,1,1.0,0
797,361,38,9,793,4,8,4,0,0.5,0.0,4,4,-1,0,1.0,0.0,5,75,327,0.0245,1.196,111,68,0.2353,0.0,0.1452,1.0,0.0,0.76,0.0,1.0,0.0,1.0,0.0,1.0,0.0,1083,1,1.0,1
797,511,40,2,763,34,1,1,0,1.0,0.0,34,34,-1,0,1.0,0.0,216,73,115,0.0087,0.8444,106,74,0.2027,0.0135,0.0405,1.0,0.0,0.8,0.0,1.0,0.0,1.0,0.0,1.0,0.0,66,1,1.0,1
797,637,23,2,763,34,1,1,0,1.0,0.0,34,34,-1,0,1.0,0.0,20,73,34,0.0294,0.6111,64,30,0.2667,0.0333,0.0333,1.0,0.0,0.73,0.0,1.0,0.0,1.0,0.0,1.0,0.0,66,1,1.0,1
798,281,7,13,797,1,12,2,7,0.1667,0.5833,1,212,1,7,0.0,1.0,7,83,337,0.0356,1.6236,58,19,0.0526,0.0,0.0132,0.1667,0.0,0.95,1.0,0.0,0.9999,0.0001,0.9905,0.0095,-0.3333,1865,1,1.0,0
798,291,23,15,791,7,14,5,3,0.3571,0.2143,7,7,139,0,0.6,0.4,5,75,337,0.0415,1.7416,64,30,0.2667,0.0,0.0619,0.5714,0.0,0.73,0.0001,0.9999,0.0108,0.9892,0.1591,0.8409,-0.2857,3159,1,1.0,1
798,301,28,8,797,1,7,2,2,0.2857,0.2857,1,1,5,0,0.4,0.6,7,80,337,0.0208,1.25,55,14,0.3571,0.0,0.0714,0.2857,0.0,0.64,0.5864,0.4136,0.6273,0.3727,0.6498,0.3502,0.1667,1258,1,1.0,0
798,301,28,9,798,0,7,2,2,0.2857,0.2857,1,1,5,0,0.4,0.6,7,80,337,0.0208,1.25,55,14,0.3571,0.0,0.0714,0.2857,0.0,0.64,0.5864,0.4136,0.6273,0.3727,0.6498,0.3502,0.1667,1258,1,1.0,0
798,309,30,19,797,1,18,12,1,0.6667,0.0556,1,1,35,0,1.0,0.0,10,70,337,0.0534,1.4888,96,49,0.2653,0.0,0.0771,0.7778,0.0,0.73,0.0192,0.9808,0.0537,0.9463,0.0835,0.9165,-0.1111,2222,1,1.0,1
798,342,36,10,797,1,9,1,4,0.1111,0.4444,1,328,1,4,0.0,1.0,5,71,337,0.0267,1.2107,71,31,0.2258,0.0,0.0036,0.1111,0.0,0.77,1.0,0.0,1.0,0.0,0.9985,0.0015,-0.25,798,1,1.0,0
798,342,36,11,798,0,9,1,4,0.1111,0.4444,1,328,1,4,0.0,1.0,5,71,337,0.0267,1.2107,71,31,0.2258,0.0,0.0036,0.1111,0.0,0.77,1.0,0.0,1.0,0.0,0.9985,0.0015,-0.25,798,1,1.0,0
799,686,25,2,798,1,1,1,0,1.0,0.0,1,1,-1,0,1.0,0.0,16,78,1,1.0,0.0,79,31,0.0968,0.0968,0.0323,1.0,0.0,0.9,0.0,1.0,0.0,1.0,0.0,1.0,0.0,11,1,1.0,0
800,281,7,14,798,2,13,2,8,0.1538,0.6154,2,214,2,8,0.0,1.0,7,83,339,0.0383,1.6433,58,19,0.0526,0.0,0.0121,0.1538,0.0,0.95,1.0,0.0,0.9999,0.0001,0.9917,0.0083,-0.3333,1876,1,1.0,0
800,281,7,15,800,0,13,2,8,0.1538,0.6154,2,214,2,8,0.0,1.0,7,83,339,0.0383,1.6433,58,19,0.0526,0.0,0.0121,0.1538,0.0,0.95,1.0,0.0,0.9999,0.0001,0.9917,0.0083,-0.3333,1876,1,1.0,0
800,281,7,16,800,0,13,2,8,0.1538,0.6154,2,214,2,8,0.0,1.0,7,83,339,0.0383,1.6433,58,19,0.0526,0.0,0.0121,0.1538,0.0,0.95,1.0,0.0,0.9999,0.0001,0.9917,0.0083,-0.3333,1876,1,1.0,0
800,299,27,6,659,141,5,5,0,1.0,0.0,141,141,-1,0,1.0,0.0,134,75,339,0.0147,0.9354,71,27,0.1111,0.8519,0.0889,0.8,0.0,0.89,0.0,1.0,0.0,1.0,0.0,1.0,0.0,1221,1,1.0,0
800,301,28,10,798,2,9,2,3,0.2222,0.3333,2,3,2,1,0.4,0.6,7,80,339,0.0265,1.2556,55,14,0.3571,0.0,0.0556,0.2222,0.0,0.64,0.7134,0.2866,0.731,0.269,0.7412,0.2588,0.15,1280,1,1.0,1
800,307,30,24,793,7,23,13,1,0.5652,0.0435,7,7,338,0,1.0,0.0,10,70,339,0.0678,1.8258,96,49,0.2653,0.0,0.1047,0.7391,0.0,0.73,0.0,1.0,0.0,1.0,0.0019,0.9981,0.0909,3436,1,1.0,1
800,309,30,20,798,2,19,13,1,0.6842,0.0526,2,2,37,0,1.0,0.0,10,70,339,0.056,1.4972,96,49,0.2653,0.0,0.0741,0.7368,0.0,0.73,0.0158,0.9842,0.0455,0.9545,0.0735,0.9265,-0.1,2233,1,1.0,1
800,309,30,21,800,0,19,13,1,0.6842,0.0526,2,2,37,0,1.0,0.0,10,70,339,0.056,1.4972,96,49,0.2653,0.0,0.0741,0.7368,0.0,0.73,0.0158,0.9842,0.0455,0.9545,0.0735,0.9265,-0.1,2233,1,1.0,1
800,342,36,12,798,2,11,1,5,0.0909,0.4545,2,330,2,5,0.0,1.0,5,71,339,0.0324,1.2163,71,31,0.2258,0.0,0.0029,0.0909,0.0,0.77,1.0,0.0,1.0,0.0,0.9988,0.0012,-0.2,820,1,1.0,1
800,342,36,13,800,0,11,1,5,0.0909,0.4545,2,330,2,5,0.0,1.0,5,71,339,0.0324,1.2163,71,31,0.2258,0.0,0.0029,0.0909,0.0,0.77,1.0,0.0,1.0,0.0,0.9988,0.0012,-0.2,820,1,1.0,1
800,398,35,8,793,7,7,3,1,0.4286,0.1429,7,7,161,0,1.0,0.0,16,78,166,0.0422,1.6011,146,96,0.1562,0.0104,0.0417,0.8571,0.0,0.84,0.0,1.0,0.0012,0.9988,0.0269,0.9731,0.3333,264,1,1.0,1
800,398,35,9,800,0,7,3,1,0.4286,0.1429,7,7,161,0,1.0,0.0,16,78,166,0.0422,1.6011,146,96,0.1562,0.0104,0.0417,0.8571,0.0,0.84,0.0,1.0,0.0012,0.9988,0.0269,0.9731,0.3333,264,1,1.0,1
800,433,33,2,664,136,1,1,0,1.0,0.0,136,136,-1,0,1.0,0.0,20,73,136,0.0074,0.8824,113,73,0.2329,0.0,0.0822,1.0,0.0,0.77,0.0,1.0,0.0,1.0,0.0,1.0,0.0,61,1,1.0,1
800,511,40,3,797,3,2,2,0,1.0,0.0,3,3,-1,0,1.0,0.0,216,73,118,0.0169,0.8593,106,74,0.2027,0.0135,0.0473,1.0,0.0,0.8,0.0,1.0,0.0,1.0,0.0,1.0,0.0,221,1,1.0,1
805,262,15,4,598,207,3,1,2,0.3333,0.6667,207,362,207,1,0.3333,0.6667,7,100,404,0.0074,1.7067,40,13,0.0,0.0,0.3077,0.3333,0.0,1.0,1.0,0.0,0.9954,0.0046,0.9013,0.0987,0.0,214,1,1.0,0
805,262,15,5,805,0,3,1,2,0.3333,0.6667,207,362,207,1,0.3333,0.6667,7,100,404,0.0074,1.7067,40,13,0.0,0.0,0.3077,0.3333,0.0,1.0,1.0,0.0,0.9954,0.0046,0.9013,0.0987,0.0,214,1,1.0,0
809,281,7,17,800,9,16,2,9,0.125,0.5625,9,223,9,9,0.0,1.0,7,83,348,0.046,1.7331,58,19,0.0526,0.0,0.0099,0.125,0.0,0.95,1.0,0.0,0.9999,0.0001,0.9941,0.0059,-0.25,2491,1,1.0,0
809,281,7,18,809,0,16,2,9,0.125,0.5625,9,223,9,9,0.0,1.0,7,83,348,0.046,1.7331,58,19,0.0526,0.0,0.0099,0.125,0.0,0.95,1.0,0.0,0.9999,0.0001,0.9941,0.0059,-0.25,2491,1,1.0,0
809,281,7,19,809,0,16,2,9,0.125,0.5625,9,223,9,9,0.0,1.0,7,83,348,0.046,1.7331,58,19,0.0526,0.0,0.0099,0.125,0.0,0.95,1.0,0.0,0.9999,0.0001,0.9941,0.0059,-0.25,2491,1,1.0,0
809,309,30,22,800,9,21,14,1,0.6667,0.0476,9,9,46,0,1.0,0.0,10,70,348,0.0603,1.5421,96,49,0.2653,0.0,0.0709,0.7619,0.0,0.73,0.0112,0.9888,0.0343,0.9657,0.059,0.941,-0.0909,2643,1,1.0,1
809,309,30,23,809,0,21,14,1,0.6667,0.0476,9,9,46,0,1.0,0.0,10,70,348,0.0603,1.5421,96,49,0.2653,0.0,0.0709,0.7619,0.0,0.73,0.0112,0.9888,0.0343,0.9657,0.059,0.941,-0.0909,2643,1,1.0,1
809,315,30,6,793,16,5,5,0,1.0,0.0,16,16,-1,0,1.0,0.0,17,83,348,0.0144,0.9607,96,49,0.2653,0.0,0.1837,1.0,0.0,0.73,0.0,1.0,0.0,1.0,0.0,1.0,0.0,1020,1,1.0,1
809,330,30,3,477,332,2,2,0,1.0,0.0,332,332,-1,0,1.0,0.0,10,70,348,0.0057,0.4803,96,50,0.28,0.02,0.39,1.0,0.0,0.72,0.0,0.0,0.0,1.0,0.0,1.0,0.0,890,1,1.0,1
809,342,36,14,800,9,13,2,5,0.1538,0.3846,9,9,11,0,0.4,0.6,5,71,348,0.0374,1.2612,71,31,0.2258,0.0,0.0074,0.1538,0.0,0.77,0.7443,0.2557,0.7839,0.2161,0.8113,0.1887,0.119,1230,1,1.0,0
809,342,36,15,809,0,13,2,5,0.1538,0.3846,9,9,11,0,0.4,0.6,5,71,348,0.0374,1.2612,71,31,0.2258,0.0,0.0074,0.1538,0.0,0.77,0.7443,0.2557,0.7839,0.2161,0.8113,0.1887,0.119,1230,1,1.0,0
813,396,40,2,630,183,1,1,0,1.0,0.0,183,183,-1,0,1.0,0.0,5,71,183,0.0055,0.9733,106,74,0.4189,0.0135,0.0811,1.0,0.0,0.58,0.0,1.0,0.0,1.0,0.0,1.0,0.0,60,1,1.0,0
816,262,15,6,805,11,5,1,3,0.2,0.6,11,373,11,2,0.2,0.8,7,100,415,0.012,1.7788,40,13,0.0,0.0,0.1846,0.2,0.0,1.0,1.0,0.0,1.0,0.0,0.9968,0.0032,-0.5,444,1,1.0,0
816,262,15,7,816,0,5,1,3,0.2,0.6,11,373,11,2,0.2,0.8,7,100,415,0.012,1.7788,40,13,0.0,0.0,0.1846,0.2,0.0,1.0,1.0,0.0,1.0,0.0,0.9968,0.0032,-0.5,444,1,1.0,0
816,262,15,8,816,0,5,1,3,0.2,0.6,11,373,11,2,0.2,0.8,7,100,415,0.012,1.7788,40,13,0.0,0.0,0.1846,0.2,0.0,1.0,1.0,0.0,1.0,0.0,0.9968,0.0032,-0.5,444,1,1.0,0
816,262,15,9,816,0,5,1,3,0.2,0.6,11,373,11,2,0.2,0.8,7,100,415,0.012,1.7788,40,13,0.0,0.0,0.1846,0.2,0.0,1.0,1.0,0.0,1.0,0.0,0.9968,0.0032,-0.5,444,1,1.0,0
816,262,15,10,816,0,5,1,3,0.2,0.6,11,373,11,2,0.2,0.8,7,100,415,0.012,1.7788,40,13,0.0,0.0,0.1846,0.2,0.0,1.0,1.0,0.0,1.0,0.0,0.9968,0.0032,-0.5,444,1,1.0,0
