Revision,gcid1,gcid2,classid,co_change_count,gcid1_independent_change_count,gcid2_independent_change_count,same_file,same_author,same_method,similarity,clone_type,nlines1,nlines2,depth,class_size,is_spcp,weighted_coupling_strength,last_co_change_age,last_solo_change_age,coupling_trend,wcs_recent,solo_events_after_last_cochange,noc1,noc2,file_age1,file_age2,churn1,churn2,distinct_authors1,distinct_authors2,major_author_prop1,major_author_prop2,minor_author_count1,minor_author_count2,wies,will_independently_evolve
96,1,2,1,1,0,0,1,1,1,100,Type1,12,12,0,2,1,1.0000,0,-1,1.0000,1.0000,0,2,2,814,814,174,174,1,1,1.0000,1.0000,0,0,0.0000,0
106,6,9,34,0,0,1,0,1,0,100,Type1,8,8,1,2,0,0.0000,-1,0,0.0000,0.0000,3,4,2,777,719,909,459,1,1,1.0000,1.0000,0,0,1.0000,1
106,8,10,35,0,0,1,0,1,0,100,Type1,8,8,1,2,0,0.0000,-1,0,0.0000,0.0000,4,5,4,777,719,923,523,1,1,1.0000,1.0000,0,0,1.0000,1
139,8,10,35,0,0,2,0,1,0,100,Type1,8,8,1,2,0,0.0000,-1,0,0.0000,0.0000,5,5,4,777,719,923,523,1,1,1.0000,1.0000,0,0,1.0000,1
163,6,9,34,0,1,1,0,1,0,100,Type1,8,8,1,2,0,0.0000,-1,0,0.0000,0.0000,4,4,2,777,719,909,459,1,1,1.0000,1.0000,0,0,1.0000,1
163,8,10,35,1,0,2,0,1,0,100,Type1,8,8,1,2,0,0.5997,0,24,0.6726,1.0000,0,5,4,777,719,923,523,1,1,1.0000,1.0000,0,0,0.4003,0
443,1,2,1,2,0,0,1,1,1,100,Type1,12,12,0,2,1,1.0000,0,-1,0.0000,1.0000,0,2,2,814,814,174,174,1,1,1.0000,1.0000,0,0,0.0000,0
443,6,9,34,1,1,1,0,1,0,100,Type1,8,8,1,2,0,0.9997,0,280,1.0000,1.0000,0,4,2,777,719,909,459,1,1,1.0000,1.0000,0,0,0.0003,0
443,8,10,35,2,0,2,0,1,0,100,Type1,8,8,1,2,0,0.9998,0,304,0.4003,1.0000,0,5,4,777,719,923,523,1,1,1.0000,1.0000,0,0,0.0002,0
443,11,12,3,1,0,0,0,1,1,100,Type1,5,5,1,4,1,1.0000,0,-1,1.0000,1.0000,0,7,1,574,574,749,134,3,1,0.7143,1.0000,0,0,0.0000,0
443,11,13,3,1,0,0,0,1,1,100,Type1,5,5,1,4,1,1.0000,0,-1,1.0000,1.0000,0,7,1,574,552,749,96,3,1,0.7143,1.0000,0,0,0.0000,0
443,12,13,3,1,0,0,0,1,1,100,Type1,5,5,1,4,1,1.0000,0,-1,1.0000,1.0000,0,1,1,574,552,134,96,1,1,1.0000,1.0000,0,0,0.0000,0
443,14,15,4,1,0,0,0,1,0,100,Type1,9,9,1,5,1,1.0000,0,-1,1.0000,1.0000,0,1,7,552,552,96,749,1,3,1.0000,0.7143,0,0,0.0000,0
461,17,31,11,0,0,1,1,1,0,100,Type1,18,12,0,8,0,0.0000,-1,0,0.0000,0.0000,1,3,1,182,355,1557,1691,1,1,1.0000,1.0000,0,0,1.0000,1
461,18,19,5,0,0,1,0,1,1,100,Type1,8,8,1,7,1,0.0000,-1,0,0.0000,0.0000,1,1,2,8,8,25,1716,1,1,1.0000,1.0000,0,0,1.0000,1
461,18,21,5,0,0,1,0,1,0,100,Type1,8,5,1,7,0,0.0000,-1,0,0.0000,0.0000,1,1,6,8,355,25,3603,1,1,1.0000,1.0000,0,0,1.0000,1
461,19,20,5,0,1,0,0,1,0,100,Type1,8,5,1,7,0,0.0000,-1,0,0.0000,0.0000,1,2,6,8,355,1716,1549,1,1,1.0000,1.0000,0,0,1.0000,1
461,19,21,5,1,0,0,1,1,0,100,Type1,8,5,0,7,0,1.0000,0,-1,0.0000,1.0000,0,2,6,8,355,1716,3603,1,1,1.0000,1.0000,0,0,0.0000,0
461,20,21,5,0,0,1,0,1,1,100,Type1,5,5,1,7,1,0.0000,-1,0,0.0000,0.0000,1,6,6,355,355,1549,3603,1,1,1.0000,1.0000,0,0,1.0000,1
461,22,23,29,0,0,1,0,1,0,100,Type1,12,12,1,7,1,0.0000,-1,0,0.0000,0.0000,1,3,6,329,329,1004,3533,1,1,1.0000,1.0000,0,0,1.0000,1
461,24,25,7,0,0,1,0,1,1,100,Type1,5,8,1,9,1,0.0000,-1,0,0.0000,0.0000,1,12,5,355,197,1911,3512,1,1,1.0000,1.0000,0,0,1.0000,1
461,24,27,7,0,0,1,0,1,0,100,Type1,5,14,1,9,0,0.0000,-1,0,0.0000,0.0000,1,12,3,355,15,1911,3219,1,1,1.0000,1.0000,0,0,1.0000,1
461,25,27,7,1,0,0,1,1,0,100,Type1,8,14,0,9,0,1.0000,0,-1,0.0000,1.0000,0,5,3,197,15,3512,3219,1,1,1.0000,1.0000,0,0,0.0000,0
461,30,31,11,0,0,1,0,1,1,100,Type1,12,12,1,8,0,0.0000,-1,0,0.0000,0.0000,1,0,1,5,355,0,1691,0,1,0.0000,1.0000,0,0,1.0000,1
461,32,33,12,0,0,1,0,1,1,100,Type1,7,7,1,6,0,0.0000,-1,0,0.0000,0.0000,1,0,1,6,6,0,1691,0,1,0.0000,1.0000,0,0,1.0000,1
461,34,35,21,0,0,1,0,1,1,100,Type1,7,7,1,3,1,0.0000,-1,0,0.0000,0.0000,1,24,11,355,355,3037,3734,2,2,0.8333,0.8182,0,0,1.0000,1
461,36,37,14,0,0,1,0,1,1,100,Type1,5,5,1,6,0,0.0000,-1,0,0.0000,0.0000,1,0,1,6,6,0,1691,0,1,0.0000,1.0000,0,0,1.0000,1
461,37,40,14,0,1,0,0,1,0,100,Type1,5,9,1,6,0,0.0000,-1,0,0.0000,0.0000,1,1,1,6,8,1691,25,1,1,1.0000,1.0000,0,0,1.0000,1
461,37,41,14,0,1,0,0,1,0,100,Type1,5,9,1,6,0,0.0000,-1,0,0.0000,0.0000,1,1,1,6,8,1691,25,1,1,1.0000,1.0000,0,0,1.0000,1
468,17,31,11,0,1,1,1,1,0,100,Type1,18,12,0,8,0,0.0000,-1,0,0.0000,0.0000,2,3,1,182,355,1557,1691,1,1,1.0000,1.0000,0,0,1.0000,1
468,17,44,11,1,0,0,0,1,1,100,Type1,18,18,1,8,1,1.0000,0,-1,0.0000,1.0000,0,3,4,182,175,1557,1084,1,1,1.0000,1.0000,0,0,0.0000,0
468,18,19,5,1,0,1,0,1,1,100,Type1,8,8,1,7,1,0.5523,0,7,1.0000,0.5523,0,1,2,8,8,25,1716,1,1,1.0000,1.0000,0,0,0.4477,0
468,18,20,5,1,0,0,1,1,0,100,Type1,8,5,0,7,0,1.0000,0,-1,1.0000,1.0000,0,1,6,8,355,25,1549,1,1,1.0000,1.0000,0,0,0.0000,0
468,18,21,5,1,0,1,0,1,0,100,Type1,8,5,1,7,0,0.5523,0,7,1.0000,0.5523,0,1,6,8,355,25,3603,1,1,1.0000,1.0000,0,0,0.4477,0
468,19,20,5,1,1,0,0,1,0,100,Type1,8,5,1,7,0,0.5523,0,7,1.0000,0.5523,0,2,6,8,355,1716,1549,1,1,1.0000,1.0000,0,0,0.4477,0
468,19,21,5,2,0,0,1,1,0,100,Type1,8,5,0,7,0,1.0000,0,-1,0.0000,1.0000,0,2,6,8,355,1716,3603,1,1,1.0000,1.0000,0,0,0.0000,0
468,20,21,5,1,0,1,0,1,1,100,Type1,5,5,1,7,1,0.5523,0,7,1.0000,0.5523,0,6,6,355,355,1549,3603,1,1,1.0000,1.0000,0,0,0.4477,0
468,22,23,29,1,0,1,0,1,0,100,Type1,12,12,1,7,1,0.5523,0,7,1.0000,0.5523,0,3,6,329,329,1004,3533,1,1,1.0000,1.0000,0,0,0.4477,0
468,24,25,7,1,0,1,0,1,1,100,Type1,5,8,1,9,1,0.5523,0,7,1.0000,0.5523,0,12,5,355,197,1911,3512,1,1,1.0000,1.0000,0,0,0.4477,0
468,24,27,7,1,0,1,0,1,0,100,Type1,5,14,1,9,0,0.5523,0,7,1.0000,0.5523,0,12,3,355,15,1911,3219,1,1,1.0000,1.0000,0,0,0.4477,0
468,25,27,7,2,0,0,1,1,0,100,Type1,8,14,0,9,0,1.0000,0,-1,0.0000,1.0000,0,5,3,197,15,3512,3219,1,1,1.0000,1.0000,0,0,0.0000,0
468,31,44,11,0,0,1,0,1,0,100,Type1,12,18,1,8,0,0.0000,-1,0,0.0000,0.0000,2,1,4,355,175,1691,1084,1,1,1.0000,1.0000,0,0,1.0000,1
468,34,35,21,1,0,1,0,1,1,100,Type1,7,7,1,3,1,0.5523,0,7,1.0000,0.5523,0,24,11,355,355,3037,3734,2,2,0.8333,0.8182,0,0,0.4477,0
468,38,39,22,1,0,0,0,1,0,100,Type1,6,6,1,6,0,1.0000,0,-1,1.0000,1.0000,0,11,6,355,355,1954,1858,1,1,1.0000,1.0000,0,0,0.0000,0
468,40,41,14,1,0,0,1,1,0,100,Type1,9,9,0,6,1,1.0000,0,-1,1.0000,1.0000,0,1,1,8,8,25,25,1,1,1.0000,1.0000,0,0,0.0000,0
468,42,43,10,1,0,0,0,1,1,100,Type1,26,26,1,6,1,1.0000,0,-1,0.0000,1.0000,0,4,4,191,191,1084,1775,1,1,1.0000,1.0000,0,0,0.0000,0
470,20,21,5,1,1,1,0,1,1,100,Type1,5,5,1,7,1,0.3481,2,0,0.4850,0.3481,1,6,6,355,355,1549,3603,1,1,1.0000,1.0000,0,0,0.6519,1
470,24,25,7,1,1,1,0,1,1,100,Type1,5,8,1,9,1,0.3481,2,0,0.4850,0.3481,1,12,5,355,197,1911,3512,1,1,1.0000,1.0000,0,0,0.6519,1
470,24,27,7,1,1,1,0,1,0,100,Type1,5,14,1,9,0,0.3481,2,0,0.4850,0.3481,1,12,3,355,15,1911,3219,1,1,1.0000,1.0000,0,0,0.6519,1
470,34,35,21,1,1,1,0,1,1,100,Type1,7,7,1,3,1,0.3481,2,0,0.4850,0.3481,1,24,11,355,355,3037,3734,2,2,0.8333,0.8182,0,0,0.6519,1
470,38,39,22,1,1,0,0,1,0,100,Type1,6,6,1,6,0,0.4850,2,0,0.4850,0.4850,1,11,6,355,355,1954,1858,1,1,1.0000,1.0000,0,0,0.5150,1
475,17,31,11,0,2,1,1,1,0,100,Type1,18,12,0,8,0,0.0000,-1,0,0.0000,0.0000,3,3,1,182,355,1557,1691,1,1,1.0000,1.0000,0,0,1.0000,1
475,17,44,11,2,0,0,0,1,1,100,Type1,18,18,1,8,1,1.0000,0,-1,0.0000,1.0000,0,3,4,182,175,1557,1084,1,1,1.0000,1.0000,0,0,0.0000,0
475,20,21,5,2,1,1,0,1,1,100,Type1,5,5,1,7,1,0.5440,0,5,-0.0149,0.6778,0,6,6,355,355,1549,3603,1,1,1.0000,1.0000,0,0,0.4560,0
475,22,23,29,2,0,1,0,1,0,100,Type1,12,12,1,7,1,0.7337,0,14,0.4477,1.0000,0,3,6,329,329,1004,3533,1,1,1.0000,1.0000,0,0,0.2663,0
475,24,25,7,2,1,1,0,1,1,100,Type1,5,8,1,9,1,0.5440,0,5,-0.0149,0.6778,0,12,5,355,197,1911,3512,1,1,1.0000,1.0000,0,0,0.4560,0
475,24,27,7,2,1,1,0,1,0,100,Type1,5,14,1,9,0,0.5440,0,5,-0.0149,0.6778,0,12,3,355,15,1911,3219,1,1,1.0000,1.0000,0,0,0.4560,0
475,25,27,7,3,0,0,1,1,0,100,Type1,8,14,0,9,0,1.0000,0,-1,0.0000,1.0000,0,5,3,197,15,3512,3219,1,1,1.0000,1.0000,0,0,0.0000,0
475,31,44,11,0,0,2,0,1,0,100,Type1,12,18,1,8,0,0.0000,-1,0,0.0000,0.0000,3,1,4,355,175,1691,1084,1,1,1.0000,1.0000,0,0,1.0000,1
475,34,35,21,2,1,1,0,1,1,100,Type1,7,7,1,3,1,0.5440,0,5,-0.0149,0.6778,0,24,11,355,355,3037,3734,2,2,0.8333,0.8182,0,0,0.4560,0
475,38,39,22,2,1,0,0,1,0,100,Type1,6,6,1,6,0,0.6778,0,5,-0.4626,0.6778,0,11,6,355,355,1954,1858,1,1,1.0000,1.0000,0,0,0.3222,0
475,42,43,10,2,0,0,0,1,1,100,Type1,26,26,1,6,1,1.0000,0,-1,0.0000,1.0000,0,4,4,191,191,1084,1775,1,1,1.0000,1.0000,0,0,0.0000,0
476,17,44,11,2,0,1,0,1,1,100,Type1,18,18,1,8,1,0.6373,1,0,-0.5075,0.6373,1,3,4,182,175,1557,1084,1,1,1.0000,1.0000,0,0,0.3627,0
476,20,21,5,2,2,1,0,1,1,100,Type1,5,5,1,7,1,0.4154,1,0,-0.2064,0.4891,1,6,6,355,355,1549,3603,1,1,1.0000,1.0000,0,0,0.5846,1
476,22,23,29,3,0,1,0,1,0,100,Type1,12,12,1,7,1,0.8122,0,15,0.4477,1.0000,0,3,6,329,329,1004,3533,1,1,1.0000,1.0000,0,0,0.1878,0
476,24,25,7,2,2,1,0,1,1,100,Type1,5,8,1,9,1,0.4154,1,0,-0.2064,0.4891,1,12,5,355,197,1911,3512,1,1,1.0000,1.0000,0,0,0.5846,1
476,24,27,7,2,2,1,0,1,0,100,Type1,5,14,1,9,0,0.4154,1,0,-0.2064,0.4891,1,12,3,355,15,1911,3219,1,1,1.0000,1.0000,0,0,0.5846,1
476,31,44,11,0,0,3,0,1,0,100,Type1,12,18,1,8,0,0.0000,-1,0,0.0000,0.0000,4,1,4,355,175,1691,1084,1,1,1.0000,1.0000,0,0,1.0000,1
476,42,43,10,2,1,0,0,1,1,100,Type1,26,26,1,6,1,0.6373,1,0,-0.5075,0.6373,1,4,4,191,191,1084,1775,1,1,1.0000,1.0000,0,0,0.3627,0
477,17,31,11,0,3,1,1,1,0,100,Type1,18,12,0,8,0,0.0000,-1,0,0.0000,0.0000,4,3,1,182,355,1557,1691,1,1,1.0000,1.0000,0,0,1.0000,1
477,17,44,11,3,0,1,0,1,1,100,Type1,18,18,1,8,1,0.7360,0,1,-0.3332,0.7360,0,3,4,182,175,1557,1084,1,1,1.0000,1.0000,0,0,0.2640,0
477,31,44,11,0,0,4,0,1,0,100,Type1,12,18,1,8,0,0.0000,-1,0,0.0000,0.0000,5,1,4,355,175,1691,1084,1,1,1.0000,1.0000,0,0,1.0000,1
477,38,39,22,3,1,0,0,1,0,100,Type1,6,6,1,6,0,0.7694,0,7,-0.2945,0.7694,0,11,6,355,355,1954,1858,1,1,1.0000,1.0000,0,0,0.2306,0
477,42,43,10,3,1,0,0,1,1,100,Type1,26,26,1,6,1,0.7360,0,1,-0.3332,0.7360,0,4,4,191,191,1084,1775,1,1,1.0000,1.0000,0,0,0.2640,0
526,11,12,3,1,1,0,0,1,1,100,Type1,5,5,1,4,1,0.0766,83,0,0.0766,0.0000,1,7,1,574,574,749,134,3,1,0.7143,1.0000,0,0,0.9234,1
526,11,13,3,1,1,0,0,1,1,100,Type1,5,5,1,4,1,0.0766,83,0,0.0766,0.0000,1,7,1,574,552,749,96,3,1,0.7143,1.0000,0,0,0.9234,1
526,14,15,4,1,0,1,0,1,0,100,Type1,9,9,1,5,1,0.0766,83,0,0.0766,0.0000,1,1,7,552,552,96,749,1,3,1.0000,0.7143,0,0,0.9234,1
529,11,12,3,1,2,0,0,1,1,100,Type1,5,5,1,4,1,0.0381,86,0,0.0381,0.0000,2,7,1,574,574,749,134,3,1,0.7143,1.0000,0,0,0.9619,1
529,11,13,3,1,2,0,0,1,1,100,Type1,5,5,1,4,1,0.0381,86,0,0.0381,0.0000,2,7,1,574,552,749,96,3,1,0.7143,1.0000,0,0,0.9619,1
529,14,15,4,1,0,2,0,1,0,100,Type1,9,9,1,5,1,0.0381,86,0,0.0381,0.0000,2,1,7,552,552,96,749,1,3,1.0000,0.7143,0,0,0.9619,1
574,20,21,5,2,2,2,0,1,1,100,Type1,5,5,1,7,1,0.0759,99,0,-0.4154,0.0000,2,6,6,355,355,1549,3603,1,1,1.0000,1.0000,0,0,0.9241,1
574,22,23,29,3,0,2,0,1,0,100,Type1,12,12,1,7,1,0.1236,98,0,-0.8122,0.0000,1,3,6,329,329,1004,3533,1,1,1.0000,1.0000,0,0,0.8764,1
574,24,25,7,2,2,2,0,1,1,100,Type1,5,8,1,9,1,0.0759,99,0,-0.4154,0.0000,2,12,5,355,197,1911,3512,1,1,1.0000,1.0000,0,0,0.9241,1
574,34,35,21,2,1,2,0,1,1,100,Type1,7,7,1,3,1,0.0793,99,0,-0.5440,0.0000,1,24,11,355,355,3037,3734,2,2,0.8333,0.8182,0,0,0.9207,1
586,20,21,5,2,3,2,0,1,1,100,Type1,5,5,1,7,1,0.0350,111,0,-0.4154,0.0000,3,6,6,355,355,1549,3603,1,1,1.0000,1.0000,0,0,0.9650,1
586,24,25,7,2,3,2,0,1,1,100,Type1,5,8,1,9,1,0.0350,111,0,-0.4154,0.0000,3,12,5,355,197,1911,3512,1,1,1.0000,1.0000,0,0,0.9650,1
586,34,35,21,2,2,2,0,1,1,100,Type1,7,7,1,3,1,0.0357,111,0,-0.5440,0.0000,3,24,11,355,355,3037,3734,2,2,0.8333,0.8182,0,0,0.9643,1
586,38,39,22,3,2,0,0,1,0,100,Type1,6,6,1,6,0,0.0907,109,0,-0.7694,0.0000,1,11,6,355,355,1954,1858,1,1,1.0000,1.0000,0,0,0.9093,1
586,45,46,18,0,1,0,0,1,0,100,Type1,5,5,1,6,1,0.0000,-1,0,0.0000,0.0000,1,10,7,230,230,839,440,2,2,0.8000,0.7143,0,0,1.0000,1
630,34,35,21,2,2,3,0,1,1,100,Type1,7,7,1,3,1,0.0117,155,0,-0.5440,0.0000,4,24,11,355,355,3037,3734,2,2,0.8333,0.8182,0,0,0.9883,1
630,45,46,18,0,1,1,0,1,0,100,Type1,5,5,1,6,1,0.0000,-1,0,0.0000,0.0000,2,10,7,230,230,839,440,2,2,0.8000,0.7143,0,0,1.0000,1
634,20,21,5,2,4,2,0,1,1,100,Type1,5,5,1,7,1,0.0107,159,0,-0.4154,0.0000,4,6,6,355,355,1549,3603,1,1,1.0000,1.0000,0,0,0.9893,1
634,24,25,7,2,4,2,0,1,1,100,Type1,5,8,1,9,1,0.0107,159,0,-0.4154,0.0000,4,12,5,355,197,1911,3512,1,1,1.0000,1.0000,0,0,0.9893,1
637,34,35,21,2,2,4,0,1,1,100,Type1,7,7,1,3,1,0.0064,162,0,-0.5440,0.0000,5,24,11,355,355,3037,3734,2,2,0.8333,0.8182,0,0,0.9936,1
637,45,46,18,0,1,2,0,1,0,100,Type1,5,5,1,6,1,0.0000,-1,0,0.0000,0.0000,3,10,7,230,230,839,440,2,2,0.8000,0.7143,0,0,1.0000,1
644,20,21,5,2,4,3,0,1,1,100,Type1,5,5,1,7,1,0.0055,169,0,-0.4154,0.0000,5,6,6,355,355,1549,3603,1,1,1.0000,1.0000,0,0,0.9945,1
644,22,23,29,3,0,3,0,1,0,100,Type1,12,12,1,7,1,0.0156,168,0,-0.8122,0.0000,2,3,6,329,329,1004,3533,1,1,1.0000,1.0000,0,0,0.9844,1
644,24,25,7,2,4,3,0,1,1,100,Type1,5,8,1,9,1,0.0055,169,0,-0.4154,0.0000,5,12,5,355,197,1911,3512,1,1,1.0000,1.0000,0,0,0.9945,1
644,34,35,21,2,2,5,0,1,1,100,Type1,7,7,1,3,1,0.0041,169,0,-0.5440,0.0000,6,24,11,355,355,3037,3734,2,2,0.8333,0.8182,0,0,0.9959,1
644,38,39,22,3,2,1,0,1,0,100,Type1,6,6,1,6,0,0.0151,167,0,-0.7694,0.0000,2,11,6,355,355,1954,1858,1,1,1.0000,1.0000,0,0,0.9849,1
644,42,43,10,3,1,1,0,1,1,100,Type1,26,26,1,6,1,0.0176,167,0,-0.7360,0.0000,1,4,4,191,191,1084,1775,1,1,1.0000,1.0000,0,0,0.9824,1
644,43,49,10,0,1,0,0,1,1,100,Type1,26,5,1,6,0,0.0000,-1,0,0.0000,0.0000,4,4,4,191,157,1775,120,1,2,1.0000,0.5000,0,0,1.0000,1
644,45,46,18,0,1,3,0,1,0,100,Type1,5,5,1,6,1,0.0000,-1,0,0.0000,0.0000,4,10,7,230,230,839,440,2,2,0.8000,0.7143,0,0,1.0000,1
655,20,50,5,0,0,1,0,1,0,100,Type1,5,5,1,7,0,0.0000,-1,0,0.0000,0.0000,7,6,4,355,162,1549,853,1,1,1.0000,1.0000,0,0,1.0000,1
655,21,50,5,0,0,1,0,1,0,100,Type1,5,5,1,7,0,0.0000,-1,0,0.0000,0.0000,6,6,4,355,162,3603,853,1,1,1.0000,1.0000,0,0,1.0000,1
655,26,51,8,0,0,1,0,1,1,100,Type1,17,17,1,4,0,0.0000,-1,0,0.0000,0.0000,7,10,2,355,162,1864,758,2,1,0.9000,1.0000,0,0,1.0000,1
655,29,56,36,0,0,1,0,1,1,100,Type1,12,12,1,2,0,0.0000,-1,0,0.0000,0.0000,8,7,2,355,162,3734,758,2,1,0.8571,1.0000,0,0,1.0000,1
655,31,54,11,0,0,1,0,1,1,100,Type1,12,10,1,8,0,0.0000,-1,0,0.0000,0.0000,2,1,2,355,3,1691,758,1,1,1.0000,1.0000,0,0,1.0000,1
655,42,52,10,0,0,1,0,1,1,100,Type1,26,5,1,6,0,0.0000,-1,0,0.0000,0.0000,5,4,5,191,162,1084,783,1,1,1.0000,1.0000,0,0,1.0000,1
655,43,52,10,0,0,1,0,1,1,100,Type1,26,5,1,6,0,0.0000,-1,0,0.0000,0.0000,5,4,5,191,162,1775,783,1,1,1.0000,1.0000,0,0,1.0000,1
655,45,55,18,0,0,1,0,1,0,100,Type1,5,5,1,6,0,0.0000,-1,0,0.0000,0.0000,2,10,4,230,162,839,773,2,1,0.8000,1.0000,0,0,1.0000,1
655,46,55,18,0,0,1,0,1,0,100,Type1,5,5,1,6,0,0.0000,-1,0,0.0000,0.0000,4,7,4,230,162,440,773,2,1,0.7143,1.0000,0,0,1.0000,1
655,49,52,10,0,0,1,0,1,1,100,Type1,5,5,1,6,0,0.0000,-1,0,0.0000,0.0000,1,4,5,157,162,120,783,2,1,0.5000,1.0000,0,0,1.0000,1
655,53,54,11,0,0,1,0,1,1,100,Type1,10,10,1,8,0,0.0000,-1,0,0.0000,0.0000,1,0,2,3,3,0,758,0,1,0.0000,1.0000,0,0,1.0000,1
655,57,58,37,0,0,1,0,1,1,100,Type1,5,5,1,2,1,0.0000,-1,0,0.0000,0.0000,1,4,4,162,162,147,773,2,1,0.5000,1.0000,0,0,1.0000,1
655,59,60,38,0,0,1,0,1,1,100,Type1,15,15,1,2,0,0.0000,-1,0,0.0000,0.0000,1,0,2,162,162,0,758,0,1,0.0000,1.0000,0,0,1.0000,1
656,20,50,5,0,0,2,0,1,0,100,Type1,5,5,1,7,0,0.0000,-1,0,0.0000,0.0000,8,6,4,355,162,1549,853,1,1,1.0000,1.0000,0,0,1.0000,1
656,21,50,5,0,0,2,0,1,0,100,Type1,5,5,1,7,0,0.0000,-1,0,0.0000,0.0000,7,6,4,355,162,3603,853,1,1,1.0000,1.0000,0,0,1.0000,1
656,42,52,10,0,0,2,0,1,1,100,Type1,26,5,1,6,0,0.0000,-1,0,0.0000,0.0000,6,4,5,191,162,1084,783,1,1,1.0000,1.0000,0,0,1.0000,1
656,43,52,10,0,0,2,0,1,1,100,Type1,26,5,1,6,0,0.0000,-1,0,0.0000,0.0000,6,4,5,191,162,1775,783,1,1,1.0000,1.0000,0,0,1.0000,1
656,45,55,18,0,0,2,0,1,0,100,Type1,5,5,1,6,0,0.0000,-1,0,0.0000,0.0000,3,10,4,230,162,839,773,2,1,0.8000,1.0000,0,0,1.0000,1
656,46,55,18,0,0,2,0,1,0,100,Type1,5,5,1,6,0,0.0000,-1,0,0.0000,0.0000,5,7,4,230,162,440,773,2,1,0.7143,1.0000,0,0,1.0000,1
656,49,52,10,0,0,2,0,1,1,100,Type1,5,5,1,6,0,0.0000,-1,0,0.0000,0.0000,2,4,5,157,162,120,783,2,1,0.5000,1.0000,0,0,1.0000,1
656,57,58,37,0,0,2,0,1,1,100,Type1,5,5,1,2,1,0.0000,-1,0,0.0000,0.0000,2,4,4,162,162,147,773,2,1,0.5000,1.0000,0,0,1.0000,1
657,20,50,5,0,0,3,0,1,0,100,Type1,5,5,1,7,0,0.0000,-1,0,0.0000,0.0000,10,6,4,355,162,1549,853,1,1,1.0000,1.0000,0,0,1.0000,1
657,21,50,5,0,0,3,0,1,0,100,Type1,5,5,1,7,0,0.0000,-1,0,0.0000,0.0000,9,6,4,355,162,3603,853,1,1,1.0000,1.0000,0,0,1.0000,1
657,26,51,8,0,0,2,0,1,1,100,Type1,17,17,1,4,0,0.0000,-1,0,0.0000,0.0000,8,10,2,355,162,1864,758,2,1,0.9000,1.0000,0,0,1.0000,1
657,29,56,36,0,0,2,0,1,1,100,Type1,12,12,1,2,0,0.0000,-1,0,0.0000,0.0000,9,7,2,355,162,3734,758,2,1,0.8571,1.0000,0,0,1.0000,1
657,31,54,11,0,0,2,0,1,1,100,Type1,12,10,1,8,0,0.0000,-1,0,0.0000,0.0000,3,1,2,355,3,1691,758,1,1,1.0000,1.0000,0,0,1.0000,1
657,42,52,10,0,0,3,0,1,1,100,Type1,26,5,1,6,0,0.0000,-1,0,0.0000,0.0000,7,4,5,191,162,1084,783,1,1,1.0000,1.0000,0,0,1.0000,1
657,43,52,10,0,0,3,0,1,1,100,Type1,26,5,1,6,0,0.0000,-1,0,0.0000,0.0000,7,4,5,191,162,1775,783,1,1,1.0000,1.0000,0,0,1.0000,1
657,45,55,18,0,0,3,0,1,0,100,Type1,5,5,1,6,0,0.0000,-1,0,0.0000,0.0000,4,10,4,230,162,839,773,2,1,0.8000,1.0000,0,0,1.0000,1
657,46,55,18,0,0,3,0,1,0,100,Type1,5,5,1,6,0,0.0000,-1,0,0.0000,0.0000,6,7,4,230,162,440,773,2,1,0.7143,1.0000,0,0,1.0000,1
657,49,52,10,0,0,3,0,1,1,100,Type1,5,5,1,6,0,0.0000,-1,0,0.0000,0.0000,3,4,5,157,162,120,783,2,1,0.5000,1.0000,0,0,1.0000,1
657,53,54,11,0,0,2,0,1,1,100,Type1,10,10,1,8,0,0.0000,-1,0,0.0000,0.0000,2,0,2,3,3,0,758,0,1,0.0000,1.0000,0,0,1.0000,1
657,57,58,37,0,0,3,0,1,1,100,Type1,5,5,1,2,1,0.0000,-1,0,0.0000,0.0000,3,4,4,162,162,147,773,2,1,0.5000,1.0000,0,0,1.0000,1
657,59,60,38,0,0,2,0,1,1,100,Type1,15,15,1,2,0,0.0000,-1,0,0.0000,0.0000,2,0,2,162,162,0,758,0,1,0.0000,1.0000,0,0,1.0000,1
658,34,35,21,3,2,5,0,1,1,100,Type1,7,7,1,3,1,0.3559,0,14,-0.1890,1.0000,0,24,11,355,355,3037,3734,2,2,0.8333,0.8182,0,0,0.6441,1
658,42,49,10,0,0,1,1,1,1,100,Type1,26,5,0,6,0,0.0000,-1,0,0.0000,0.0000,5,4,4,191,157,1084,120,1,2,1.0000,0.5000,0,0,1.0000,1
658,42,52,10,0,0,4,0,1,1,100,Type1,26,5,1,6,0,0.0000,-1,0,0.0000,0.0000,8,4,5,191,162,1084,783,1,1,1.0000,1.0000,0,0,1.0000,1
658,43,49,10,0,1,1,0,1,1,100,Type1,26,5,1,6,0,0.0000,-1,0,0.0000,0.0000,5,4,4,191,157,1775,120,1,2,1.0000,0.5000,0,0,1.0000,1
658,43,52,10,0,0,4,0,1,1,100,Type1,26,5,1,6,0,0.0000,-1,0,0.0000,0.0000,8,4,5,191,162,1775,783,1,1,1.0000,1.0000,0,0,1.0000,1
658,45,46,18,1,1,3,0,1,0,100,Type1,5,5,1,6,1,0.3654,0,14,0.3815,1.0000,0,10,7,230,230,839,440,2,2,0.8000,0.7143,0,0,0.6346,1
658,45,55,18,1,0,3,0,1,0,100,Type1,5,5,1,6,0,0.2614,0,1,0.5075,0.2614,0,10,4,230,162,839,773,2,1,0.8000,1.0000,0,0,0.7386,1
658,46,55,18,1,0,3,0,1,0,100,Type1,5,5,1,6,0,0.2614,0,1,0.5075,0.2614,0,7,4,230,162,440,773,2,1,0.7143,1.0000,0,0,0.7386,1
658,49,52,10,1,0,3,0,1,1,100,Type1,5,5,1,6,0,0.2614,0,1,0.5075,0.2614,0,4,5,157,162,120,783,2,1,0.5000,1.0000,0,0,0.7386,1
658,57,58,37,1,0,3,0,1,1,100,Type1,5,5,1,2,1,0.2614,0,1,0.5075,0.2614,0,4,4,162,162,147,773,2,1,0.5000,1.0000,0,0,0.7386,1
659,22,61,29,0,0,1,1,1,0,100,Type1,12,26,0,7,0,0.0000,-1,0,0.0000,0.0000,4,3,4,329,137,1004,134,1,2,1.0000,0.7500,0,0,1.0000,1
659,22,62,29,0,0,1,0,1,0,100,Type1,12,26,1,7,0,0.0000,-1,0,0.0000,0.0000,4,3,1,329,137,1004,6,1,1,1.0000,1.0000,0,0,1.0000,1
659,23,61,29,0,0,1,0,1,0,100,Type1,12,26,1,7,0,0.0000,-1,0,0.0000,0.0000,7,6,4,329,137,3533,134,1,2,1.0000,0.7500,0,0,1.0000,1
659,23,62,29,0,0,1,1,1,0,100,Type1,12,26,0,7,0,0.0000,-1,0,0.0000,0.0000,7,6,1,329,137,3533,6,1,1,1.0000,1.0000,0,0,1.0000,1
659,34,35,21,4,2,5,0,1,1,100,Type1,7,7,1,3,1,0.5278,0,15,-0.0163,1.0000,0,24,11,355,355,3037,3734,2,2,0.8333,0.8182,0,0,0.4722,0
659,45,46,18,2,1,3,0,1,0,100,Type1,5,5,1,6,1,0.5390,0,15,0.5560,1.0000,0,10,7,230,230,839,440,2,2,0.8000,0.7143,0,0,0.4610,0
659,45,55,18,1,1,3,0,1,0,100,Type1,5,5,1,6,0,0.2059,1,0,0.3332,0.2059,1,10,4,230,162,839,773,2,1,0.8000,1.0000,0,0,0.7941,1
659,46,55,18,1,1,3,0,1,0,100,Type1,5,5,1,6,0,0.2059,1,0,0.3332,0.2059,1,7,4,230,162,440,773,2,1,0.7143,1.0000,0,0,0.7941,1
659,49,52,10,2,0,3,0,1,1,100,Type1,5,5,1,6,0,0.4181,0,2,0.6766,0.4181,0,4,5,157,162,120,783,2,1,0.5000,1.0000,0,0,0.5819,1
659,57,58,37,1,1,3,0,1,1,100,Type1,5,5,1,2,1,0.2059,1,0,0.3332,0.2059,1,4,4,162,162,147,773,2,1,0.5000,1.0000,0,0,0.7941,1
659,61,62,29,1,0,0,0,1,1,100,Type1,26,26,1,7,1,1.0000,0,-1,0.0000,1.0000,0,4,1,137,137,134,6,2,1,0.7500,1.0000,0,0,0.0000,0
664,22,61,29,0,0,2,1,1,0,100,Type1,12,26,0,7,0,0.0000,-1,0,0.0000,0.0000,5,3,4,329,137,1004,134,1,2,1.0000,0.7500,0,0,1.0000,1
664,23,61,29,0,0,2,0,1,0,100,Type1,12,26,1,7,0,0.0000,-1,0,0.0000,0.0000,8,6,4,329,137,3533,134,1,2,1.0000,0.7500,0,0,1.0000,1
664,24,63,7,0,1,0,1,1,0,100,Type1,5,5,0,9,0,0.0000,-1,0,0.0000,0.0000,7,12,4,355,152,1911,340,1,1,1.0000,1.0000,0,0,1.0000,1
664,24,64,7,1,0,0,1,1,0,100,Type1,5,5,0,9,0,1.0000,0,30,0.0000,1.0000,0,12,10,355,152,1911,626,1,1,1.0000,1.0000,0,0,0.0000,0
664,26,51,8,0,1,2,0,1,1,100,Type1,17,17,1,4,0,0.0000,-1,0,0.0000,0.0000,9,10,2,355,162,1864,758,2,1,0.9000,1.0000,0,0,1.0000,1
664,34,35,21,4,3,5,0,1,1,100,Type1,7,7,1,3,1,0.4029,5,0,-0.1415,0.6291,1,24,11,355,355,3037,3734,2,2,0.8333,0.8182,0,0,0.5971,1
664,38,39,22,3,3,1,0,1,0,100,Type1,6,6,1,6,0,0.0060,187,0,-0.7694,0.0000,3,11,6,355,355,1954,1858,1,1,1.0000,1.0000,0,0,0.9940,1
664,45,46,18,2,2,3,0,1,0,100,Type1,5,5,1,6,1,0.4090,5,0,0.4187,0.6291,1,10,7,230,230,839,440,2,2,0.8000,0.7143,0,0,0.5910,1
664,45,55,18,1,2,3,0,1,0,100,Type1,5,5,1,6,0,0.1652,6,0,-0.2059,0.1652,2,10,4,230,162,839,773,2,1,0.8000,1.0000,0,0,0.8348,1
664,49,52,10,2,1,3,0,1,1,100,Type1,5,5,1,6,0,0.3354,5,0,-0.4181,0.3354,1,4,5,157,162,120,783,2,1,0.5000,1.0000,0,0,0.6646,1
664,61,62,29,1,1,0,0,1,1,100,Type1,26,26,1,7,1,0.4626,5,0,-1.0000,0.4626,1,4,1,137,137,134,6,2,1,0.7500,1.0000,0,0,0.5374,1
664,63,64,7,0,0,1,1,1,0,100,Type1,5,5,0,9,1,0.0000,-1,0,0.0000,0.0000,1,4,10,152,152,340,626,1,1,1.0000,1.0000,0,0,1.0000,1
672,11,12,3,1,3,0,0,1,1,100,Type1,5,5,1,4,1,0.0010,229,0,-1.0000,0.0000,3,7,1,574,574,749,134,3,1,0.7143,1.0000,0,0,0.9990,1
672,11,13,3,1,3,0,0,1,1,100,Type1,5,5,1,4,1,0.0010,229,0,-1.0000,0.0000,3,7,1,574,552,749,96,3,1,0.7143,1.0000,0,0,0.9990,1
672,14,15,4,1,0,3,0,1,0,100,Type1,9,9,1,5,1,0.0010,229,0,-1.0000,0.0000,3,1,7,552,552,96,749,1,3,1.0000,0.7143,0,0,0.9990,1
687,24,70,7,0,0,1,0,1,0,100,Type1,5,5,1,9,0,0.0000,-1,0,0.0000,0.0000,8,12,3,355,134,1911,271,1,1,1.0000,1.0000,0,0,1.0000,1
687,63,70,7,0,0,1,0,1,0,100,Type1,5,5,1,9,0,0.0000,-1,0,0.0000,0.0000,1,4,3,152,134,340,271,1,1,1.0000,1.0000,0,0,1.0000,1
687,64,70,7,0,0,1,0,1,0,100,Type1,5,5,1,9,0,0.0000,-1,0,0.0000,0.0000,2,10,3,152,134,626,271,1,1,1.0000,1.0000,0,0,1.0000,1
687,68,70,7,0,0,1,1,1,0,100,Type1,5,5,0,9,1,0.0000,-1,0,0.0000,0.0000,1,1,3,134,134,160,271,1,1,1.0000,1.0000,0,0,1.0000,1
687,69,70,7,0,0,1,1,1,0,100,Type1,5,5,0,9,1,0.0000,-1,0,0.0000,0.0000,1,1,3,134,134,160,271,1,1,1.0000,1.0000,0,0,1.0000,1
687,70,71,7,0,1,0,1,1,0,100,Type1,5,5,0,9,1,0.0000,-1,0,0.0000,0.0000,1,3,1,134,134,271,160,1,1,1.0000,1.0000,0,0,1.0000,1
687,99,100,23,0,1,0,0,1,0,100,Type1,8,8,1,2,0,0.0000,-1,0,0.0000,0.0000,1,3,6,134,134,271,329,1,1,1.0000,1.0000,0,0,1.0000,1
694,20,109,5,0,0,1,0,1,1,100,Type1,5,5,1,7,0,0.0000,-1,0,0.0000,0.0000,7,6,4,355,123,1549,204,1,1,1.0000,1.0000,0,0,1.0000,1
694,21,109,5,0,0,1,0,1,1,100,Type1,5,5,1,7,0,0.0000,-1,0,0.0000,0.0000,6,6,4,355,123,3603,204,1,1,1.0000,1.0000,0,0,1.0000,1
694,49,113,10,0,0,1,0,1,1,100,Type1,5,5,1,6,0,0.0000,-1,0,0.0000,0.0000,4,4,4,157,123,120,204,2,1,0.5000,1.0000,0,0,1.0000,1
694,50,109,5,0,0,1,0,1,0,100,Type1,5,5,1,7,0,0.0000,-1,0,0.0000,0.0000,5,4,4,162,123,853,204,1,1,1.0000,1.0000,0,0,1.0000,1
694,52,113,10,0,0,1,0,1,1,100,Type1,5,5,1,6,0,0.0000,-1,0,0.0000,0.0000,6,5,4,162,123,783,204,1,1,1.0000,1.0000,0,0,1.0000,1
694,65,109,5,0,0,1,0,1,1,100,Type1,5,5,1,7,0,0.0000,-1,0,0.0000,0.0000,1,1,4,134,123,160,204,1,1,1.0000,1.0000,0,0,1.0000,1
694,74,113,10,0,0,1,0,1,1,100,Type1,5,5,1,6,0,0.0000,-1,0,0.0000,0.0000,1,1,4,134,123,160,204,1,1,1.0000,1.0000,0,0,1.0000,1
696,118,125,41,1,0,0,1,1,0,100,Type1,5,5,0,2,0,1.0000,0,-1,0.0000,1.0000,0,4,4,123,120,77,77,1,1,1.0000,1.0000,0,0,0.0000,0
697,118,125,41,2,0,0,1,1,0,100,Type1,5,5,0,2,0,1.0000,0,-1,0.0000,1.0000,0,4,4,123,120,77,77,1,1,1.0000,1.0000,0,0,0.0000,0
698,20,109,5,0,0,2,0,1,1,100,Type1,5,5,1,7,0,0.0000,-1,0,0.0000,0.0000,8,6,4,355,123,1549,204,1,1,1.0000,1.0000,0,0,1.0000,1
698,21,109,5,0,0,2,0,1,1,100,Type1,5,5,1,7,0,0.0000,-1,0,0.0000,0.0000,7,6,4,355,123,3603,204,1,1,1.0000,1.0000,0,0,1.0000,1
698,49,113,10,0,0,2,0,1,1,100,Type1,5,5,1,6,0,0.0000,-1,0,0.0000,0.0000,5,4,4,157,123,120,204,2,1,0.5000,1.0000,0,0,1.0000,1
698,50,109,5,0,0,2,0,1,0,100,Type1,5,5,1,7,0,0.0000,-1,0,0.0000,0.0000,6,4,4,162,123,853,204,1,1,1.0000,1.0000,0,0,1.0000,1
698,52,113,10,0,0,2,0,1,1,100,Type1,5,5,1,6,0,0.0000,-1,0,0.0000,0.0000,7,5,4,162,123,783,204,1,1,1.0000,1.0000,0,0,1.0000,1
698,65,109,5,0,0,2,0,1,1,100,Type1,5,5,1,7,0,0.0000,-1,0,0.0000,0.0000,2,1,4,134,123,160,204,1,1,1.0000,1.0000,0,0,1.0000,1
698,74,113,10,0,0,2,0,1,1,100,Type1,5,5,1,6,0,0.0000,-1,0,0.0000,0.0000,2,1,4,134,123,160,204,1,1,1.0000,1.0000,0,0,1.0000,1
698,118,125,41,3,0,0,1,1,0,100,Type1,5,5,0,2,0,1.0000,0,-1,0.0000,1.0000,0,4,4,123,120,77,77,1,1,1.0000,1.0000,0,0,0.0000,0
699,34,35,21,4,3,6,0,1,1,100,Type1,7,7,1,3,1,0.2403,40,0,0.1628,0.0000,2,24,11,355,355,3037,3734,2,2,0.8333,0.8182,0,0,0.7597,1
699,35,91,21,0,1,0,0,1,1,100,Type1,7,7,1,3,0,0.0000,-1,0,0.0000,0.0000,10,11,1,355,134,3734,160,2,1,0.8182,1.0000,0,0,1.0000,1
699,38,39,22,3,3,2,0,1,0,100,Type1,6,6,1,6,0,0.0022,222,0,-0.7694,0.0000,4,11,6,355,355,1954,1858,1,1,1.0000,1.0000,0,0,0.9978,1
699,38,126,22,0,0,1,0,1,0,100,Type1,6,6,1,6,0,0.0000,-1,0,0.0000,0.0000,7,11,4,355,117,1954,185,1,1,1.0000,1.0000,0,0,1.0000,1
699,39,92,22,0,1,0,0,1,0,100,Type1,6,13,1,6,0,0.0000,-1,0,0.0000,0.0000,5,6,1,355,114,1858,160,1,1,1.0000,1.0000,0,0,1.0000,1
699,39,93,22,0,1,0,0,1,0,100,Type1,6,13,1,6,0,0.0000,-1,0,0.0000,0.0000,5,6,2,355,114,1858,69,1,1,1.0000,1.0000,0,0,1.0000,1
699,39,96,22,0,1,0,0,1,0,100,Type1,6,6,1,6,0,0.0000,-1,0,0.0000,0.0000,5,6,1,355,134,1858,160,1,1,1.0000,1.0000,0,0,1.0000,1
699,39,126,22,1,0,0,1,1,0,100,Type1,6,6,0,6,0,1.0000,0,55,0.0000,1.0000,0,6,4,355,117,1858,185,1,1,1.0000,1.0000,0,0,0.0000,0
699,45,46,18,2,2,4,0,1,0,100,Type1,5,5,1,6,1,0.2421,40,0,0.2779,0.0000,2,10,7,230,230,839,440,2,2,0.8000,0.7143,0,0,0.7579,1
699,46,55,18,1,2,3,0,1,0,100,Type1,5,5,1,6,0,0.1208,41,0,-0.2059,0.0000,2,7,4,230,162,440,773,2,1,0.7143,1.0000,0,0,0.8792,1
699,46,86,18,0,1,0,0,1,1,100,Type1,5,5,1,6,0,0.0000,-1,0,0.0000,0.0000,6,7,1,230,134,440,160,2,1,0.7143,1.0000,0,0,1.0000,1
699,46,87,18,0,1,0,0,1,0,100,Type1,5,5,1,6,0,0.0000,-1,0,0.0000,0.0000,6,7,1,230,134,440,160,2,1,0.7143,1.0000,0,0,1.0000,1
699,57,58,37,1,2,3,0,1,1,100,Type1,5,5,1,2,1,0.1208,41,0,-0.2059,0.0000,2,4,4,162,162,147,773,2,1,0.5000,1.0000,0,0,0.8792,1
699,92,126,22,0,0,1,0,1,0,100,Type1,13,6,1,6,0,0.0000,-1,0,0.0000,0.0000,1,1,4,114,117,160,185,1,1,1.0000,1.0000,0,0,1.0000,1
699,93,126,22,0,0,1,0,1,0,100,Type1,13,6,1,6,0,0.0000,-1,0,0.0000,0.0000,1,2,4,114,117,69,185,1,1,1.0000,1.0000,0,0,1.0000,1
699,96,126,22,0,0,1,0,1,0,100,Type1,6,6,1,6,0,0.0000,-1,0,0.0000,0.0000,1,1,4,134,117,160,185,1,1,1.0000,1.0000,0,0,1.0000,1
700,24,70,7,0,0,2,0,1,0,100,Type1,5,5,1,9,0,0.0000,-1,0,0.0000,0.0000,9,12,3,355,134,1911,271,1,1,1.0000,1.0000,0,0,1.0000,1
700,63,70,7,0,0,2,0,1,0,100,Type1,5,5,1,9,0,0.0000,-1,0,0.0000,0.0000,2,4,3,152,134,340,271,1,1,1.0000,1.0000,0,0,1.0000,1
700,64,70,7,0,0,2,0,1,0,100,Type1,5,5,1,9,0,0.0000,-1,0,0.0000,0.0000,3,10,3,152,134,626,271,1,1,1.0000,1.0000,0,0,1.0000,1
700,68,70,7,0,0,2,1,1,0,100,Type1,5,5,0,9,1,0.0000,-1,0,0.0000,0.0000,2,1,3,134,134,160,271,1,1,1.0000,1.0000,0,0,1.0000,1
700,69,70,7,0,0,2,1,1,0,100,Type1,5,5,0,9,1,0.0000,-1,0,0.0000,0.0000,2,1,3,134,134,160,271,1,1,1.0000,1.0000,0,0,1.0000,1
700,70,71,7,0,2,0,1,1,0,100,Type1,5,5,0,9,1,0.0000,-1,0,0.0000,0.0000,2,3,1,134,134,271,160,1,1,1.0000,1.0000,0,0,1.0000,1
700,99,100,23,0,2,0,0,1,0,100,Type1,8,8,1,2,0,0.0000,-1,0,0.0000,0.0000,2,3,6,134,134,271,329,1,1,1.0000,1.0000,0,0,1.0000,1
700,103,104,27,0,1,0,0,1,0,100,Type1,6,6,1,6,0,0.0000,-1,0,0.0000,0.0000,1,2,0,80,80,257,0,1,0,1.0000,0.0000,0,0,1.0000,1
700,103,105,27,0,1,0,1,1,0,100,Type1,6,20,0,6,0,0.0000,-1,0,0.0000,0.0000,1,2,1,80,114,257,160,1,1,1.0000,1.0000,0,0,1.0000,1
700,103,106,27,0,1,0,0,1,0,100,Type1,6,20,1,6,0,0.0000,-1,0,0.0000,0.0000,1,2,3,80,114,257,135,1,1,1.0000,1.0000,0,0,1.0000,1
711,129,130,2,1,0,0,1,1,1,100,Type1,37,37,0,5,1,1.0000,0,-1,0.0000,1.0000,0,1,1,105,105,120,120,1,1,1.0000,1.0000,0,0,0.0000,0
714,11,12,3,1,4,0,0,1,1,100,Type1,5,5,1,4,1,0.0002,271,0,-1.0000,0.0000,4,7,1,574,574,749,134,3,1,0.7143,1.0000,0,0,0.9998,1
714,11,13,3,1,4,0,0,1,1,100,Type1,5,5,1,4,1,0.0002,271,0,-1.0000,0.0000,4,7,1,574,552,749,96,3,1,0.7143,1.0000,0,0,0.9998,1
714,14,15,4,1,0,4,0,1,0,100,Type1,9,9,1,5,1,0.0002,271,0,-1.0000,0.0000,4,1,7,552,552,96,749,1,3,1.0000,0.7143,0,0,0.9998,1
720,11,12,3,1,5,0,0,1,1,100,Type1,5,5,1,4,1,0.0001,277,0,-1.0000,0.0000,5,7,1,574,574,749,134,3,1,0.7143,1.0000,0,0,0.9999,1
720,11,13,3,1,5,0,0,1,1,100,Type1,5,5,1,4,1,0.0001,277,0,-1.0000,0.0000,5,7,1,574,552,749,96,3,1,0.7143,1.0000,0,0,0.9999,1
720,14,15,4,1,0,5,0,1,0,100,Type1,9,9,1,5,1,0.0001,277,0,-1.0000,0.0000,5,1,7,552,552,96,749,1,3,1.0000,0.7143,0,0,0.9999,1
735,20,109,5,0,0,3,0,1,1,100,Type1,5,5,1,7,0,0.0000,-1,0,0.0000,0.0000,9,6,4,355,123,1549,204,1,1,1.0000,1.0000,0,0,1.0000,1
735,21,109,5,0,0,3,0,1,1,100,Type1,5,5,1,7,0,0.0000,-1,0,0.0000,0.0000,8,6,4,355,123,3603,204,1,1,1.0000,1.0000,0,0,1.0000,1
735,49,113,10,0,0,3,0,1,1,100,Type1,5,5,1,6,0,0.0000,-1,0,0.0000,0.0000,6,4,4,157,123,120,204,2,1,0.5000,1.0000,0,0,1.0000,1
735,50,109,5,0,0,3,0,1,0,100,Type1,5,5,1,7,0,0.0000,-1,0,0.0000,0.0000,7,4,4,162,123,853,204,1,1,1.0000,1.0000,0,0,1.0000,1
735,52,113,10,0,0,3,0,1,1,100,Type1,5,5,1,6,0,0.0000,-1,0,0.0000,0.0000,8,5,4,162,123,783,204,1,1,1.0000,1.0000,0,0,1.0000,1
735,65,109,5,0,0,3,0,1,1,100,Type1,5,5,1,7,0,0.0000,-1,0,0.0000,0.0000,3,1,4,134,123,160,204,1,1,1.0000,1.0000,0,0,1.0000,1
735,74,113,10,0,0,3,0,1,1,100,Type1,5,5,1,6,0,0.0000,-1,0,0.0000,0.0000,3,1,4,134,123,160,204,1,1,1.0000,1.0000,0,0,1.0000,1
735,82,114,16,0,0,1,0,1,1,100,Type1,10,10,1,4,0,0.0000,-1,0,0.0000,0.0000,1,2,2,134,123,320,177,1,1,1.0000,1.0000,0,0,1.0000,1
735,83,114,16,0,0,1,0,1,1,100,Type1,10,10,1,4,0,0.0000,-1,0,0.0000,0.0000,1,3,2,134,123,224,177,1,1,1.0000,1.0000,0,0,1.0000,1
735,118,125,41,4,0,0,1,1,0,100,Type1,5,5,0,2,0,1.0000,0,-1,0.0000,1.0000,0,4,4,123,120,77,77,1,1,1.0000,1.0000,0,0,0.0000,0
737,20,21,5,2,4,4,0,1,1,100,Type1,5,5,1,7,1,0.0006,262,0,-0.0350,0.0000,6,6,6,355,355,1549,3603,1,1,1.0000,1.0000,0,0,0.9994,1
737,21,50,5,0,1,3,0,1,0,100,Type1,5,5,1,7,0,0.0000,-1,0,0.0000,0.0000,10,6,4,355,162,3603,853,1,1,1.0000,1.0000,0,0,1.0000,1
737,21,65,5,0,1,0,0,1,1,100,Type1,5,5,1,7,0,0.0000,-1,0,0.0000,0.0000,6,6,1,355,134,3603,160,1,1,1.0000,1.0000,0,0,1.0000,1
737,21,109,5,0,1,3,0,1,1,100,Type1,5,5,1,7,0,0.0000,-1,0,0.0000,0.0000,9,6,4,355,123,3603,204,1,1,1.0000,1.0000,0,0,1.0000,1
737,34,35,21,4,3,7,0,1,1,100,Type1,7,7,1,3,1,0.1063,78,0,0.0714,0.0000,3,24,11,355,355,3037,3734,2,2,0.8333,0.8182,0,0,0.8937,1
737,35,91,21,0,2,0,0,1,1,100,Type1,7,7,1,3,0,0.0000,-1,0,0.0000,0.0000,11,11,1,355,134,3734,160,2,1,0.8182,1.0000,0,0,1.0000,1
737,38,126,22,0,0,2,0,1,0,100,Type1,6,6,1,6,0,0.0000,-1,0,0.0000,0.0000,8,11,4,355,117,1954,185,1,1,1.0000,1.0000,0,0,1.0000,1
737,39,126,22,1,0,1,1,1,0,100,Type1,6,6,0,6,0,0.2423,38,0,-1.0000,0.0000,1,6,4,355,117,1858,185,1,1,1.0000,1.0000,0,0,0.7577,1
737,45,46,18,2,2,5,0,1,0,100,Type1,5,5,1,6,1,0.1064,78,0,-0.5390,0.0000,3,10,7,230,230,839,440,2,2,0.8000,0.7143,0,0,0.8936,1
737,46,55,18,1,3,3,0,1,0,100,Type1,5,5,1,6,0,0.0527,79,0,-0.2059,0.0000,3,7,4,230,162,440,773,2,1,0.7143,1.0000,0,0,0.9473,1
737,46,86,18,0,2,0,0,1,1,100,Type1,5,5,1,6,0,0.0000,-1,0,0.0000,0.0000,7,7,1,230,134,440,160,2,1,0.7143,1.0000,0,0,1.0000,1
737,46,87,18,0,2,0,0,1,0,100,Type1,5,5,1,6,0,0.0000,-1,0,0.0000,0.0000,7,7,1,230,134,440,160,2,1,0.7143,1.0000,0,0,1.0000,1
737,57,58,37,1,3,3,0,1,1,100,Type1,5,5,1,2,1,0.0527,79,0,-0.2059,0.0000,3,4,4,162,162,147,773,2,1,0.5000,1.0000,0,0,0.9473,1
737,92,126,22,0,0,2,0,1,0,100,Type1,13,6,1,6,0,0.0000,-1,0,0.0000,0.0000,2,1,4,114,117,160,185,1,1,1.0000,1.0000,0,0,1.0000,1
737,93,126,22,0,0,2,0,1,0,100,Type1,13,6,1,6,0,0.0000,-1,0,0.0000,0.0000,2,2,4,114,117,69,185,1,1,1.0000,1.0000,0,0,1.0000,1
737,96,126,22,0,0,2,0,1,0,100,Type1,6,6,1,6,0,0.0000,-1,0,0.0000,0.0000,2,1,4,134,117,160,185,1,1,1.0000,1.0000,0,0,1.0000,1
741,131,132,40,1,0,0,1,1,0,100,Type1,5,5,0,2,0,1.0000,0,-1,0.0000,1.0000,0,5,5,75,75,95,95,1,1,1.0000,1.0000,0,0,0.0000,0
743,131,132,40,2,0,0,1,1,0,100,Type1,5,5,0,2,0,1.0000,0,-1,0.0000,1.0000,0,5,5,75,75,95,95,1,1,1.0000,1.0000,0,0,0.0000,0
745,131,132,40,3,0,0,1,1,0,100,Type1,5,5,0,2,0,1.0000,0,-1,0.0000,1.0000,0,5,5,75,75,95,95,1,1,1.0000,1.0000,0,0,0.0000,0
755,20,65,5,0,0,1,0,1,1,100,Type1,5,5,1,7,0,0.0000,-1,0,0.0000,0.0000,7,6,1,355,134,1549,160,1,1,1.0000,1.0000,0,0,1.0000,1
755,21,65,5,0,1,1,0,1,1,100,Type1,5,5,1,7,0,0.0000,-1,0,0.0000,0.0000,7,6,1,355,134,3603,160,1,1,1.0000,1.0000,0,0,1.0000,1
755,24,68,7,0,0,1,0,1,0,100,Type1,5,5,1,9,0,0.0000,-1,0,0.0000,0.0000,8,12,1,355,134,1911,160,1,1,1.0000,1.0000,0,0,1.0000,1
755,24,69,7,0,0,1,0,1,0,100,Type1,5,5,1,9,0,0.0000,-1,0,0.0000,0.0000,8,12,1,355,134,1911,160,1,1,1.0000,1.0000,0,0,1.0000,1
755,24,70,7,0,0,3,0,1,0,100,Type1,5,5,1,9,0,0.0000,-1,0,0.0000,0.0000,10,12,3,355,134,1911,271,1,1,1.0000,1.0000,0,0,1.0000,1
755,24,71,7,0,0,1,0,1,0,100,Type1,5,5,1,9,0,0.0000,-1,0,0.0000,0.0000,8,12,1,355,134,1911,160,1,1,1.0000,1.0000,0,0,1.0000,1
755,34,91,21,0,0,1,0,1,1,100,Type1,7,7,1,3,0,0.0000,-1,0,0.0000,0.0000,11,24,1,355,134,3037,160,2,1,0.8333,1.0000,0,0,1.0000,1
755,35,91,21,0,2,1,0,1,1,100,Type1,7,7,1,3,0,0.0000,-1,0,0.0000,0.0000,12,11,1,355,134,3734,160,2,1,0.8182,1.0000,0,0,1.0000,1
755,38,92,22,0,0,1,0,1,0,100,Type1,6,13,1,6,0,0.0000,-1,0,0.0000,0.0000,7,11,1,355,114,1954,160,1,1,1.0000,1.0000,0,0,1.0000,1
755,38,96,22,0,0,1,0,1,1,100,Type1,6,6,1,6,0,0.0000,-1,0,0.0000,0.0000,7,11,1,355,134,1954,160,1,1,1.0000,1.0000,0,0,1.0000,1
755,39,92,22,0,1,1,0,1,0,100,Type1,6,13,1,6,0,0.0000,-1,0,0.0000,0.0000,6,6,1,355,114,1858,160,1,1,1.0000,1.0000,0,0,1.0000,1
755,39,96,22,0,1,1,0,1,0,100,Type1,6,6,1,6,0,0.0000,-1,0,0.0000,0.0000,6,6,1,355,134,1858,160,1,1,1.0000,1.0000,0,0,1.0000,1
755,45,86,18,0,0,1,0,1,0,100,Type1,5,5,1,6,0,0.0000,-1,0,0.0000,0.0000,5,10,1,230,134,839,160,2,1,0.8000,1.0000,0,0,1.0000,1
755,45,87,18,0,0,1,0,1,1,100,Type1,5,5,1,6,0,0.0000,-1,0,0.0000,0.0000,5,10,1,230,134,839,160,2,1,0.8000,1.0000,0,0,1.0000,1
755,46,86,18,0,2,1,0,1,1,100,Type1,5,5,1,6,0,0.0000,-1,0,0.0000,0.0000,8,7,1,230,134,440,160,2,1,0.7143,1.0000,0,0,1.0000,1
755,46,87,18,0,2,1,0,1,0,100,Type1,5,5,1,6,0,0.0000,-1,0,0.0000,0.0000,8,7,1,230,134,440,160,2,1,0.7143,1.0000,0,0,1.0000,1
755,49,74,10,0,0,1,0,1,1,100,Type1,5,5,1,6,0,0.0000,-1,0,0.0000,0.0000,4,4,1,157,134,120,160,2,1,0.5000,1.0000,0,0,1.0000,1
755,50,65,5,0,0,1,0,1,0,100,Type1,5,5,1,7,0,0.0000,-1,0,0.0000,0.0000,5,4,1,162,134,853,160,1,1,1.0000,1.0000,0,0,1.0000,1
755,52,74,10,0,0,1,0,1,1,100,Type1,5,5,1,6,0,0.0000,-1,0,0.0000,0.0000,6,5,1,162,134,783,160,1,1,1.0000,1.0000,0,0,1.0000,1
755,55,86,18,0,0,1,0,1,0,100,Type1,5,5,1,6,0,0.0000,-1,0,0.0000,0.0000,5,4,1,162,134,773,160,1,1,1.0000,1.0000,0,0,1.0000,1
755,55,87,18,0,0,1,0,1,0,100,Type1,5,5,1,6,0,0.0000,-1,0,0.0000,0.0000,5,4,1,162,134,773,160,1,1,1.0000,1.0000,0,0,1.0000,1
755,63,68,7,0,0,1,0,1,1,100,Type1,5,5,1,9,0,0.0000,-1,0,0.0000,0.0000,1,4,1,152,134,340,160,1,1,1.0000,1.0000,0,0,1.0000,1
755,63,69,7,0,0,1,0,1,0,100,Type1,5,5,1,9,0,0.0000,-1,0,0.0000,0.0000,1,4,1,152,134,340,160,1,1,1.0000,1.0000,0,0,1.0000,1
755,63,70,7,0,0,3,0,1,0,100,Type1,5,5,1,9,0,0.0000,-1,0,0.0000,0.0000,3,4,3,152,134,340,271,1,1,1.0000,1.0000,0,0,1.0000,1
755,63,71,7,0,0,1,0,1,0,100,Type1,5,5,1,9,0,0.0000,-1,0,0.0000,0.0000,1,4,1,152,134,340,160,1,1,1.0000,1.0000,0,0,1.0000,1
755,64,68,7,0,0,1,0,1,0,100,Type1,5,5,1,9,0,0.0000,-1,0,0.0000,0.0000,2,10,1,152,134,626,160,1,1,1.0000,1.0000,0,0,1.0000,1
755,64,69,7,0,0,1,0,1,0,100,Type1,5,5,1,9,0,0.0000,-1,0,0.0000,0.0000,2,10,1,152,134,626,160,1,1,1.0000,1.0000,0,0,1.0000,1
755,64,70,7,0,0,3,0,1,0,100,Type1,5,5,1,9,0,0.0000,-1,0,0.0000,0.0000,4,10,3,152,134,626,271,1,1,1.0000,1.0000,0,0,1.0000,1
755,64,71,7,0,0,1,0,1,0,100,Type1,5,5,1,9,0,0.0000,-1,0,0.0000,0.0000,2,10,1,152,134,626,160,1,1,1.0000,1.0000,0,0,1.0000,1
755,65,109,5,0,1,3,0,1,1,100,Type1,5,5,1,7,0,0.0000,-1,0,0.0000,0.0000,4,1,4,134,123,160,204,1,1,1.0000,1.0000,0,0,1.0000,1
755,68,69,7,1,0,0,1,1,0,100,Type1,5,5,0,9,1,1.0000,0,-1,1.0000,1.0000,0,1,1,134,134,160,160,1,1,1.0000,1.0000,0,0,0.0000,0
755,68,70,7,1,0,2,1,1,0,100,Type1,5,5,0,9,1,0.7564,0,55,1.0000,1.0000,0,1,3,134,134,160,271,1,1,1.0000,1.0000,0,0,0.2436,0
755,68,71,7,1,0,0,1,1,0,100,Type1,5,5,0,9,1,1.0000,0,-1,1.0000,1.0000,0,1,1,134,134,160,160,1,1,1.0000,1.0000,0,0,0.0000,0
755,69,70,7,1,0,2,1,1,0,100,Type1,5,5,0,9,1,0.7564,0,55,1.0000,1.0000,0,1,3,134,134,160,271,1,1,1.0000,1.0000,0,0,0.2436,0
755,69,71,7,1,0,0,1,1,0,100,Type1,5,5,0,9,1,1.0000,0,-1,1.0000,1.0000,0,1,1,134,134,160,160,1,1,1.0000,1.0000,0,0,0.0000,0
755,70,71,7,1,2,0,1,1,0,100,Type1,5,5,0,9,1,0.7564,0,55,1.0000,1.0000,0,3,1,134,134,271,160,1,1,1.0000,1.0000,0,0,0.2436,0
755,74,113,10,0,1,3,0,1,1,100,Type1,5,5,1,6,0,0.0000,-1,0,0.0000,0.0000,4,1,4,134,123,160,204,1,1,1.0000,1.0000,0,0,1.0000,1
755,78,79,13,1,0,0,1,1,1,100,Type1,6,6,0,3,1,1.0000,0,-1,1.0000,1.0000,0,1,1,134,134,160,160,1,1,1.0000,1.0000,0,0,0.0000,0
755,81,133,12,1,0,0,1,1,1,100,Type1,8,8,0,6,1,1.0000,0,-1,0.0000,1.0000,0,1,1,134,61,160,160,1,1,1.0000,1.0000,0,0,0.0000,0
755,81,134,12,0,1,0,1,1,1,100,Type1,8,8,0,6,0,0.0000,-1,0,0.0000,0.0000,1,1,0,134,61,160,0,1,0,1.0000,0.0000,0,0,1.0000,1
755,82,83,16,0,1,0,0,1,1,100,Type1,10,10,1,4,0,0.0000,-1,0,0.0000,0.0000,2,2,3,134,134,320,224,1,1,1.0000,1.0000,0,0,1.0000,1
755,82,114,16,0,1,1,0,1,1,100,Type1,10,10,1,4,0,0.0000,-1,0,0.0000,0.0000,3,2,2,134,123,320,177,1,1,1.0000,1.0000,0,0,1.0000,1
755,84,85,17,0,1,0,0,1,1,100,Type1,18,18,1,3,0,0.0000,-1,0,0.0000,0.0000,1,1,3,134,134,160,224,1,1,1.0000,1.0000,0,0,1.0000,1
755,86,87,18,1,0,0,1,1,0,100,Type1,5,5,0,6,1,1.0000,0,-1,1.0000,1.0000,0,1,1,134,134,160,160,1,1,1.0000,1.0000,0,0,0.0000,0
755,88,89,19,0,1,0,0,1,1,100,Type1,18,18,1,3,0,0.0000,-1,0,0.0000,0.0000,1,1,3,134,134,160,224,1,1,1.0000,1.0000,0,0,1.0000,1
755,92,93,22,0,1,0,0,1,1,100,Type1,13,13,1,6,0,0.0000,-1,0,0.0000,0.0000,1,1,2,114,114,160,69,1,1,1.0000,1.0000,0,0,1.0000,1
755,92,96,22,1,0,0,1,1,0,100,Type1,13,6,0,6,0,1.0000,0,-1,1.0000,1.0000,0,1,1,114,134,160,160,1,1,1.0000,1.0000,0,0,0.0000,0
755,92,126,22,0,1,2,0,1,0,100,Type1,13,6,1,6,0,0.0000,-1,0,0.0000,0.0000,3,1,4,114,117,160,185,1,1,1.0000,1.0000,0,0,1.0000,1
755,93,96,22,0,0,1,0,1,0,100,Type1,13,6,1,6,0,0.0000,-1,0,0.0000,0.0000,1,2,1,114,134,69,160,1,1,1.0000,1.0000,0,0,1.0000,1
755,96,126,22,0,1,2,0,1,0,100,Type1,6,6,1,6,0,0.0000,-1,0,0.0000,0.0000,3,1,4,134,117,160,185,1,1,1.0000,1.0000,0,0,1.0000,1
755,97,101,24,0,0,1,1,1,0,100,Type1,30,10,0,4,0,0.0000,-1,0,0.0000,0.0000,1,0,1,114,134,0,160,0,1,0.0000,1.0000,0,0,1.0000,1
755,98,101,24,0,0,1,0,1,0,100,Type1,30,10,1,4,0,0.0000,-1,0,0.0000,0.0000,1,0,1,114,134,0,160,0,1,0.0000,1.0000,0,0,1.0000,1
755,99,100,23,0,3,0,0,1,0,100,Type1,8,8,1,2,0,0.0000,-1,0,0.0000,0.0000,3,3,6,134,134,271,329,1,1,1.0000,1.0000,0,0,1.0000,1
755,101,102,24,0,1,0,0,1,0,100,Type1,10,10,1,4,0,0.0000,-1,0,0.0000,0.0000,1,1,3,134,134,160,412,1,1,1.0000,1.0000,0,0,1.0000,1
755,103,104,27,0,2,0,0,1,0,100,Type1,6,6,1,6,0,0.0000,-1,0,0.0000,0.0000,2,2,0,80,80,257,0,1,0,1.0000,0.0000,0,0,1.0000,1
755,103,105,27,1,1,0,1,1,0,100,Type1,6,20,0,6,0,0.8389,0,55,1.0000,1.0000,0,2,1,80,114,257,160,1,1,1.0000,1.0000,0,0,0.1611,0
755,103,106,27,0,2,0,0,1,0,100,Type1,6,20,1,6,0,0.0000,-1,0,0.0000,0.0000,2,2,3,80,114,257,135,1,1,1.0000,1.0000,0,0,1.0000,1
755,104,105,27,0,0,1,0,1,0,100,Type1,6,20,1,6,0,0.0000,-1,0,0.0000,0.0000,1,0,1,80,114,0,160,0,1,0.0000,1.0000,0,0,1.0000,1
755,105,106,27,0,1,0,0,1,0,100,Type1,20,20,1,6,0,0.0000,-1,0,0.0000,0.0000,1,1,3,114,114,160,135,1,1,1.0000,1.0000,0,0,1.0000,1
755,133,134,12,0,1,0,1,1,1,100,Type1,8,8,0,6,0,0.0000,-1,0,0.0000,0.0000,1,1,0,61,61,160,0,1,0,1.0000,0.0000,0,0,1.0000,1
755,135,136,14,1,0,0,1,1,1,100,Type1,8,8,0,6,1,1.0000,0,-1,0.0000,1.0000,0,1,1,61,61,160,160,1,1,1.0000,1.0000,0,0,0.0000,0
756,38,39,22,3,3,3,0,1,0,100,Type1,6,6,1,6,0,0.0005,279,0,-0.0907,0.0000,5,11,6,355,355,1954,1858,1,1,1.0000,1.0000,0,0,0.9995,1
756,38,126,22,0,0,3,0,1,0,100,Type1,6,6,1,6,0,0.0000,-1,0,0.0000,0.0000,9,11,4,355,117,1954,185,1,1,1.0000,1.0000,0,0,1.0000,1
756,39,92,22,0,2,1,0,1,0,100,Type1,6,13,1,6,0,0.0000,-1,0,0.0000,0.0000,7,6,1,355,114,1858,160,1,1,1.0000,1.0000,0,0,1.0000,1
756,39,93,22,0,2,0,0,1,0,100,Type1,6,13,1,6,0,0.0000,-1,0,0.0000,0.0000,6,6,2,355,114,1858,69,1,1,1.0000,1.0000,0,0,1.0000,1
756,39,96,22,0,2,1,0,1,0,100,Type1,6,6,1,6,0,0.0000,-1,0,0.0000,0.0000,7,6,1,355,134,1858,160,1,1,1.0000,1.0000,0,0,1.0000,1
756,39,126,22,2,0,1,1,1,0,100,Type1,6,6,0,6,0,0.6762,0,19,-0.3612,1.0000,0,6,4,355,117,1858,185,1,1,1.0000,1.0000,0,0,0.3238,0
756,92,126,22,0,1,3,0,1,0,100,Type1,13,6,1,6,0,0.0000,-1,0,0.0000,0.0000,4,1,4,114,117,160,185,1,1,1.0000,1.0000,0,0,1.0000,1
756,93,126,22,0,0,3,0,1,0,100,Type1,13,6,1,6,0,0.0000,-1,0,0.0000,0.0000,3,2,4,114,117,69,185,1,1,1.0000,1.0000,0,0,1.0000,1
756,96,126,22,0,1,3,0,1,0,100,Type1,6,6,1,6,0,0.0000,-1,0,0.0000,0.0000,4,1,4,134,117,160,185,1,1,1.0000,1.0000,0,0,1.0000,1
756,124,138,39,0,0,1,0,1,0,100,Type1,8,8,1,2,0,0.0000,-1,0,0.0000,0.0000,2,2,1,123,60,164,36,1,1,1.0000,1.0000,0,0,1.0000,1
756,131,132,40,4,0,0,1,1,0,100,Type1,5,5,0,2,0,1.0000,0,-1,0.0000,1.0000,0,5,5,75,75,95,95,1,1,1.0000,1.0000,0,0,0.0000,0
760,38,126,22,0,0,4,0,1,0,100,Type1,6,6,1,6,0,0.0000,-1,0,0.0000,0.0000,10,11,4,355,117,1954,185,1,1,1.0000,1.0000,0,0,1.0000,1
760,39,126,22,2,0,2,1,1,0,100,Type1,6,6,0,6,0,0.4109,4,0,-0.6287,0.4700,1,6,4,355,117,1858,185,1,1,1.0000,1.0000,0,0,0.5891,1
760,92,126,22,0,1,4,0,1,0,100,Type1,13,6,1,6,0,0.0000,-1,0,0.0000,0.0000,5,1,4,114,117,160,185,1,1,1.0000,1.0000,0,0,1.0000,1
760,93,126,22,0,0,4,0,1,0,100,Type1,13,6,1,6,0,0.0000,-1,0,0.0000,0.0000,4,2,4,114,117,69,185,1,1,1.0000,1.0000,0,0,1.0000,1
760,96,126,22,0,1,4,0,1,0,100,Type1,6,6,1,6,0,0.0000,-1,0,0.0000,0.0000,5,1,4,134,117,160,185,1,1,1.0000,1.0000,0,0,1.0000,1
760,131,132,40,5,0,0,1,1,0,100,Type1,5,5,0,2,0,1.0000,0,-1,0.0000,1.0000,0,5,5,75,75,95,95,1,1,1.0000,1.0000,0,0,0.0000,0
763,24,63,7,1,1,0,1,1,0,100,Type1,5,5,0,9,0,0.9512,0,99,1.0000,1.0000,0,12,4,355,152,1911,340,1,1,1.0000,1.0000,0,0,0.0488,0
763,24,64,7,1,1,0,1,1,0,100,Type1,5,5,0,9,0,0.0488,99,0,-1.0000,0.0000,1,12,10,355,152,1911,626,1,1,1.0000,1.0000,0,0,0.9512,1
763,24,68,7,0,1,1,0,1,0,100,Type1,5,5,1,9,0,0.0000,-1,0,0.0000,0.0000,9,12,1,355,134,1911,160,1,1,1.0000,1.0000,0,0,1.0000,1
763,24,69,7,0,1,1,0,1,0,100,Type1,5,5,1,9,0,0.0000,-1,0,0.0000,0.0000,9,12,1,355,134,1911,160,1,1,1.0000,1.0000,0,0,1.0000,1
763,24,70,7,0,1,3,0,1,0,100,Type1,5,5,1,9,0,0.0000,-1,0,0.0000,0.0000,11,12,3,355,134,1911,271,1,1,1.0000,1.0000,0,0,1.0000,1
763,24,71,7,0,1,1,0,1,0,100,Type1,5,5,1,9,0,0.0000,-1,0,0.0000,0.0000,9,12,1,355,134,1911,160,1,1,1.0000,1.0000,0,0,1.0000,1
763,63,64,7,0,1,1,1,1,0,100,Type1,5,5,0,9,1,0.0000,-1,0,0.0000,0.0000,2,4,10,152,152,340,626,1,1,1.0000,1.0000,0,0,1.0000,1
763,63,68,7,0,1,1,0,1,1,100,Type1,5,5,1,9,0,0.0000,-1,0,0.0000,0.0000,2,4,1,152,134,340,160,1,1,1.0000,1.0000,0,0,1.0000,1
763,63,69,7,0,1,1,0,1,0,100,Type1,5,5,1,9,0,0.0000,-1,0,0.0000,0.0000,2,4,1,152,134,340,160,1,1,1.0000,1.0000,0,0,1.0000,1
763,63,70,7,0,1,3,0,1,0,100,Type1,5,5,1,9,0,0.0000,-1,0,0.0000,0.0000,4,4,3,152,134,340,271,1,1,1.0000,1.0000,0,0,1.0000,1
763,63,71,7,0,1,1,0,1,0,100,Type1,5,5,1,9,0,0.0000,-1,0,0.0000,0.0000,2,4,1,152,134,340,160,1,1,1.0000,1.0000,0,0,1.0000,1
763,99,100,23,0,3,1,0,1,0,100,Type1,8,8,1,2,0,0.0000,-1,0,0.0000,0.0000,4,3,6,134,134,271,329,1,1,1.0000,1.0000,0,0,1.0000,1
763,105,106,27,0,1,1,0,1,0,100,Type1,20,20,1,6,0,0.0000,-1,0,0.0000,0.0000,2,1,3,114,114,160,135,1,1,1.0000,1.0000,0,0,1.0000,1
774,145,146,31,0,0,1,0,1,1,100,Type1,10,10,1,2,0,0.0000,-1,0,0.0000,0.0000,1,0,1,45,45,0,14,0,1,0.0000,1.0000,0,0,1.0000,1
774,147,148,32,0,0,1,0,1,1,100,Type1,5,5,1,2,0,0.0000,-1,0,0.0000,0.0000,1,0,1,45,45,0,14,0,1,0.0000,1.0000,0,0,1.0000,1
777,11,12,3,1,6,0,0,1,1,100,Type1,5,5,1,4,1,0.0000,334,0,-1.0000,0.0000,6,7,1,574,574,749,134,3,1,0.7143,1.0000,0,0,1.0000,1
777,11,13,3,1,6,0,0,1,1,100,Type1,5,5,1,4,1,0.0000,334,0,-1.0000,0.0000,6,7,1,574,552,749,96,3,1,0.7143,1.0000,0,0,1.0000,1
777,14,15,4,1,0,6,0,1,0,100,Type1,9,9,1,5,1,0.0000,334,0,-1.0000,0.0000,6,1,7,552,552,96,749,1,3,1.0000,0.7143,0,0,1.0000,1
785,20,109,5,0,0,4,0,1,1,100,Type1,5,5,1,7,0,0.0000,-1,0,0.0000,0.0000,10,6,4,355,123,1549,204,1,1,1.0000,1.0000,0,0,1.0000,1
785,21,109,5,0,1,4,0,1,1,100,Type1,5,5,1,7,0,0.0000,-1,0,0.0000,0.0000,10,6,4,355,123,3603,204,1,1,1.0000,1.0000,0,0,1.0000,1
785,28,112,9,0,0,1,0,1,1,100,Type1,12,12,1,3,0,0.0000,-1,0,0.0000,0.0000,6,8,1,355,123,1749,155,1,1,1.0000,1.0000,0,0,1.0000,1
785,49,113,10,0,0,4,0,1,1,100,Type1,5,5,1,6,0,0.0000,-1,0,0.0000,0.0000,7,4,4,157,123,120,204,2,1,0.5000,1.0000,0,0,1.0000,1
785,50,109,5,0,0,4,0,1,0,100,Type1,5,5,1,7,0,0.0000,-1,0,0.0000,0.0000,8,4,4,162,123,853,204,1,1,1.0000,1.0000,0,0,1.0000,1
785,52,113,10,0,0,4,0,1,1,100,Type1,5,5,1,6,0,0.0000,-1,0,0.0000,0.0000,9,5,4,162,123,783,204,1,1,1.0000,1.0000,0,0,1.0000,1
785,65,109,5,0,1,4,0,1,1,100,Type1,5,5,1,7,0,0.0000,-1,0,0.0000,0.0000,5,1,4,134,123,160,204,1,1,1.0000,1.0000,0,0,1.0000,1
785,73,112,9,0,0,1,0,1,1,100,Type1,12,12,1,3,0,0.0000,-1,0,0.0000,0.0000,1,0,1,134,123,0,155,0,1,0.0000,1.0000,0,0,1.0000,1
785,74,113,10,0,1,4,0,1,1,100,Type1,5,5,1,6,0,0.0000,-1,0,0.0000,0.0000,5,1,4,134,123,160,204,1,1,1.0000,1.0000,0,0,1.0000,1
785,82,114,16,0,1,2,0,1,1,100,Type1,10,10,1,4,0,0.0000,-1,0,0.0000,0.0000,4,2,2,134,123,320,177,1,1,1.0000,1.0000,0,0,1.0000,1
785,83,114,16,0,0,2,0,1,1,100,Type1,10,10,1,4,0,0.0000,-1,0,0.0000,0.0000,2,3,2,134,123,224,177,1,1,1.0000,1.0000,0,0,1.0000,1
785,124,138,39,0,1,1,0,1,0,100,Type1,8,8,1,2,0,0.0000,-1,0,0.0000,0.0000,3,2,1,123,60,164,36,1,1,1.0000,1.0000,0,0,1.0000,1
791,24,63,7,2,1,0,1,1,0,100,Type1,5,5,0,9,0,0.9848,0,127,1.0000,1.0000,0,12,4,355,152,1911,340,1,1,1.0000,1.0000,0,0,0.0152,0
791,24,64,7,2,1,0,1,1,0,100,Type1,5,5,0,9,0,0.7031,0,28,-0.3015,1.0000,0,12,10,355,152,1911,626,1,1,1.0000,1.0000,0,0,0.2969,0
791,24,68,7,0,2,1,0,1,0,100,Type1,5,5,1,9,0,0.0000,-1,0,0.0000,0.0000,10,12,1,355,134,1911,160,1,1,1.0000,1.0000,0,0,1.0000,1
791,24,69,7,0,2,1,0,1,0,100,Type1,5,5,1,9,0,0.0000,-1,0,0.0000,0.0000,10,12,1,355,134,1911,160,1,1,1.0000,1.0000,0,0,1.0000,1
791,24,70,7,0,2,3,0,1,0,100,Type1,5,5,1,9,0,0.0000,-1,0,0.0000,0.0000,12,12,3,355,134,1911,271,1,1,1.0000,1.0000,0,0,1.0000,1
791,24,71,7,0,2,1,0,1,0,100,Type1,5,5,1,9,0,0.0000,-1,0,0.0000,0.0000,10,12,1,355,134,1911,160,1,1,1.0000,1.0000,0,0,1.0000,1
791,26,51,8,0,2,2,0,1,1,100,Type1,17,17,1,4,0,0.0000,-1,0,0.0000,0.0000,10,10,2,355,162,1864,758,2,1,0.9000,1.0000,0,0,1.0000,1
791,26,72,8,0,1,0,0,1,1,100,Type1,17,17,1,4,0,0.0000,-1,0,0.0000,0.0000,8,10,0,355,134,1864,0,2,0,0.9000,0.0000,0,0,1.0000,1
791,28,73,9,0,1,0,0,1,1,100,Type1,12,12,1,3,0,0.0000,-1,0,0.0000,0.0000,6,8,0,355,134,1749,0,1,0,1.0000,0.0000,0,0,1.0000,1
791,28,112,9,0,1,1,0,1,1,100,Type1,12,12,1,3,0,0.0000,-1,0,0.0000,0.0000,7,8,1,355,123,1749,155,1,1,1.0000,1.0000,0,0,1.0000,1
791,31,76,11,0,0,1,0,1,1,100,Type1,12,12,1,8,0,0.0000,-1,0,0.0000,0.0000,2,1,3,355,134,1691,224,1,1,1.0000,1.0000,0,0,1.0000,1
791,34,35,21,4,4,7,0,1,1,100,Type1,7,7,1,3,1,0.0278,132,0,-0.0079,0.0000,6,24,11,355,355,3037,3734,2,2,0.8333,0.8182,0,0,0.9722,1
791,34,91,21,0,1,1,0,1,1,100,Type1,7,7,1,3,0,0.0000,-1,0,0.0000,0.0000,14,24,1,355,134,3037,160,2,1,0.8333,1.0000,0,0,1.0000,1
791,38,39,22,3,4,3,0,1,0,100,Type1,6,6,1,6,0,0.0002,314,0,-0.0907,0.0000,6,11,6,355,355,1954,1858,1,1,1.0000,1.0000,0,0,0.9998,1
791,38,92,22,0,1,1,0,1,0,100,Type1,6,13,1,6,0,0.0000,-1,0,0.0000,0.0000,8,11,1,355,114,1954,160,1,1,1.0000,1.0000,0,0,1.0000,1
791,38,93,22,1,0,0,1,1,0,100,Type1,6,13,0,6,0,1.0000,0,127,1.0000,1.0000,0,11,2,355,114,1954,69,1,1,1.0000,1.0000,0,0,0.0000,0
791,38,96,22,0,1,1,0,1,1,100,Type1,6,6,1,6,0,0.0000,-1,0,0.0000,0.0000,8,11,1,355,134,1954,160,1,1,1.0000,1.0000,0,0,1.0000,1
791,38,126,22,0,1,4,0,1,0,100,Type1,6,6,1,6,0,0.0000,-1,0,0.0000,0.0000,11,11,4,355,117,1954,185,1,1,1.0000,1.0000,0,0,1.0000,1
791,39,93,22,0,2,1,0,1,0,100,Type1,6,13,1,6,0,0.0000,-1,0,0.0000,0.0000,7,6,2,355,114,1858,69,1,1,1.0000,1.0000,0,0,1.0000,1
791,45,46,18,2,3,5,0,1,0,100,Type1,5,5,1,6,1,0.0278,132,0,-0.4090,0.0000,4,10,7,230,230,839,440,2,2,0.8000,0.7143,0,0,0.9722,1
791,45,55,18,1,3,3,0,1,0,100,Type1,5,5,1,6,0,0.0166,133,0,-0.1652,0.0000,3,10,4,230,162,839,773,2,1,0.8000,1.0000,0,0,0.9834,1
791,45,86,18,0,1,1,0,1,0,100,Type1,5,5,1,6,0,0.0000,-1,0,0.0000,0.0000,6,10,1,230,134,839,160,2,1,0.8000,1.0000,0,0,1.0000,1
791,45,87,18,0,1,1,0,1,1,100,Type1,5,5,1,6,0,0.0000,-1,0,0.0000,0.0000,6,10,1,230,134,839,160,2,1,0.8000,1.0000,0,0,1.0000,1
791,49,52,10,2,2,3,0,1,1,100,Type1,5,5,1,6,0,0.0338,132,0,-0.3354,0.0000,2,4,5,157,162,120,783,2,1,0.5000,1.0000,0,0,0.9662,1
791,49,74,10,0,1,1,0,1,1,100,Type1,5,5,1,6,0,0.0000,-1,0,0.0000,0.0000,5,4,1,157,134,120,160,2,1,0.5000,1.0000,0,0,1.0000,1
791,49,113,10,0,1,4,0,1,1,100,Type1,5,5,1,6,0,0.0000,-1,0,0.0000,0.0000,8,4,4,157,123,120,204,2,1,0.5000,1.0000,0,0,1.0000,1
791,61,62,29,1,2,0,0,1,1,100,Type1,26,26,1,7,1,0.0183,132,0,-0.4626,0.0000,2,4,1,137,137,134,6,2,1,0.7500,1.0000,0,0,0.9817,1
791,61,141,29,0,1,0,0,1,0,100,Type1,26,15,1,7,0,0.0000,-1,0,0.0000,0.0000,3,4,0,137,45,134,0,2,0,0.7500,0.0000,0,0,1.0000,1
791,61,142,29,0,1,0,0,1,0,100,Type1,26,15,1,7,0,0.0000,-1,0,0.0000,0.0000,3,4,0,137,45,134,0,2,0,0.7500,0.0000,0,0,1.0000,1
791,63,64,7,1,1,1,1,1,0,100,Type1,5,5,0,9,1,0.6878,0,28,0.6985,1.0000,0,4,10,152,152,340,626,1,1,1.0000,1.0000,0,0,0.3122,0
791,63,68,7,0,2,1,0,1,1,100,Type1,5,5,1,9,0,0.0000,-1,0,0.0000,0.0000,3,4,1,152,134,340,160,1,1,1.0000,1.0000,0,0,1.0000,1
791,63,69,7,0,2,1,0,1,0,100,Type1,5,5,1,9,0,0.0000,-1,0,0.0000,0.0000,3,4,1,152,134,340,160,1,1,1.0000,1.0000,0,0,1.0000,1
791,63,70,7,0,2,3,0,1,0,100,Type1,5,5,1,9,0,0.0000,-1,0,0.0000,0.0000,5,4,3,152,134,340,271,1,1,1.0000,1.0000,0,0,1.0000,1
791,63,71,7,0,2,1,0,1,0,100,Type1,5,5,1,9,0,0.0000,-1,0,0.0000,0.0000,3,4,1,152,134,340,160,1,1,1.0000,1.0000,0,0,1.0000,1
791,64,68,7,0,1,1,0,1,0,100,Type1,5,5,1,9,0,0.0000,-1,0,0.0000,0.0000,4,10,1,152,134,626,160,1,1,1.0000,1.0000,0,0,1.0000,1
791,64,69,7,0,1,1,0,1,0,100,Type1,5,5,1,9,0,0.0000,-1,0,0.0000,0.0000,4,10,1,152,134,626,160,1,1,1.0000,1.0000,0,0,1.0000,1
791,64,70,7,0,1,3,0,1,0,100,Type1,5,5,1,9,0,0.0000,-1,0,0.0000,0.0000,6,10,3,152,134,626,271,1,1,1.0000,1.0000,0,0,1.0000,1
791,64,71,7,0,1,1,0,1,0,100,Type1,5,5,1,9,0,0.0000,-1,0,0.0000,0.0000,4,10,1,152,134,626,160,1,1,1.0000,1.0000,0,0,1.0000,1
791,75,76,11,0,0,1,0,1,1,100,Type1,12,12,1,8,0,0.0000,-1,0,0.0000,0.0000,1,0,3,134,134,0,224,0,1,0.0000,1.0000,0,0,1.0000,1
791,82,83,16,0,1,1,0,1,1,100,Type1,10,10,1,4,0,0.0000,-1,0,0.0000,0.0000,3,2,3,134,134,320,224,1,1,1.0000,1.0000,0,0,1.0000,1
791,83,114,16,0,1,2,0,1,1,100,Type1,10,10,1,4,0,0.0000,-1,0,0.0000,0.0000,3,3,2,134,123,224,177,1,1,1.0000,1.0000,0,0,1.0000,1
791,84,85,17,0,1,1,0,1,1,100,Type1,18,18,1,3,0,0.0000,-1,0,0.0000,0.0000,2,1,3,134,134,160,224,1,1,1.0000,1.0000,0,0,1.0000,1
791,88,89,19,0,1,1,0,1,1,100,Type1,18,18,1,3,0,0.0000,-1,0,0.0000,0.0000,2,1,3,134,134,160,224,1,1,1.0000,1.0000,0,0,1.0000,1
791,92,93,22,0,1,1,0,1,1,100,Type1,13,13,1,6,0,0.0000,-1,0,0.0000,0.0000,2,1,2,114,114,160,69,1,1,1.0000,1.0000,0,0,1.0000,1
791,93,96,22,0,1,1,0,1,0,100,Type1,13,6,1,6,0,0.0000,-1,0,0.0000,0.0000,2,2,1,114,134,69,160,1,1,1.0000,1.0000,0,0,1.0000,1
791,93,126,22,0,1,4,0,1,0,100,Type1,13,6,1,6,0,0.0000,-1,0,0.0000,0.0000,5,2,4,114,117,69,185,1,1,1.0000,1.0000,0,0,1.0000,1
791,97,102,24,0,0,1,0,1,0,100,Type1,30,10,1,4,0,0.0000,-1,0,0.0000,0.0000,1,0,3,114,134,0,412,0,1,0.0000,1.0000,0,0,1.0000,1
791,98,102,24,0,0,1,1,1,0,100,Type1,30,10,0,4,0,0.0000,-1,0,0.0000,0.0000,1,0,3,114,134,0,412,0,1,0.0000,1.0000,0,0,1.0000,1
791,99,100,23,0,3,2,0,1,0,100,Type1,8,8,1,2,0,0.0000,-1,0,0.0000,0.0000,5,3,6,134,134,271,329,1,1,1.0000,1.0000,0,0,1.0000,1
791,101,102,24,0,1,1,0,1,0,100,Type1,10,10,1,4,0,0.0000,-1,0,0.0000,0.0000,2,1,3,134,134,160,412,1,1,1.0000,1.0000,0,0,1.0000,1
791,105,106,27,0,1,2,0,1,0,100,Type1,20,20,1,6,0,0.0000,-1,0,0.0000,0.0000,3,1,3,114,114,160,135,1,1,1.0000,1.0000,0,0,1.0000,1
793,24,63,7,3,1,0,1,1,0,100,Type1,5,5,0,9,0,0.9912,0,129,1.0000,1.0000,0,12,4,355,152,1911,340,1,1,1.0000,1.0000,0,0,0.0088,0
793,24,64,7,3,1,0,1,1,0,100,Type1,5,5,0,9,0,0.8284,0,30,-0.1731,1.0000,0,12,10,355,152,1911,626,1,1,1.0000,1.0000,0,0,0.1716,0
793,24,68,7,0,3,1,0,1,0,100,Type1,5,5,1,9,0,0.0000,-1,0,0.0000,0.0000,11,12,1,355,134,1911,160,1,1,1.0000,1.0000,0,0,1.0000,1
793,24,69,7,0,3,1,0,1,0,100,Type1,5,5,1,9,0,0.0000,-1,0,0.0000,0.0000,11,12,1,355,134,1911,160,1,1,1.0000,1.0000,0,0,1.0000,1
793,24,70,7,0,3,3,0,1,0,100,Type1,5,5,1,9,0,0.0000,-1,0,0.0000,0.0000,13,12,3,355,134,1911,271,1,1,1.0000,1.0000,0,0,1.0000,1
793,24,71,7,0,3,1,0,1,0,100,Type1,5,5,1,9,0,0.0000,-1,0,0.0000,0.0000,11,12,1,355,134,1911,160,1,1,1.0000,1.0000,0,0,1.0000,1
793,26,51,8,0,3,2,0,1,1,100,Type1,17,17,1,4,0,0.0000,-1,0,0.0000,0.0000,11,10,2,355,162,1864,758,2,1,0.9000,1.0000,0,0,1.0000,1
793,26,72,8,0,2,0,0,1,1,100,Type1,17,17,1,4,0,0.0000,-1,0,0.0000,0.0000,9,10,0,355,134,1864,0,2,0,0.9000,0.0000,0,0,1.0000,1
793,28,73,9,0,2,0,0,1,1,100,Type1,12,12,1,3,0,0.0000,-1,0,0.0000,0.0000,7,8,0,355,134,1749,0,1,0,1.0000,0.0000,0,0,1.0000,1
793,28,112,9,0,2,1,0,1,1,100,Type1,12,12,1,3,0,0.0000,-1,0,0.0000,0.0000,8,8,1,355,123,1749,155,1,1,1.0000,1.0000,0,0,1.0000,1
793,31,76,11,0,0,2,0,1,1,100,Type1,12,12,1,8,0,0.0000,-1,0,0.0000,0.0000,3,1,3,355,134,1691,224,1,1,1.0000,1.0000,0,0,1.0000,1
793,38,39,22,3,5,3,0,1,0,100,Type1,6,6,1,6,0,0.0001,316,0,-0.0907,0.0000,7,11,6,355,355,1954,1858,1,1,1.0000,1.0000,0,0,0.9999,1
793,38,92,22,0,2,1,0,1,0,100,Type1,6,13,1,6,0,0.0000,-1,0,0.0000,0.0000,9,11,1,355,114,1954,160,1,1,1.0000,1.0000,0,0,1.0000,1
793,38,93,22,2,0,0,1,1,0,100,Type1,6,13,0,6,0,1.0000,0,129,1.0000,1.0000,0,11,2,355,114,1954,69,1,1,1.0000,1.0000,0,0,0.0000,0
793,38,96,22,0,2,1,0,1,1,100,Type1,6,6,1,6,0,0.0000,-1,0,0.0000,0.0000,9,11,1,355,134,1954,160,1,1,1.0000,1.0000,0,0,1.0000,1
793,38,126,22,0,2,4,0,1,0,100,Type1,6,6,1,6,0,0.0000,-1,0,0.0000,0.0000,12,11,4,355,117,1954,185,1,1,1.0000,1.0000,0,0,1.0000,1
793,39,93,22,0,2,2,0,1,0,100,Type1,6,13,1,6,0,0.0000,-1,0,0.0000,0.0000,8,6,2,355,114,1858,69,1,1,1.0000,1.0000,0,0,1.0000,1
793,45,46,18,2,4,5,0,1,0,100,Type1,5,5,1,6,1,0.0156,134,0,-0.4090,0.0000,5,10,7,230,230,839,440,2,2,0.8000,0.7143,0,0,0.9844,1
793,45,55,18,1,4,3,0,1,0,100,Type1,5,5,1,6,0,0.0085,135,0,-0.1652,0.0000,4,10,4,230,162,839,773,2,1,0.8000,1.0000,0,0,0.9915,1
793,45,86,18,0,2,1,0,1,0,100,Type1,5,5,1,6,0,0.0000,-1,0,0.0000,0.0000,7,10,1,230,134,839,160,2,1,0.8000,1.0000,0,0,1.0000,1
793,45,87,18,0,2,1,0,1,1,100,Type1,5,5,1,6,0,0.0000,-1,0,0.0000,0.0000,7,10,1,230,134,839,160,2,1,0.8000,1.0000,0,0,1.0000,1
793,61,62,29,1,3,0,0,1,1,100,Type1,26,26,1,7,1,0.0091,134,0,-0.4626,0.0000,3,4,1,137,137,134,6,2,1,0.7500,1.0000,0,0,0.9909,1
793,61,141,29,0,2,0,0,1,0,100,Type1,26,15,1,7,0,0.0000,-1,0,0.0000,0.0000,4,4,0,137,45,134,0,2,0,0.7500,0.0000,0,0,1.0000,1
793,61,142,29,0,2,0,0,1,0,100,Type1,26,15,1,7,0,0.0000,-1,0,0.0000,0.0000,4,4,0,137,45,134,0,2,0,0.7500,0.0000,0,0,1.0000,1
793,63,64,7,2,1,1,1,1,0,100,Type1,5,5,0,9,1,0.8196,0,30,0.8269,1.0000,0,4,10,152,152,340,626,1,1,1.0000,1.0000,0,0,0.1804,0
793,63,68,7,0,3,1,0,1,1,100,Type1,5,5,1,9,0,0.0000,-1,0,0.0000,0.0000,4,4,1,152,134,340,160,1,1,1.0000,1.0000,0,0,1.0000,1
793,63,69,7,0,3,1,0,1,0,100,Type1,5,5,1,9,0,0.0000,-1,0,0.0000,0.0000,4,4,1,152,134,340,160,1,1,1.0000,1.0000,0,0,1.0000,1
793,63,70,7,0,3,3,0,1,0,100,Type1,5,5,1,9,0,0.0000,-1,0,0.0000,0.0000,6,4,3,152,134,340,271,1,1,1.0000,1.0000,0,0,1.0000,1
793,63,71,7,0,3,1,0,1,0,100,Type1,5,5,1,9,0,0.0000,-1,0,0.0000,0.0000,4,4,1,152,134,340,160,1,1,1.0000,1.0000,0,0,1.0000,1
793,64,68,7,0,2,1,0,1,0,100,Type1,5,5,1,9,0,0.0000,-1,0,0.0000,0.0000,6,10,1,152,134,626,160,1,1,1.0000,1.0000,0,0,1.0000,1
793,64,69,7,0,2,1,0,1,0,100,Type1,5,5,1,9,0,0.0000,-1,0,0.0000,0.0000,6,10,1,152,134,626,160,1,1,1.0000,1.0000,0,0,1.0000,1
793,64,70,7,0,2,3,0,1,0,100,Type1,5,5,1,9,0,0.0000,-1,0,0.0000,0.0000,8,10,3,152,134,626,271,1,1,1.0000,1.0000,0,0,1.0000,1
793,64,71,7,0,2,1,0,1,0,100,Type1,5,5,1,9,0,0.0000,-1,0,0.0000,0.0000,6,10,1,152,134,626,160,1,1,1.0000,1.0000,0,0,1.0000,1
793,75,76,11,0,0,2,0,1,1,100,Type1,12,12,1,8,0,0.0000,-1,0,0.0000,0.0000,2,0,3,134,134,0,224,0,1,0.0000,1.0000,0,0,1.0000,1
793,82,83,16,0,1,2,0,1,1,100,Type1,10,10,1,4,0,0.0000,-1,0,0.0000,0.0000,4,2,3,134,134,320,224,1,1,1.0000,1.0000,0,0,1.0000,1
793,83,114,16,0,2,2,0,1,1,100,Type1,10,10,1,4,0,0.0000,-1,0,0.0000,0.0000,4,3,2,134,123,224,177,1,1,1.0000,1.0000,0,0,1.0000,1
793,84,85,17,0,1,2,0,1,1,100,Type1,18,18,1,3,0,0.0000,-1,0,0.0000,0.0000,3,1,3,134,134,160,224,1,1,1.0000,1.0000,0,0,1.0000,1
793,88,89,19,0,1,2,0,1,1,100,Type1,18,18,1,3,0,0.0000,-1,0,0.0000,0.0000,3,1,3,134,134,160,224,1,1,1.0000,1.0000,0,0,1.0000,1
793,92,93,22,0,1,2,0,1,1,100,Type1,13,13,1,6,0,0.0000,-1,0,0.0000,0.0000,3,1,2,114,114,160,69,1,1,1.0000,1.0000,0,0,1.0000,1
793,93,96,22,0,2,1,0,1,0,100,Type1,13,6,1,6,0,0.0000,-1,0,0.0000,0.0000,3,2,1,114,134,69,160,1,1,1.0000,1.0000,0,0,1.0000,1
793,93,126,22,0,2,4,0,1,0,100,Type1,13,6,1,6,0,0.0000,-1,0,0.0000,0.0000,6,2,4,114,117,69,185,1,1,1.0000,1.0000,0,0,1.0000,1
793,99,100,23,0,3,3,0,1,0,100,Type1,8,8,1,2,0,0.0000,-1,0,0.0000,0.0000,6,3,6,134,134,271,329,1,1,1.0000,1.0000,0,0,1.0000,1
793,105,106,27,0,1,3,0,1,0,100,Type1,20,20,1,6,0,0.0000,-1,0,0.0000,0.0000,4,1,3,114,114,160,135,1,1,1.0000,1.0000,0,0,1.0000,1
797,24,63,7,3,2,0,1,1,0,100,Type1,5,5,0,9,0,0.6716,4,0,0.6756,0.6326,1,12,4,355,152,1911,340,1,1,1.0000,1.0000,0,0,0.3284,0
797,24,64,7,3,2,0,1,1,0,100,Type1,5,5,0,9,0,0.8837,0,34,-0.1170,1.0000,0,12,10,355,152,1911,626,1,1,1.0000,1.0000,0,0,0.1163,0
797,24,68,7,0,4,1,0,1,0,100,Type1,5,5,1,9,0,0.0000,-1,0,0.0000,0.0000,12,12,1,355,134,1911,160,1,1,1.0000,1.0000,0,0,1.0000,1
797,24,69,7,0,4,1,0,1,0,100,Type1,5,5,1,9,0,0.0000,-1,0,0.0000,0.0000,12,12,1,355,134,1911,160,1,1,1.0000,1.0000,0,0,1.0000,1
797,24,70,7,0,4,3,0,1,0,100,Type1,5,5,1,9,0,0.0000,-1,0,0.0000,0.0000,14,12,3,355,134,1911,271,1,1,1.0000,1.0000,0,0,1.0000,1
797,24,71,7,0,4,1,0,1,0,100,Type1,5,5,1,9,0,0.0000,-1,0,0.0000,0.0000,12,12,1,355,134,1911,160,1,1,1.0000,1.0000,0,0,1.0000,1
797,28,73,9,0,3,0,0,1,1,100,Type1,12,12,1,3,0,0.0000,-1,0,0.0000,0.0000,8,8,0,355,134,1749,0,1,0,1.0000,0.0000,0,0,1.0000,1
797,28,112,9,0,3,1,0,1,1,100,Type1,12,12,1,3,0,0.0000,-1,0,0.0000,0.0000,9,8,1,355,123,1749,155,1,1,1.0000,1.0000,0,0,1.0000,1
797,31,76,11,0,0,3,0,1,1,100,Type1,12,12,1,8,0,0.0000,-1,0,0.0000,0.0000,4,1,3,355,134,1691,224,1,1,1.0000,1.0000,0,0,1.0000,1
797,34,35,21,4,5,7,0,1,1,100,Type1,7,7,1,3,1,0.0104,138,0,-0.0253,0.0000,11,24,11,355,355,3037,3734,2,2,0.8333,0.8182,0,0,0.9896,1
797,34,91,21,0,2,1,0,1,1,100,Type1,7,7,1,3,0,0.0000,-1,0,0.0000,0.0000,19,24,1,355,134,3037,160,2,1,0.8333,1.0000,0,0,1.0000,1
797,38,39,22,3,6,3,0,1,0,100,Type1,6,6,1,6,0,0.0001,320,0,-0.0907,0.0000,8,11,6,355,355,1954,1858,1,1,1.0000,1.0000,0,0,0.9999,1
797,38,96,22,0,3,1,0,1,1,100,Type1,6,6,1,6,0,0.0000,-1,0,0.0000,0.0000,10,11,1,355,134,1954,160,1,1,1.0000,1.0000,0,0,1.0000,1
797,38,126,22,0,3,4,0,1,0,100,Type1,6,6,1,6,0,0.0000,-1,0,0.0000,0.0000,13,11,4,355,117,1954,185,1,1,1.0000,1.0000,0,0,1.0000,1
797,45,46,18,2,5,5,0,1,0,100,Type1,5,5,1,6,1,0.0104,138,0,-0.4090,0.0000,6,10,7,230,230,839,440,2,2,0.8000,0.7143,0,0,0.9896,1
797,45,55,18,1,5,3,0,1,0,100,Type1,5,5,1,6,0,0.0055,139,0,-0.1652,0.0000,5,10,4,230,162,839,773,2,1,0.8000,1.0000,0,0,0.9945,1
797,45,86,18,0,3,1,0,1,0,100,Type1,5,5,1,6,0,0.0000,-1,0,0.0000,0.0000,8,10,1,230,134,839,160,2,1,0.8000,1.0000,0,0,1.0000,1
797,45,87,18,0,3,1,0,1,1,100,Type1,5,5,1,6,0,0.0000,-1,0,0.0000,0.0000,8,10,1,230,134,839,160,2,1,0.8000,1.0000,0,0,1.0000,1
797,75,76,11,0,0,3,0,1,1,100,Type1,12,12,1,8,0,0.0000,-1,0,0.0000,0.0000,3,0,3,134,134,0,224,0,1,0.0000,1.0000,0,0,1.0000,1
797,82,83,16,0,1,3,0,1,1,100,Type1,10,10,1,4,0,0.0000,-1,0,0.0000,0.0000,5,2,3,134,134,320,224,1,1,1.0000,1.0000,0,0,1.0000,1
797,83,114,16,0,3,2,0,1,1,100,Type1,10,10,1,4,0,0.0000,-1,0,0.0000,0.0000,5,3,2,134,123,224,177,1,1,1.0000,1.0000,0,0,1.0000,1
797,84,85,17,0,1,3,0,1,1,100,Type1,18,18,1,3,0,0.0000,-1,0,0.0000,0.0000,4,1,3,134,134,160,224,1,1,1.0000,1.0000,0,0,1.0000,1
797,88,89,19,0,1,3,0,1,1,100,Type1,18,18,1,3,0,0.0000,-1,0,0.0000,0.0000,4,1,3,134,134,160,224,1,1,1.0000,1.0000,0,0,1.0000,1
797,99,100,23,0,3,4,0,1,0,100,Type1,8,8,1,2,0,0.0000,-1,0,0.0000,0.0000,7,3,6,134,134,271,329,1,1,1.0000,1.0000,0,0,1.0000,1
797,101,102,24,0,1,2,0,1,0,100,Type1,10,10,1,4,0,0.0000,-1,0,0.0000,0.0000,3,1,3,134,134,160,412,1,1,1.0000,1.0000,0,0,1.0000,1
797,149,150,25,0,0,1,0,1,0,100,Type1,10,10,1,2,0,0.0000,-1,0,0.0000,0.0000,1,0,2,19,19,0,183,0,1,0.0000,1.0000,0,0,1.0000,1
797,151,152,27,0,1,0,0,1,1,100,Type1,18,18,1,6,0,0.0000,-1,0,0.0000,0.0000,1,1,0,19,19,155,0,1,0,1.0000,0.0000,0,0,1.0000,1
798,24,63,7,3,3,0,1,1,0,100,Type1,5,5,0,9,0,0.5041,5,0,0.5064,0.4589,2,12,4,355,152,1911,340,1,1,1.0000,1.0000,0,0,0.4959,0
798,24,64,7,3,3,0,1,1,0,100,Type1,5,5,0,9,0,0.9127,0,35,-0.0877,1.0000,0,12,10,355,152,1911,626,1,1,1.0000,1.0000,0,0,0.0873,0
798,24,68,7,0,5,1,0,1,0,100,Type1,5,5,1,9,0,0.0000,-1,0,0.0000,0.0000,13,12,1,355,134,1911,160,1,1,1.0000,1.0000,0,0,1.0000,1
798,24,69,7,0,5,1,0,1,0,100,Type1,5,5,1,9,0,0.0000,-1,0,0.0000,0.0000,13,12,1,355,134,1911,160,1,1,1.0000,1.0000,0,0,1.0000,1
798,24,70,7,0,5,3,0,1,0,100,Type1,5,5,1,9,0,0.0000,-1,0,0.0000,0.0000,15,12,3,355,134,1911,271,1,1,1.0000,1.0000,0,0,1.0000,1
798,24,71,7,0,5,1,0,1,0,100,Type1,5,5,1,9,0,0.0000,-1,0,0.0000,0.0000,13,12,1,355,134,1911,160,1,1,1.0000,1.0000,0,0,1.0000,1
798,34,35,21,4,6,7,0,1,1,100,Type1,7,7,1,3,1,0.0078,139,0,-0.0279,0.0000,14,24,11,355,355,3037,3734,2,2,0.8333,0.8182,0,0,0.9922,1
798,34,91,21,0,3,1,0,1,1,100,Type1,7,7,1,3,0,0.0000,-1,0,0.0000,0.0000,22,24,1,355,134,3037,160,2,1,0.8333,1.0000,0,0,1.0000,1
798,45,46,18,2,6,5,0,1,0,100,Type1,5,5,1,6,1,0.0078,139,0,-0.4090,0.0000,7,10,7,230,230,839,440,2,2,0.8000,0.7143,0,0,0.9922,1
798,45,55,18,1,6,3,0,1,0,100,Type1,5,5,1,6,0,0.0040,140,0,-0.1652,0.0000,6,10,4,230,162,839,773,2,1,0.8000,1.0000,0,0,0.9960,1
798,45,86,18,0,4,1,0,1,0,100,Type1,5,5,1,6,0,0.0000,-1,0,0.0000,0.0000,9,10,1,230,134,839,160,2,1,0.8000,1.0000,0,0,1.0000,1
798,45,87,18,0,4,1,0,1,1,100,Type1,5,5,1,6,0,0.0000,-1,0,0.0000,0.0000,9,10,1,230,134,839,160,2,1,0.8000,1.0000,0,0,1.0000,1
798,99,100,23,0,3,5,0,1,0,100,Type1,8,8,1,2,0,0.0000,-1,0,0.0000,0.0000,8,3,6,134,134,271,329,1,1,1.0000,1.0000,0,0,1.0000,1
800,24,63,7,3,3,1,1,1,0,100,Type1,5,5,0,9,0,0.3985,7,0,0.4000,0.3553,3,12,4,355,152,1911,340,1,1,1.0000,1.0000,0,0,0.6015,1
800,26,51,8,0,4,2,0,1,1,100,Type1,17,17,1,4,0,0.0000,-1,0,0.0000,0.0000,12,10,2,355,162,1864,758,2,1,0.9000,1.0000,0,0,1.0000,1
800,26,72,8,0,3,0,0,1,1,100,Type1,17,17,1,4,0,0.0000,-1,0,0.0000,0.0000,10,10,0,355,134,1864,0,2,0,0.9000,0.0000,0,0,1.0000,1
800,34,35,21,4,7,7,0,1,1,100,Type1,7,7,1,3,1,0.0061,141,0,-0.0055,0.0000,17,24,11,355,355,3037,3734,2,2,0.8333,0.8182,0,0,0.9939,1
800,34,91,21,0,4,1,0,1,1,100,Type1,7,7,1,3,0,0.0000,-1,0,0.0000,0.0000,25,24,1,355,134,3037,160,2,1,0.8333,1.0000,0,0,1.0000,1
800,38,39,22,3,7,3,0,1,0,100,Type1,6,6,1,6,0,0.0000,323,0,-0.0907,0.0000,9,11,6,355,355,1954,1858,1,1,1.0000,1.0000,0,0,1.0000,1
800,38,96,22,0,4,1,0,1,1,100,Type1,6,6,1,6,0,0.0000,-1,0,0.0000,0.0000,11,11,1,355,134,1954,160,1,1,1.0000,1.0000,0,0,1.0000,1
800,38,126,22,0,4,4,0,1,0,100,Type1,6,6,1,6,0,0.0000,-1,0,0.0000,0.0000,14,11,4,355,117,1954,185,1,1,1.0000,1.0000,0,0,1.0000,1
800,45,46,18,2,7,5,0,1,0,100,Type1,5,5,1,6,1,0.0061,141,0,-0.4090,0.0000,8,10,7,230,230,839,440,2,2,0.8000,0.7143,0,0,0.9939,1
800,45,55,18,1,7,3,0,1,0,100,Type1,5,5,1,6,0,0.0031,142,0,-0.1652,0.0000,7,10,4,230,162,839,773,2,1,0.8000,1.0000,0,0,0.9969,1
800,45,86,18,0,5,1,0,1,0,100,Type1,5,5,1,6,0,0.0000,-1,0,0.0000,0.0000,10,10,1,230,134,839,160,2,1,0.8000,1.0000,0,0,1.0000,1
800,45,87,18,0,5,1,0,1,1,100,Type1,5,5,1,6,0,0.0000,-1,0,0.0000,0.0000,10,10,1,230,134,839,160,2,1,0.8000,1.0000,0,0,1.0000,1
800,63,64,7,2,2,1,1,1,0,100,Type1,5,5,0,9,1,0.5389,0,2,0.5408,0.5811,0,4,10,152,152,340,626,1,1,1.0000,1.0000,0,0,0.4611,0
800,63,68,7,0,4,1,0,1,1,100,Type1,5,5,1,9,0,0.0000,-1,0,0.0000,0.0000,5,4,1,152,134,340,160,1,1,1.0000,1.0000,0,0,1.0000,1
800,63,69,7,0,4,1,0,1,0,100,Type1,5,5,1,9,0,0.0000,-1,0,0.0000,0.0000,5,4,1,152,134,340,160,1,1,1.0000,1.0000,0,0,1.0000,1
800,63,70,7,0,4,3,0,1,0,100,Type1,5,5,1,9,0,0.0000,-1,0,0.0000,0.0000,7,4,3,152,134,340,271,1,1,1.0000,1.0000,0,0,1.0000,1
800,63,71,7,0,4,1,0,1,0,100,Type1,5,5,1,9,0,0.0000,-1,0,0.0000,0.0000,5,4,1,152,134,340,160,1,1,1.0000,1.0000,0,0,1.0000,1
800,101,102,24,0,1,3,0,1,0,100,Type1,10,10,1,4,0,0.0000,-1,0,0.0000,0.0000,4,1,3,134,134,160,412,1,1,1.0000,1.0000,0,0,1.0000,1
805,153,154,33,0,1,0,1,1,0,100,Type1,7,7,0,2,0,0.0000,-1,0,0.0000,0.0000,1,2,0,11,11,115,0,1,0,1.0000,0.0000,0,0,1.0000,1
809,24,64,7,3,3,1,1,1,0,100,Type1,5,5,0,9,0,0.5663,11,0,-0.4349,0.0000,3,12,10,355,152,1911,626,1,1,1.0000,1.0000,0,0,0.4337,0
809,38,39,22,3,8,3,0,1,0,100,Type1,6,6,1,6,0,0.0000,332,0,-0.0907,0.0000,10,11,6,355,355,1954,1858,1,1,1.0000,1.0000,0,0,1.0000,1
809,38,96,22,0,5,1,0,1,1,100,Type1,6,6,1,6,0,0.0000,-1,0,0.0000,0.0000,12,11,1,355,134,1954,160,1,1,1.0000,1.0000,0,0,1.0000,1
809,38,126,22,0,5,4,0,1,0,100,Type1,6,6,1,6,0,0.0000,-1,0,0.0000,0.0000,15,11,4,355,117,1954,185,1,1,1.0000,1.0000,0,0,1.0000,1
809,63,64,7,2,2,2,1,1,0,100,Type1,5,5,0,9,1,0.4229,9,0,0.4241,0.4329,2,4,10,152,152,340,626,1,1,1.0000,1.0000,0,0,0.5771,1
809,64,68,7,0,3,1,0,1,0,100,Type1,5,5,1,9,0,0.0000,-1,0,0.0000,0.0000,11,10,1,152,134,626,160,1,1,1.0000,1.0000,0,0,1.0000,1
809,64,69,7,0,3,1,0,1,0,100,Type1,5,5,1,9,0,0.0000,-1,0,0.0000,0.0000,11,10,1,152,134,626,160,1,1,1.0000,1.0000,0,0,1.0000,1
809,64,70,7,0,3,3,0,1,0,100,Type1,5,5,1,9,0,0.0000,-1,0,0.0000,0.0000,13,10,3,152,134,626,271,1,1,1.0000,1.0000,0,0,1.0000,1
809,64,71,7,0,3,1,0,1,0,100,Type1,5,5,1,9,0,0.0000,-1,0,0.0000,0.0000,11,10,1,152,134,626,160,1,1,1.0000,1.0000,0,0,1.0000,1
809,99,100,23,0,3,6,0,1,0,100,Type1,8,8,1,2,0,0.0000,-1,0,0.0000,0.0000,9,3,6,134,134,271,329,1,1,1.0000,1.0000,0,0,1.0000,1
809,149,150,25,0,0,2,0,1,0,100,Type1,10,10,1,2,0,0.0000,-1,0,0.0000,0.0000,2,0,2,19,19,0,183,0,1,0.0000,1.0000,0,0,1.0000,1
816,153,154,33,0,2,0,1,1,0,100,Type1,7,7,0,2,0,0.0000,-1,0,0.0000,0.0000,2,2,0,11,11,115,0,1,0,1.0000,0.0000,0,0,1.0000,1
