model,verification_revision,gcid,classid,decision_index,prev_change_revision,y_true,y_pred,y_proba,threshold
RandomForest,260,55,11,2,188,0,0,0.3308,0.5
RandomForest,260,55,11,3,260,0,0,0.3308,0.5
RandomForest,260,57,11,2,260,0,0,0.3598,0.5
RandomForest,260,225,15,2,260,0,1,0.5266,0.5
LightGBM,260,55,11,2,188,0,0,0.3486,0.5
LightGBM,260,55,11,3,260,0,0,0.3486,0.5
LightGBM,260,57,11,2,260,0,0,0.3486,0.5
LightGBM,260,225,15,2,260,0,1,0.9317,0.5
XGBoost,260,55,11,2,188,0,1,0.5,0.5
XGBoost,260,55,11,3,260,0,1,0.5,0.5
XGBoost,260,57,11,2,260,0,1,0.5,0.5
XGBoost,260,225,15,2,260,0,1,0.5,0.5
CatBoost,260,55,11,2,188,0,0,0.1316,0.5
CatBoost,260,55,11,3,260,0,0,0.1316,0.5
CatBoost,260,57,11,2,260,0,0,0.209,0.5
CatBoost,260,225,15,2,260,0,1,0.7315,0.5
RandomForest,267,55,11,4,260,0,0,0.2634,0.5
RandomForest,267,71,17,2,260,0,0,0.4056,0.5
RandomForest,267,210,23,2,267,0,0,0.4444,0.5
LightGBM,267,55,11,4,260,0,0,0.0002,0.5
LightGBM,267,71,17,2,260,0,0,0.0157,0.5
LightGBM,267,210,23,2,267,0,1,0.5662,0.5
XGBoost,267,55,11,4,260,0,1,0.5,0.5
XGBoost,267,71,17,2,260,0,1,0.5,0.5
XGBoost,267,210,23,2,267,0,1,0.5,0.5
CatBoost,267,55,11,4,260,0,0,0.0538,0.5
CatBoost,267,71,17,2,260,0,0,0.366,0.5
CatBoost,267,210,23,2,267,0,1,0.8936,0.5
RandomForest,273,120,37,5,187,1,0,0.3445,0.5
RandomForest,273,120,37,6,273,1,0,0.3445,0.5
RandomForest,273,123,38,2,151,0,0,0.221,0.5
RandomForest,273,248,44,2,273,1,0,0.3971,0.5
RandomForest,273,249,44,2,273,1,0,0.4014,0.5
LightGBM,273,120,37,5,187,1,1,0.7644,0.5
LightGBM,273,120,37,6,273,1,1,0.7644,0.5
LightGBM,273,123,38,2,151,0,0,0.3158,0.5
LightGBM,273,248,44,2,273,1,0,0.1991,0.5
LightGBM,273,249,44,2,273,1,0,0.1991,0.5
XGBoost,273,120,37,5,187,1,1,0.5,0.5
XGBoost,273,120,37,6,273,1,1,0.5,0.5
XGBoost,273,123,38,2,151,0,1,0.5,0.5
XGBoost,273,248,44,2,273,1,1,0.5,0.5
XGBoost,273,249,44,2,273,1,1,0.5,0.5
CatBoost,273,120,37,5,187,1,0,0.1993,0.5
CatBoost,273,120,37,6,273,1,0,0.1993,0.5
CatBoost,273,123,38,2,151,0,0,0.0813,0.5
CatBoost,273,248,44,2,273,1,1,0.7317,0.5
CatBoost,273,249,44,2,273,1,1,0.6916,0.5
RandomForest,274,71,17,3,267,0,1,0.3465,0.28
LightGBM,274,71,17,3,267,0,0,0.0068,0.573
XGBoost,274,71,17,3,267,0,1,0.5,0.1
CatBoost,274,71,17,3,267,0,0,0.0111,0.133
RandomForest,282,12,4,2,274,0,0,0.1106,0.28
RandomForest,282,53,11,2,282,0,0,0.1389,0.28
RandomForest,282,55,11,5,267,0,0,0.2217,0.28
RandomForest,282,55,11,6,282,0,0,0.2217,0.28
RandomForest,282,71,17,4,274,0,0,0.2029,0.28
RandomForest,282,210,23,3,267,0,1,0.5147,0.28
RandomForest,282,210,23,4,282,0,1,0.5147,0.28
RandomForest,282,227,22,2,260,0,1,0.6063,0.28
LightGBM,282,12,4,2,274,0,0,0.0007,0.573
LightGBM,282,53,11,2,282,0,0,0.0,0.573
LightGBM,282,55,11,5,267,0,0,0.0,0.573
LightGBM,282,55,11,6,282,0,0,0.0,0.573
LightGBM,282,71,17,4,274,0,0,0.002,0.573
LightGBM,282,210,23,3,267,0,0,0.0065,0.573
LightGBM,282,210,23,4,282,0,0,0.0065,0.573
LightGBM,282,227,22,2,260,0,0,0.0314,0.573
XGBoost,282,12,4,2,274,0,1,0.5,0.1
XGBoost,282,53,11,2,282,0,1,0.5,0.1
XGBoost,282,55,11,5,267,0,1,0.5,0.1
XGBoost,282,55,11,6,282,0,1,0.5,0.1
XGBoost,282,71,17,4,274,0,1,0.5,0.1
XGBoost,282,210,23,3,267,0,1,0.5,0.1
XGBoost,282,210,23,4,282,0,1,0.5,0.1
XGBoost,282,227,22,2,260,0,1,0.5,0.1
CatBoost,282,12,4,2,274,0,0,0.0092,0.133
CatBoost,282,53,11,2,282,0,0,0.0094,0.133
CatBoost,282,55,11,5,267,0,0,0.018,0.133
CatBoost,282,55,11,6,282,0,0,0.018,0.133
CatBoost,282,71,17,4,274,0,0,0.0176,0.133
CatBoost,282,210,23,3,267,0,1,0.2503,0.133
CatBoost,282,210,23,4,282,0,1,0.2503,0.133
CatBoost,282,227,22,2,260,0,1,0.627,0.133
RandomForest,333,120,37,7,273,0,1,0.5465,0.28
RandomForest,333,120,37,8,333,0,1,0.5465,0.28
LightGBM,333,120,37,7,273,0,1,0.9877,0.1
LightGBM,333,120,37,8,333,0,1,0.9877,0.1
XGBoost,333,120,37,7,273,0,1,0.2527,0.1
XGBoost,333,120,37,8,333,0,1,0.2527,0.1
CatBoost,333,120,37,7,273,0,1,0.6987,0.133
CatBoost,333,120,37,8,333,0,1,0.6987,0.133
RandomForest,346,120,37,9,333,0,1,0.3664,0.28
RandomForest,346,120,37,10,346,0,1,0.3664,0.28
LightGBM,346,120,37,9,333,0,0,0.0142,0.1
LightGBM,346,120,37,10,346,0,0,0.0142,0.1
XGBoost,346,120,37,9,333,0,0,0.203,0.263
XGBoost,346,120,37,10,346,0,0,0.203,0.263
CatBoost,346,120,37,9,333,0,0,0.0753,0.133
CatBoost,346,120,37,10,346,0,0,0.0753,0.133
RandomForest,374,123,38,3,273,0,1,0.3057,0.28
RandomForest,374,245,41,2,273,0,1,0.5661,0.28
LightGBM,374,123,38,3,273,0,0,0.0047,0.1
LightGBM,374,245,41,2,273,0,1,0.8548,0.1
XGBoost,374,123,38,3,273,0,0,0.1731,0.263
XGBoost,374,245,41,2,273,0,1,0.5119,0.263
CatBoost,374,123,38,3,273,0,0,0.08,0.133
CatBoost,374,245,41,2,273,0,1,0.1422,0.133
RandomForest,386,123,38,4,374,0,0,0.1396,0.312
RandomForest,386,245,41,3,374,0,1,0.3827,0.312
LightGBM,386,123,38,4,374,0,0,0.0001,0.1
LightGBM,386,245,41,3,374,0,0,0.0002,0.1
XGBoost,386,123,38,4,374,0,0,0.0966,0.263
XGBoost,386,245,41,3,374,0,1,0.3852,0.263
CatBoost,386,123,38,4,374,0,0,0.0194,0.149
CatBoost,386,245,41,3,374,0,0,0.0142,0.149
RandomForest,393,38,6,2,262,0,0,0.0945,0.312
RandomForest,393,38,6,3,393,0,0,0.0945,0.312
RandomForest,393,38,6,4,393,0,0,0.0945,0.312
LightGBM,393,38,6,2,262,0,0,0.0001,0.1
LightGBM,393,38,6,3,393,0,0,0.0001,0.1
LightGBM,393,38,6,4,393,0,0,0.0001,0.1
XGBoost,393,38,6,2,262,0,0,0.057,0.394
XGBoost,393,38,6,3,393,0,0,0.057,0.394
XGBoost,393,38,6,4,393,0,0,0.057,0.394
CatBoost,393,38,6,2,262,0,0,0.005,0.149
CatBoost,393,38,6,3,393,0,0,0.005,0.149
CatBoost,393,38,6,4,393,0,0,0.005,0.149
RandomForest,400,19,4,2,276,0,0,0.1202,0.312
LightGBM,400,19,4,2,276,0,0,0.0001,0.1
XGBoost,400,19,4,2,276,0,0,0.0991,0.394
CatBoost,400,19,4,2,276,0,0,0.0099,0.149
RandomForest,411,34,6,2,235,0,1,0.3341,0.312
LightGBM,411,34,6,2,235,0,1,0.5431,0.1
XGBoost,411,34,6,2,235,0,0,0.3808,0.394
CatBoost,411,34,6,2,235,0,0,0.096,0.149
RandomForest,417,146,48,2,96,0,0,0.309,0.312
LightGBM,417,146,48,2,96,0,1,0.2861,0.1
XGBoost,417,146,48,2,96,0,0,0.1115,0.394
CatBoost,417,146,48,2,96,0,0,0.1246,0.149
RandomForest,420,247,44,2,273,1,1,0.4959,0.312
RandomForest,420,248,44,3,273,1,1,0.492,0.312
LightGBM,420,247,44,2,273,1,0,0.0019,0.1
LightGBM,420,248,44,3,273,1,0,0.0012,0.1
XGBoost,420,247,44,2,273,1,1,0.4802,0.394
XGBoost,420,248,44,3,273,1,1,0.4802,0.394
CatBoost,420,247,44,2,273,1,1,0.3398,0.149
CatBoost,420,248,44,3,273,1,1,0.3263,0.149
RandomForest,424,247,44,3,420,1,1,0.6481,0.312
RandomForest,424,248,44,4,420,1,1,0.6634,0.312
LightGBM,424,247,44,3,420,1,0,0.0899,0.1
LightGBM,424,248,44,4,420,1,0,0.0868,0.1
XGBoost,424,247,44,3,420,1,1,0.769,0.394
XGBoost,424,248,44,4,420,1,1,0.769,0.394
CatBoost,424,247,44,3,420,1,1,0.9923,0.149
CatBoost,424,248,44,4,420,1,1,0.9917,0.149
RandomForest,443,16,4,2,156,1,0,0.0629,0.622
RandomForest,443,19,4,3,400,1,0,0.068,0.622
RandomForest,443,26,4,2,432,1,0,0.0672,0.622
RandomForest,443,27,4,2,226,1,0,0.0701,0.622
RandomForest,443,30,4,2,273,1,0,0.1031,0.622
RandomForest,443,31,5,2,96,1,0,0.4636,0.622
RandomForest,443,32,5,2,96,1,0,0.4636,0.622
RandomForest,443,34,6,3,411,1,0,0.1719,0.622
RandomForest,443,34,6,4,443,1,0,0.1719,0.622
RandomForest,443,34,6,5,443,1,0,0.1719,0.622
RandomForest,443,38,6,5,393,1,0,0.0285,0.622
RandomForest,443,38,6,6,443,1,0,0.0285,0.622
RandomForest,443,38,6,7,443,1,0,0.0285,0.622
RandomForest,443,45,9,2,96,1,0,0.2377,0.622
RandomForest,443,46,9,2,96,1,0,0.2377,0.622
RandomForest,443,77,20,2,218,1,0,0.2054,0.622
RandomForest,443,79,20,2,218,1,0,0.2054,0.622
RandomForest,443,87,23,3,207,1,0,0.0755,0.622
RandomForest,443,87,23,4,443,1,0,0.0755,0.622
RandomForest,443,88,23,3,39,1,0,0.1185,0.622
RandomForest,443,94,26,2,34,1,0,0.2303,0.622
RandomForest,443,95,26,2,34,1,0,0.2303,0.622
RandomForest,443,113,34,2,273,1,0,0.2825,0.622
RandomForest,443,115,34,2,273,1,0,0.2825,0.622
RandomForest,443,120,37,11,346,1,0,0.246,0.622
RandomForest,443,120,37,12,443,1,0,0.246,0.622
RandomForest,443,123,38,5,386,1,0,0.0914,0.622
RandomForest,443,129,41,2,209,1,0,0.1003,0.622
RandomForest,443,134,44,10,190,1,0,0.5232,0.622
RandomForest,443,134,44,11,443,1,0,0.5232,0.622
RandomForest,443,135,44,3,39,1,0,0.5289,0.622
RandomForest,443,136,45,4,190,1,0,0.5208,0.622
RandomForest,443,139,45,10,190,1,0,0.4893,0.622
RandomForest,443,139,45,11,443,1,0,0.4893,0.622
RandomForest,443,146,48,3,417,1,0,0.1639,0.622
RandomForest,443,147,49,3,259,1,0,0.2165,0.622
RandomForest,443,148,49,6,259,1,0,0.1038,0.622
RandomForest,443,148,49,7,443,1,0,0.1038,0.622
RandomForest,443,149,24,3,96,1,0,0.2159,0.622
RandomForest,443,150,44,3,163,1,0,0.5146,0.622
RandomForest,443,151,44,3,163,1,0,0.5295,0.622
RandomForest,443,152,47,3,190,1,0,0.4849,0.622
RandomForest,443,153,47,2,39,1,0,0.4783,0.622
RandomForest,443,155,37,2,163,1,0,0.3151,0.622
RandomForest,443,179,4,2,200,1,0,0.4374,0.622
RandomForest,443,180,4,2,161,1,0,0.0961,0.622
RandomForest,443,182,48,2,163,1,0,0.2998,0.622
RandomForest,443,183,48,2,163,1,0,0.2998,0.622
RandomForest,443,187,42,2,190,1,1,0.7041,0.622
RandomForest,443,188,4,2,200,1,0,0.392,0.622
RandomForest,443,191,6,2,200,1,0,0.4916,0.622
RandomForest,443,193,55,2,201,1,0,0.3646,0.622
RandomForest,443,195,40,2,213,1,0,0.2079,0.622
RandomForest,443,201,14,2,331,1,0,0.151,0.622
RandomForest,443,205,17,2,289,1,0,0.329,0.622
RandomForest,443,208,19,2,331,1,0,0.2496,0.622
RandomForest,443,213,7,2,227,1,0,0.2027,0.622
RandomForest,443,224,10,2,384,1,0,0.2051,0.622
RandomForest,443,235,17,2,265,1,1,0.7032,0.622
RandomForest,443,237,17,2,265,1,1,0.7032,0.622
RandomForest,443,239,16,2,265,1,1,0.7272,0.622
RandomForest,443,242,8,2,273,1,0,0.4394,0.622
RandomForest,443,244,35,2,273,1,0,0.538,0.622
RandomForest,443,245,41,4,386,1,0,0.4373,0.622
RandomForest,443,246,44,2,425,1,0,0.457,0.622
RandomForest,443,247,44,4,424,1,1,0.7364,0.622
RandomForest,443,248,44,5,424,1,1,0.7427,0.622
RandomForest,443,254,15,2,307,1,0,0.5939,0.622
RandomForest,443,255,15,2,307,1,0,0.5939,0.622
RandomForest,443,257,7,2,329,1,0,0.3181,0.622
RandomForest,443,258,5,2,341,1,0,0.338,0.622
RandomForest,443,259,56,2,341,1,0,0.3399,0.622
RandomForest,443,262,15,2,401,1,0,0.3295,0.622
RandomForest,443,264,52,2,417,1,0,0.5114,0.622
RandomForest,443,267,22,2,435,1,0,0.3128,0.622
RandomForest,443,269,23,2,435,1,1,0.6581,0.622
RandomForest,443,271,24,2,435,1,1,0.7402,0.622
LightGBM,443,16,4,2,156,1,0,0.0,0.573
LightGBM,443,19,4,3,400,1,0,0.0,0.573
LightGBM,443,26,4,2,432,1,0,0.0,0.573
LightGBM,443,27,4,2,226,1,0,0.0,0.573
LightGBM,443,30,4,2,273,1,0,0.0,0.573
LightGBM,443,31,5,2,96,1,1,0.8642,0.573
LightGBM,443,32,5,2,96,1,1,0.8642,0.573
LightGBM,443,34,6,3,411,1,0,0.0,0.573
LightGBM,443,34,6,4,443,1,0,0.0,0.573
LightGBM,443,34,6,5,443,1,0,0.0,0.573
LightGBM,443,38,6,5,393,1,0,0.0,0.573
LightGBM,443,38,6,6,443,1,0,0.0,0.573
LightGBM,443,38,6,7,443,1,0,0.0,0.573
LightGBM,443,45,9,2,96,1,0,0.0041,0.573
LightGBM,443,46,9,2,96,1,0,0.0041,0.573
LightGBM,443,77,20,2,218,1,0,0.0006,0.573
LightGBM,443,79,20,2,218,1,0,0.0006,0.573
LightGBM,443,87,23,3,207,1,0,0.0081,0.573
LightGBM,443,87,23,4,443,1,0,0.0081,0.573
LightGBM,443,88,23,3,39,1,0,0.0111,0.573
LightGBM,443,94,26,2,34,1,0,0.0076,0.573
LightGBM,443,95,26,2,34,1,0,0.0076,0.573
LightGBM,443,113,34,2,273,1,0,0.0046,0.573
LightGBM,443,115,34,2,273,1,0,0.0046,0.573
LightGBM,443,120,37,11,346,1,1,0.9792,0.573
LightGBM,443,120,37,12,443,1,1,0.9792,0.573
LightGBM,443,123,38,5,386,1,0,0.0006,0.573
LightGBM,443,129,41,2,209,1,0,0.0,0.573
LightGBM,443,134,44,10,190,1,1,0.7997,0.573
LightGBM,443,134,44,11,443,1,1,0.7997,0.573
LightGBM,443,135,44,3,39,1,1,0.9967,0.573
LightGBM,443,136,45,4,190,1,1,0.9758,0.573
LightGBM,443,139,45,10,190,1,1,0.9901,0.573
LightGBM,443,139,45,11,443,1,1,0.9901,0.573
LightGBM,443,146,48,3,417,1,0,0.0009,0.573
LightGBM,443,147,49,3,259,1,0,0.0011,0.573
LightGBM,443,148,49,6,259,1,0,0.0014,0.573
LightGBM,443,148,49,7,443,1,0,0.0014,0.573
LightGBM,443,149,24,3,96,1,0,0.0009,0.573
LightGBM,443,150,44,3,163,1,1,0.9962,0.573
LightGBM,443,151,44,3,163,1,1,0.9969,0.573
LightGBM,443,152,47,3,190,1,1,0.9942,0.573
LightGBM,443,153,47,2,39,1,1,0.9931,0.573
LightGBM,443,155,37,2,163,1,0,0.3007,0.573
LightGBM,443,179,4,2,200,1,1,0.9118,0.573
LightGBM,443,180,4,2,161,1,0,0.0,0.573
LightGBM,443,182,48,2,163,1,1,0.9071,0.573
LightGBM,443,183,48,2,163,1,1,0.9071,0.573
LightGBM,443,187,42,2,190,1,1,1.0,0.573
LightGBM,443,188,4,2,200,1,1,0.9671,0.573
LightGBM,443,191,6,2,200,1,1,0.9989,0.573
LightGBM,443,193,55,2,201,1,1,0.9985,0.573
LightGBM,443,195,40,2,213,1,0,0.0001,0.573
LightGBM,443,201,14,2,331,1,0,0.0007,0.573
LightGBM,443,205,17,2,289,1,1,0.9846,0.573
LightGBM,443,208,19,2,331,1,0,0.0073,0.573
LightGBM,443,213,7,2,227,1,0,0.0001,0.573
LightGBM,443,224,10,2,384,1,0,0.0,0.573
LightGBM,443,235,17,2,265,1,1,0.9963,0.573
LightGBM,443,237,17,2,265,1,1,0.9963,0.573
LightGBM,443,239,16,2,265,1,1,0.9965,0.573
LightGBM,443,242,8,2,273,1,0,0.0246,0.573
LightGBM,443,244,35,2,273,1,0,0.5468,0.573
LightGBM,443,245,41,4,386,1,0,0.0016,0.573
LightGBM,443,246,44,2,425,1,1,0.6423,0.573
LightGBM,443,247,44,4,424,1,1,0.9927,0.573
LightGBM,443,248,44,5,424,1,1,0.9868,0.573
LightGBM,443,254,15,2,307,1,1,0.9879,0.573
LightGBM,443,255,15,2,307,1,1,0.9879,0.573
LightGBM,443,257,7,2,329,1,0,0.003,0.573
LightGBM,443,258,5,2,341,1,0,0.0788,0.573
LightGBM,443,259,56,2,341,1,1,0.9256,0.573
LightGBM,443,262,15,2,401,1,0,0.0047,0.573
LightGBM,443,264,52,2,417,1,0,0.0685,0.573
LightGBM,443,267,22,2,435,1,0,0.0309,0.573
LightGBM,443,269,23,2,435,1,1,0.9975,0.573
LightGBM,443,271,24,2,435,1,1,0.999,0.573
XGBoost,443,16,4,2,156,1,0,0.0721,0.524
XGBoost,443,19,4,3,400,1,0,0.0652,0.524
XGBoost,443,26,4,2,432,1,0,0.0652,0.524
XGBoost,443,27,4,2,226,1,0,0.0721,0.524
XGBoost,443,30,4,2,273,1,0,0.0689,0.524
XGBoost,443,31,5,2,96,1,0,0.3192,0.524
XGBoost,443,32,5,2,96,1,0,0.3192,0.524
XGBoost,443,34,6,3,411,1,0,0.125,0.524
XGBoost,443,34,6,4,443,1,0,0.125,0.524
XGBoost,443,34,6,5,443,1,0,0.125,0.524
XGBoost,443,38,6,5,393,1,0,0.0297,0.524
XGBoost,443,38,6,6,443,1,0,0.0297,0.524
XGBoost,443,38,6,7,443,1,0,0.0297,0.524
XGBoost,443,45,9,2,96,1,0,0.0655,0.524
XGBoost,443,46,9,2,96,1,0,0.0655,0.524
XGBoost,443,77,20,2,218,1,0,0.0356,0.524
XGBoost,443,79,20,2,218,1,0,0.0356,0.524
XGBoost,443,87,23,3,207,1,0,0.053,0.524
XGBoost,443,87,23,4,443,1,0,0.053,0.524
XGBoost,443,88,23,3,39,1,0,0.053,0.524
XGBoost,443,94,26,2,34,1,0,0.0555,0.524
XGBoost,443,95,26,2,34,1,0,0.0555,0.524
XGBoost,443,113,34,2,273,1,0,0.0402,0.524
XGBoost,443,115,34,2,273,1,0,0.0402,0.524
XGBoost,443,120,37,11,346,1,0,0.207,0.524
XGBoost,443,120,37,12,443,1,0,0.207,0.524
XGBoost,443,123,38,5,386,1,0,0.0306,0.524
XGBoost,443,129,41,2,209,1,0,0.1156,0.524
XGBoost,443,134,44,10,190,1,0,0.4079,0.524
XGBoost,443,134,44,11,443,1,0,0.4079,0.524
XGBoost,443,135,44,3,39,1,0,0.4153,0.524
XGBoost,443,136,45,4,190,1,0,0.218,0.524
XGBoost,443,139,45,10,190,1,0,0.2438,0.524
XGBoost,443,139,45,11,443,1,0,0.2438,0.524
XGBoost,443,146,48,3,417,1,0,0.0826,0.524
XGBoost,443,147,49,3,259,1,0,0.0738,0.524
XGBoost,443,148,49,6,259,1,0,0.0738,0.524
XGBoost,443,148,49,7,443,1,0,0.0738,0.524
XGBoost,443,149,24,3,96,1,0,0.0356,0.524
XGBoost,443,150,44,3,163,1,0,0.4409,0.524
XGBoost,443,151,44,3,163,1,0,0.4288,0.524
XGBoost,443,152,47,3,190,1,0,0.4288,0.524
XGBoost,443,153,47,2,39,1,0,0.4409,0.524
XGBoost,443,155,37,2,163,1,0,0.0777,0.524
XGBoost,443,179,4,2,200,1,0,0.217,0.524
XGBoost,443,180,4,2,161,1,0,0.1156,0.524
XGBoost,443,182,48,2,163,1,0,0.1445,0.524
XGBoost,443,183,48,2,163,1,0,0.1445,0.524
XGBoost,443,187,42,2,190,1,1,0.8665,0.524
XGBoost,443,188,4,2,200,1,0,0.3833,0.524
XGBoost,443,191,6,2,200,1,0,0.4751,0.524
XGBoost,443,193,55,2,201,1,1,0.6076,0.524
XGBoost,443,195,40,2,213,1,0,0.3775,0.524
XGBoost,443,201,14,2,331,1,0,0.084,0.524
XGBoost,443,205,17,2,289,1,1,0.6736,0.524
XGBoost,443,208,19,2,331,1,0,0.2206,0.524
XGBoost,443,213,7,2,227,1,0,0.3775,0.524
XGBoost,443,224,10,2,384,1,0,0.1889,0.524
XGBoost,443,235,17,2,265,1,1,0.8553,0.524
XGBoost,443,237,17,2,265,1,1,0.8553,0.524
XGBoost,443,239,16,2,265,1,1,0.845,0.524
XGBoost,443,242,8,2,273,1,0,0.3907,0.524
XGBoost,443,244,35,2,273,1,1,0.643,0.524
XGBoost,443,245,41,4,386,1,0,0.4128,0.524
XGBoost,443,246,44,2,425,1,1,0.5816,0.524
XGBoost,443,247,44,4,424,1,1,0.657,0.524
XGBoost,443,248,44,5,424,1,1,0.6502,0.524
XGBoost,443,254,15,2,307,1,0,0.5002,0.524
XGBoost,443,255,15,2,307,1,0,0.5002,0.524
XGBoost,443,257,7,2,329,1,1,0.6711,0.524
XGBoost,443,258,5,2,341,1,0,0.4381,0.524
XGBoost,443,259,56,2,341,1,1,0.6476,0.524
XGBoost,443,262,15,2,401,1,0,0.478,0.524
XGBoost,443,264,52,2,417,1,0,0.4842,0.524
XGBoost,443,267,22,2,435,1,0,0.4664,0.524
XGBoost,443,269,23,2,435,1,1,0.5566,0.524
XGBoost,443,271,24,2,435,1,1,0.7778,0.524
CatBoost,443,16,4,2,156,1,0,0.0033,0.149
CatBoost,443,19,4,3,400,1,0,0.0034,0.149
CatBoost,443,26,4,2,432,1,0,0.0032,0.149
CatBoost,443,27,4,2,226,1,0,0.0033,0.149
CatBoost,443,30,4,2,273,1,0,0.0132,0.149
CatBoost,443,31,5,2,96,1,0,0.1433,0.149
CatBoost,443,32,5,2,96,1,0,0.1433,0.149
CatBoost,443,34,6,3,411,1,0,0.0095,0.149
CatBoost,443,34,6,4,443,1,0,0.0095,0.149
CatBoost,443,34,6,5,443,1,0,0.0095,0.149
CatBoost,443,38,6,5,393,1,0,0.0043,0.149
CatBoost,443,38,6,6,443,1,0,0.0043,0.149
CatBoost,443,38,6,7,443,1,0,0.0043,0.149
CatBoost,443,45,9,2,96,1,0,0.0325,0.149
CatBoost,443,46,9,2,96,1,0,0.0325,0.149
CatBoost,443,77,20,2,218,1,0,0.02,0.149
CatBoost,443,79,20,2,218,1,0,0.02,0.149
CatBoost,443,87,23,3,207,1,0,0.0102,0.149
CatBoost,443,87,23,4,443,1,0,0.0102,0.149
CatBoost,443,88,23,3,39,1,0,0.0162,0.149
CatBoost,443,94,26,2,34,1,0,0.0182,0.149
CatBoost,443,95,26,2,34,1,0,0.0182,0.149
CatBoost,443,113,34,2,273,1,0,0.0335,0.149
CatBoost,443,115,34,2,273,1,0,0.0335,0.149
CatBoost,443,120,37,11,346,1,0,0.0997,0.149
CatBoost,443,120,37,12,443,1,0,0.0997,0.149
CatBoost,443,123,38,5,386,1,0,0.0141,0.149
CatBoost,443,129,41,2,209,1,0,0.0059,0.149
CatBoost,443,134,44,10,190,1,0,0.0985,0.149
CatBoost,443,134,44,11,443,1,0,0.0985,0.149
CatBoost,443,135,44,3,39,1,1,0.2127,0.149
CatBoost,443,136,45,4,190,1,1,0.1688,0.149
CatBoost,443,139,45,10,190,1,1,0.3542,0.149
CatBoost,443,139,45,11,443,1,1,0.3542,0.149
CatBoost,443,146,48,3,417,1,0,0.0263,0.149
CatBoost,443,147,49,3,259,1,0,0.0181,0.149
CatBoost,443,148,49,6,259,1,0,0.0184,0.149
CatBoost,443,148,49,7,443,1,0,0.0184,0.149
CatBoost,443,149,24,3,96,1,0,0.0167,0.149
CatBoost,443,150,44,3,163,1,1,0.1583,0.149
CatBoost,443,151,44,3,163,1,1,0.1697,0.149
CatBoost,443,152,47,3,190,1,1,0.1572,0.149
CatBoost,443,153,47,2,39,1,1,0.1588,0.149
CatBoost,443,155,37,2,163,1,0,0.0408,0.149
CatBoost,443,179,4,2,200,1,1,0.1979,0.149
CatBoost,443,180,4,2,161,1,0,0.0067,0.149
CatBoost,443,182,48,2,163,1,0,0.0937,0.149
CatBoost,443,183,48,2,163,1,0,0.0937,0.149
CatBoost,443,187,42,2,190,1,1,0.9907,0.149
CatBoost,443,188,4,2,200,1,1,0.2308,0.149
CatBoost,443,191,6,2,200,1,1,0.9767,0.149
CatBoost,443,193,55,2,201,1,1,0.1513,0.149
CatBoost,443,195,40,2,213,1,0,0.0278,0.149
CatBoost,443,201,14,2,331,1,0,0.0083,0.149
CatBoost,443,205,17,2,289,1,1,0.795,0.149
CatBoost,443,208,19,2,331,1,0,0.0206,0.149
CatBoost,443,213,7,2,227,1,0,0.0438,0.149
CatBoost,443,224,10,2,384,1,0,0.0278,0.149
CatBoost,443,235,17,2,265,1,1,0.9961,0.149
CatBoost,443,237,17,2,265,1,1,0.9961,0.149
CatBoost,443,239,16,2,265,1,1,0.9965,0.149
CatBoost,443,242,8,2,273,1,0,0.0759,0.149
CatBoost,443,244,35,2,273,1,1,0.2307,0.149
CatBoost,443,245,41,4,386,1,0,0.0115,0.149
CatBoost,443,246,44,2,425,1,1,0.9158,0.149
CatBoost,443,247,44,4,424,1,1,0.9978,0.149
CatBoost,443,248,44,5,424,1,1,0.9972,0.149
CatBoost,443,254,15,2,307,1,1,0.6531,0.149
CatBoost,443,255,15,2,307,1,1,0.6531,0.149
CatBoost,443,257,7,2,329,1,0,0.0836,0.149
CatBoost,443,258,5,2,341,1,1,0.3691,0.149
CatBoost,443,259,56,2,341,1,1,0.4118,0.149
CatBoost,443,262,15,2,401,1,1,0.1584,0.149
CatBoost,443,264,52,2,417,1,0,0.0748,0.149
CatBoost,443,267,22,2,435,1,0,0.0638,0.149
CatBoost,443,269,23,2,435,1,1,0.989,0.149
CatBoost,443,271,24,2,435,1,1,0.9878,0.149
RandomForest,461,196,4,2,443,0,0,0.5452,0.622
RandomForest,461,197,7,2,443,0,0,0.5946,0.622
RandomForest,461,198,11,2,443,0,0,0.4427,0.622
RandomForest,461,205,17,3,443,0,0,0.3323,0.622
RandomForest,461,206,18,2,443,0,0,0.5317,0.622
LightGBM,461,196,4,2,443,0,1,0.6044,0.573
LightGBM,461,197,7,2,443,0,0,0.4544,0.573
LightGBM,461,198,11,2,443,0,0,0.1223,0.573
LightGBM,461,205,17,3,443,0,0,0.002,0.573
LightGBM,461,206,18,2,443,0,0,0.1225,0.573
XGBoost,461,196,4,2,443,0,0,0.3903,0.524
XGBoost,461,197,7,2,443,0,0,0.3903,0.524
XGBoost,461,198,11,2,443,0,0,0.089,0.524
XGBoost,461,205,17,3,443,0,0,0.3556,0.524
XGBoost,461,206,18,2,443,0,0,0.3354,0.524
CatBoost,461,196,4,2,443,0,0,0.4634,0.9
CatBoost,461,197,7,2,443,0,0,0.6154,0.9
CatBoost,461,198,11,2,443,0,0,0.0753,0.9
CatBoost,461,205,17,3,443,0,0,0.1154,0.9
CatBoost,461,206,18,2,443,0,0,0.3264,0.9
RandomForest,468,197,7,3,461,0,0,0.2916,0.622
RandomForest,468,307,30,2,462,1,1,0.6953,0.622
RandomForest,468,307,30,3,468,1,1,0.6953,0.622
RandomForest,468,326,30,2,468,1,0,0.5988,0.622
RandomForest,468,326,30,3,468,1,0,0.5988,0.622
LightGBM,468,197,7,3,461,0,0,0.0016,0.606
LightGBM,468,307,30,2,462,1,1,1.0,0.606
LightGBM,468,307,30,3,468,1,1,1.0,0.606
LightGBM,468,326,30,2,468,1,1,0.9967,0.606
LightGBM,468,326,30,3,468,1,1,0.9967,0.606
XGBoost,468,197,7,3,461,0,0,0.0937,0.524
XGBoost,468,307,30,2,462,1,1,0.5406,0.524
XGBoost,468,307,30,3,468,1,1,0.5406,0.524
XGBoost,468,326,30,2,468,1,0,0.3931,0.524
XGBoost,468,326,30,3,468,1,0,0.3931,0.524
CatBoost,468,197,7,3,461,0,0,0.0503,0.9
CatBoost,468,307,30,2,462,1,1,0.9936,0.9
CatBoost,468,307,30,3,468,1,1,0.9936,0.9
CatBoost,468,326,30,2,468,1,1,0.9296,0.9
CatBoost,468,326,30,3,468,1,1,0.9296,0.9
RandomForest,469,219,46,2,443,0,0,0.3625,0.622
LightGBM,469,219,46,2,443,0,0,0.0076,0.606
XGBoost,469,219,46,2,443,0,0,0.167,0.524
CatBoost,469,219,46,2,443,0,0,0.0478,0.9
RandomForest,470,286,21,2,470,0,1,0.6288,0.622
RandomForest,470,291,23,2,470,1,1,0.7643,0.622
RandomForest,470,307,30,4,468,1,1,0.7344,0.622
RandomForest,470,307,30,5,470,1,1,0.7344,0.622
RandomForest,470,326,30,4,468,1,1,0.7563,0.622
RandomForest,470,326,30,5,470,1,1,0.7563,0.622
RandomForest,470,326,30,6,470,1,1,0.7563,0.622
RandomForest,470,357,34,2,468,1,1,0.7389,0.622
LightGBM,470,286,21,2,470,0,1,0.9876,0.606
LightGBM,470,291,23,2,470,1,1,0.9999,0.606
LightGBM,470,307,30,4,468,1,1,0.9999,0.606
LightGBM,470,307,30,5,470,1,1,0.9999,0.606
LightGBM,470,326,30,4,468,1,1,0.9848,0.606
LightGBM,470,326,30,5,470,1,1,0.9848,0.606
LightGBM,470,326,30,6,470,1,1,0.9848,0.606
LightGBM,470,357,34,2,468,1,1,0.9995,0.606
XGBoost,470,286,21,2,470,0,1,0.6075,0.524
XGBoost,470,291,23,2,470,1,1,0.7416,0.524
XGBoost,470,307,30,4,468,1,1,0.8034,0.524
XGBoost,470,307,30,5,470,1,1,0.8034,0.524
XGBoost,470,326,30,4,468,1,1,0.7975,0.524
XGBoost,470,326,30,5,470,1,1,0.7975,0.524
XGBoost,470,326,30,6,470,1,1,0.7975,0.524
XGBoost,470,357,34,2,468,1,1,0.6824,0.524
CatBoost,470,286,21,2,470,0,0,0.8342,0.9
CatBoost,470,291,23,2,470,1,1,0.9884,0.9
CatBoost,470,307,30,4,468,1,1,0.9947,0.9
CatBoost,470,307,30,5,470,1,1,0.9947,0.9
CatBoost,470,326,30,4,468,1,1,0.9721,0.9
CatBoost,470,326,30,5,470,1,1,0.9721,0.9
CatBoost,470,326,30,6,470,1,1,0.9721,0.9
CatBoost,470,357,34,2,468,1,1,0.9772,0.9
RandomForest,474,148,49,8,443,0,0,0.5309,0.639
RandomForest,474,148,49,9,474,0,0,0.5309,0.639
RandomForest,474,224,10,3,443,0,0,0.2977,0.639
LightGBM,474,148,49,8,443,0,0,0.4345,0.606
LightGBM,474,148,49,9,474,0,0,0.4345,0.606
LightGBM,474,224,10,3,443,0,1,0.8269,0.606
XGBoost,474,148,49,8,443,0,0,0.1239,0.524
XGBoost,474,148,49,9,474,0,0,0.1239,0.524
XGBoost,474,224,10,3,443,0,0,0.5161,0.524
CatBoost,474,148,49,8,443,0,0,0.8266,0.9
CatBoost,474,148,49,9,474,0,0,0.8266,0.9
CatBoost,474,224,10,3,443,0,0,0.4346,0.9
RandomForest,475,196,4,3,461,1,0,0.1702,0.639
RandomForest,475,197,7,4,468,1,0,0.1904,0.639
RandomForest,475,198,11,3,461,1,0,0.1533,0.639
RandomForest,475,205,17,4,461,0,0,0.1191,0.639
RandomForest,475,206,18,3,461,1,0,0.1258,0.639
RandomForest,475,274,25,2,443,1,1,0.7203,0.639
RandomForest,475,282,7,2,470,1,1,0.7055,0.639
RandomForest,475,284,20,2,468,1,1,0.7198,0.639
RandomForest,475,286,21,3,470,1,1,0.6555,0.639
RandomForest,475,286,21,4,475,1,1,0.6555,0.639
RandomForest,475,288,21,2,461,1,1,0.6768,0.639
RandomForest,475,290,22,2,461,1,0,0.5918,0.639
RandomForest,475,291,23,3,470,1,1,0.8843,0.639
RandomForest,475,291,23,4,475,1,1,0.8843,0.639
RandomForest,475,292,23,2,461,1,1,0.6948,0.639
RandomForest,475,294,24,2,461,1,0,0.6187,0.639
RandomForest,475,296,25,2,461,1,1,0.7602,0.639
RandomForest,475,298,26,2,461,1,1,0.709,0.639
RandomForest,475,300,27,2,461,1,1,0.6681,0.639
RandomForest,475,304,28,2,461,1,1,0.7267,0.639
RandomForest,475,307,30,6,470,1,1,0.8251,0.639
RandomForest,475,307,30,7,475,1,1,0.8251,0.639
RandomForest,475,321,30,2,468,1,1,0.8975,0.639
RandomForest,475,322,30,2,468,1,1,0.8975,0.639
RandomForest,475,326,30,7,470,1,1,0.8128,0.639
RandomForest,475,326,30,8,475,1,1,0.8128,0.639
RandomForest,475,326,30,9,475,1,1,0.8128,0.639
RandomForest,475,328,30,2,468,1,1,0.9008,0.639
RandomForest,475,338,34,2,470,1,1,0.9296,0.639
RandomForest,475,339,34,2,470,1,1,0.9315,0.639
RandomForest,475,341,35,2,470,1,1,0.9297,0.639
RandomForest,475,347,36,2,468,1,1,0.8992,0.639
RandomForest,475,355,30,2,468,1,1,0.8991,0.639
RandomForest,475,356,29,2,468,1,1,0.8672,0.639
RandomForest,475,357,34,3,470,1,1,0.8231,0.639
RandomForest,475,358,34,2,468,1,1,0.9088,0.639
RandomForest,475,359,70,2,468,1,1,0.8423,0.639
RandomForest,475,360,36,2,470,1,1,0.8465,0.639
LightGBM,475,196,4,3,461,1,0,0.0002,0.606
LightGBM,475,197,7,4,468,1,0,0.0002,0.606
LightGBM,475,198,11,3,461,1,0,0.0035,0.606
LightGBM,475,205,17,4,461,0,0,0.0,0.606
LightGBM,475,206,18,3,461,1,0,0.0,0.606
LightGBM,475,274,25,2,443,1,1,1.0,0.606
LightGBM,475,282,7,2,470,1,1,1.0,0.606
LightGBM,475,284,20,2,468,1,1,0.9854,0.606
LightGBM,475,286,21,3,470,1,1,0.8894,0.606
LightGBM,475,286,21,4,475,1,1,0.8894,0.606
LightGBM,475,288,21,2,461,1,1,0.9357,0.606
LightGBM,475,290,22,2,461,1,1,0.9993,0.606
LightGBM,475,291,23,3,470,1,1,1.0,0.606
LightGBM,475,291,23,4,475,1,1,1.0,0.606
LightGBM,475,292,23,2,461,1,1,1.0,0.606
LightGBM,475,294,24,2,461,1,1,0.9999,0.606
LightGBM,475,296,25,2,461,1,1,1.0,0.606
LightGBM,475,298,26,2,461,1,1,0.9892,0.606
LightGBM,475,300,27,2,461,1,1,0.9938,0.606
LightGBM,475,304,28,2,461,1,1,0.9792,0.606
LightGBM,475,307,30,6,470,1,1,1.0,0.606
LightGBM,475,307,30,7,475,1,1,1.0,0.606
LightGBM,475,321,30,2,468,1,1,1.0,0.606
LightGBM,475,322,30,2,468,1,1,1.0,0.606
LightGBM,475,326,30,7,470,1,1,0.9995,0.606
LightGBM,475,326,30,8,475,1,1,0.9995,0.606
LightGBM,475,326,30,9,475,1,1,0.9995,0.606
LightGBM,475,328,30,2,468,1,1,1.0,0.606
LightGBM,475,338,34,2,470,1,1,1.0,0.606
LightGBM,475,339,34,2,470,1,1,1.0,0.606
LightGBM,475,341,35,2,470,1,1,1.0,0.606
LightGBM,475,347,36,2,468,1,1,1.0,0.606
LightGBM,475,355,30,2,468,1,1,1.0,0.606
LightGBM,475,356,29,2,468,1,1,1.0,0.606
LightGBM,475,357,34,3,470,1,1,0.9999,0.606
LightGBM,475,358,34,2,468,1,1,1.0,0.606
LightGBM,475,359,70,2,468,1,1,1.0,0.606
LightGBM,475,360,36,2,470,1,1,1.0,0.606
XGBoost,475,196,4,3,461,1,0,0.0751,0.524
XGBoost,475,197,7,4,468,1,0,0.0714,0.524
XGBoost,475,198,11,3,461,1,0,0.0269,0.524
XGBoost,475,205,17,4,461,0,0,0.0302,0.524
XGBoost,475,206,18,3,461,1,0,0.0225,0.524
XGBoost,475,274,25,2,443,1,1,0.9159,0.524
XGBoost,475,282,7,2,470,1,1,0.8898,0.524
XGBoost,475,284,20,2,468,1,1,0.5932,0.524
XGBoost,475,286,21,3,470,1,1,0.6267,0.524
XGBoost,475,286,21,4,475,1,1,0.6267,0.524
XGBoost,475,288,21,2,461,1,1,0.5829,0.524
XGBoost,475,290,22,2,461,1,1,0.8095,0.524
XGBoost,475,291,23,3,470,1,1,0.8329,0.524
XGBoost,475,291,23,4,475,1,1,0.8329,0.524
XGBoost,475,292,23,2,461,1,1,0.7797,0.524
XGBoost,475,294,24,2,461,1,1,0.7539,0.524
XGBoost,475,296,25,2,461,1,1,0.7823,0.524
XGBoost,475,298,26,2,461,1,1,0.7823,0.524
XGBoost,475,300,27,2,461,1,0,0.4796,0.524
XGBoost,475,304,28,2,461,1,1,0.5829,0.524
XGBoost,475,307,30,6,470,1,1,0.7823,0.524
XGBoost,475,307,30,7,475,1,1,0.7823,0.524
XGBoost,475,321,30,2,468,1,1,0.7722,0.524
XGBoost,475,322,30,2,468,1,1,0.7722,0.524
XGBoost,475,326,30,7,470,1,1,0.7539,0.524
XGBoost,475,326,30,8,475,1,1,0.7539,0.524
XGBoost,475,326,30,9,475,1,1,0.7539,0.524
XGBoost,475,328,30,2,468,1,1,0.7722,0.524
XGBoost,475,338,34,2,470,1,1,0.8643,0.524
XGBoost,475,339,34,2,470,1,1,0.8643,0.524
XGBoost,475,341,35,2,470,1,1,0.8643,0.524
XGBoost,475,347,36,2,468,1,1,0.8018,0.524
XGBoost,475,355,30,2,468,1,1,0.743,0.524
XGBoost,475,356,29,2,468,1,1,0.7722,0.524
XGBoost,475,357,34,3,470,1,1,0.7811,0.524
XGBoost,475,358,34,2,468,1,1,0.7722,0.524
XGBoost,475,359,70,2,468,1,1,0.8685,0.524
XGBoost,475,360,36,2,470,1,1,0.8837,0.524
CatBoost,475,196,4,3,461,1,0,0.0153,0.9
CatBoost,475,197,7,4,468,1,0,0.0084,0.9
CatBoost,475,198,11,3,461,1,0,0.0091,0.9
CatBoost,475,205,17,4,461,0,0,0.0074,0.9
CatBoost,475,206,18,3,461,1,0,0.0067,0.9
CatBoost,475,274,25,2,443,1,1,0.9762,0.9
CatBoost,475,282,7,2,470,1,1,0.9758,0.9
CatBoost,475,284,20,2,468,1,1,0.9221,0.9
CatBoost,475,286,21,3,470,1,0,0.9,0.9
CatBoost,475,286,21,4,475,1,0,0.9,0.9
CatBoost,475,288,21,2,461,1,0,0.8595,0.9
CatBoost,475,290,22,2,461,1,1,0.9372,0.9
CatBoost,475,291,23,3,470,1,1,0.9982,0.9
CatBoost,475,291,23,4,475,1,1,0.9982,0.9
CatBoost,475,292,23,2,461,1,1,0.9812,0.9
CatBoost,475,294,24,2,461,1,1,0.9432,0.9
CatBoost,475,296,25,2,461,1,1,0.9741,0.9
CatBoost,475,298,26,2,461,1,1,0.9476,0.9
CatBoost,475,300,27,2,461,1,1,0.91,0.9
CatBoost,475,304,28,2,461,1,1,0.9173,0.9
CatBoost,475,307,30,6,470,1,1,0.9949,0.9
CatBoost,475,307,30,7,475,1,1,0.9949,0.9
CatBoost,475,321,30,2,468,1,1,0.9988,0.9
CatBoost,475,322,30,2,468,1,1,0.9988,0.9
CatBoost,475,326,30,7,470,1,1,0.9667,0.9
CatBoost,475,326,30,8,475,1,1,0.9667,0.9
CatBoost,475,326,30,9,475,1,1,0.9667,0.9
CatBoost,475,328,30,2,468,1,1,0.9988,0.9
CatBoost,475,338,34,2,470,1,1,0.9985,0.9
CatBoost,475,339,34,2,470,1,1,0.9984,0.9
CatBoost,475,341,35,2,470,1,1,0.9979,0.9
CatBoost,475,347,36,2,468,1,1,0.9978,0.9
CatBoost,475,355,30,2,468,1,1,0.9986,0.9
CatBoost,475,356,29,2,468,1,1,0.9985,0.9
CatBoost,475,357,34,3,470,1,1,0.992,0.9
CatBoost,475,358,34,2,468,1,1,0.9988,0.9
CatBoost,475,359,70,2,468,1,1,0.9929,0.9
CatBoost,475,360,36,2,470,1,1,0.9982,0.9
RandomForest,476,286,21,5,475,0,1,0.728,0.639
RandomForest,476,286,21,6,476,0,1,0.728,0.639
RandomForest,476,291,23,5,475,1,1,0.9434,0.639
RandomForest,476,291,23,6,476,1,1,0.9434,0.639
RandomForest,476,307,30,8,475,1,1,0.9266,0.639
RandomForest,476,326,30,10,475,1,1,0.9121,0.639
RandomForest,476,326,30,11,476,1,1,0.9121,0.639
RandomForest,476,326,30,12,476,1,1,0.9121,0.639
LightGBM,476,286,21,5,475,0,1,0.9799,0.606
LightGBM,476,286,21,6,476,0,1,0.9799,0.606
LightGBM,476,291,23,5,475,1,1,0.9997,0.606
LightGBM,476,291,23,6,476,1,1,0.9997,0.606
LightGBM,476,307,30,8,475,1,1,0.9998,0.606
LightGBM,476,326,30,10,475,1,1,0.9993,0.606
LightGBM,476,326,30,11,476,1,1,0.9993,0.606
LightGBM,476,326,30,12,476,1,1,0.9993,0.606
XGBoost,476,286,21,5,475,0,1,0.6381,0.524
XGBoost,476,286,21,6,476,0,1,0.6381,0.524
XGBoost,476,291,23,5,475,1,1,0.9271,0.524
XGBoost,476,291,23,6,476,1,1,0.9271,0.524
XGBoost,476,307,30,8,475,1,1,0.911,0.524
XGBoost,476,326,30,10,475,1,1,0.86,0.524
XGBoost,476,326,30,11,476,1,1,0.86,0.524
XGBoost,476,326,30,12,476,1,1,0.86,0.524
CatBoost,476,286,21,5,475,0,1,0.9603,0.9
CatBoost,476,286,21,6,476,0,1,0.9603,0.9
CatBoost,476,291,23,5,475,1,1,0.9958,0.9
CatBoost,476,291,23,6,476,1,1,0.9958,0.9
CatBoost,476,307,30,8,475,1,1,0.9915,0.9
CatBoost,476,326,30,10,475,1,1,0.996,0.9
CatBoost,476,326,30,11,476,1,1,0.996,0.9
CatBoost,476,326,30,12,476,1,1,0.996,0.9
RandomForest,477,284,20,3,475,1,1,0.6566,0.639
RandomForest,477,285,20,2,475,1,1,0.7869,0.639
RandomForest,477,299,27,2,475,1,1,0.8273,0.639
RandomForest,477,300,27,3,475,1,1,0.8438,0.639
RandomForest,477,306,30,2,475,1,1,0.9139,0.639
RandomForest,477,307,30,9,476,1,1,0.9179,0.639
RandomForest,477,307,30,10,477,1,1,0.9179,0.639
RandomForest,477,309,30,2,475,1,1,0.9139,0.639
RandomForest,477,310,30,2,475,1,1,0.9061,0.639
RandomForest,477,312,30,2,475,1,1,0.9208,0.639
RandomForest,477,313,30,2,475,1,1,0.9061,0.639
RandomForest,477,315,30,2,475,1,1,0.888,0.639
RandomForest,477,316,30,2,475,1,1,0.8844,0.639
RandomForest,477,328,30,3,475,1,1,0.9212,0.639
RandomForest,477,330,30,2,475,1,1,0.9208,0.639
RandomForest,477,344,36,2,475,1,1,0.8999,0.639
RandomForest,477,355,30,3,475,1,1,0.9254,0.639
LightGBM,477,284,20,3,475,1,1,0.8507,0.606
LightGBM,477,285,20,2,475,1,1,0.9969,0.606
LightGBM,477,299,27,2,475,1,1,0.9985,0.606
LightGBM,477,300,27,3,475,1,1,0.9997,0.606
LightGBM,477,306,30,2,475,1,1,1.0,0.606
LightGBM,477,307,30,9,476,1,1,0.9999,0.606
LightGBM,477,307,30,10,477,1,1,0.9999,0.606
LightGBM,477,309,30,2,475,1,1,1.0,0.606
LightGBM,477,310,30,2,475,1,1,1.0,0.606
LightGBM,477,312,30,2,475,1,1,1.0,0.606
LightGBM,477,313,30,2,475,1,1,1.0,0.606
LightGBM,477,315,30,2,475,1,1,0.9998,0.606
LightGBM,477,316,30,2,475,1,1,0.9999,0.606
LightGBM,477,328,30,3,475,1,1,1.0,0.606
LightGBM,477,330,30,2,475,1,1,1.0,0.606
LightGBM,477,344,36,2,475,1,1,0.9999,0.606
LightGBM,477,355,30,3,475,1,1,1.0,0.606
XGBoost,477,284,20,3,475,1,0,0.6014,0.639
XGBoost,477,285,20,2,475,1,1,0.7525,0.639
XGBoost,477,299,27,2,475,1,1,0.7211,0.639
XGBoost,477,300,27,3,475,1,1,0.7211,0.639
XGBoost,477,306,30,2,475,1,1,0.9593,0.639
XGBoost,477,307,30,9,476,1,1,0.9204,0.639
XGBoost,477,307,30,10,477,1,1,0.9204,0.639
XGBoost,477,309,30,2,475,1,1,0.9593,0.639
XGBoost,477,310,30,2,475,1,1,0.9593,0.639
XGBoost,477,312,30,2,475,1,1,0.9593,0.639
XGBoost,477,313,30,2,475,1,1,0.9593,0.639
XGBoost,477,315,30,2,475,1,1,0.936,0.639
XGBoost,477,316,30,2,475,1,1,0.936,0.639
XGBoost,477,328,30,3,475,1,1,0.9593,0.639
XGBoost,477,330,30,2,475,1,1,0.9593,0.639
XGBoost,477,344,36,2,475,1,1,0.9593,0.639
XGBoost,477,355,30,3,475,1,1,0.9436,0.639
CatBoost,477,284,20,3,475,1,0,0.6356,0.9
CatBoost,477,285,20,2,475,1,1,0.9565,0.9
CatBoost,477,299,27,2,475,1,1,0.979,0.9
CatBoost,477,300,27,3,475,1,1,0.9793,0.9
CatBoost,477,306,30,2,475,1,1,0.9969,0.9
CatBoost,477,307,30,9,476,1,1,0.9945,0.9
CatBoost,477,307,30,10,477,1,1,0.9945,0.9
CatBoost,477,309,30,2,475,1,1,0.9969,0.9
CatBoost,477,310,30,2,475,1,1,0.9963,0.9
CatBoost,477,312,30,2,475,1,1,0.997,0.9
CatBoost,477,313,30,2,475,1,1,0.9963,0.9
CatBoost,477,315,30,2,475,1,1,0.9951,0.9
CatBoost,477,316,30,2,475,1,1,0.9961,0.9
CatBoost,477,328,30,3,475,1,1,0.9973,0.9
CatBoost,477,330,30,2,475,1,1,0.997,0.9
CatBoost,477,344,36,2,475,1,1,0.9962,0.9
CatBoost,477,355,30,3,475,1,1,0.9977,0.9
RandomForest,525,79,20,3,443,0,0,0.5145,0.639
LightGBM,525,79,20,3,443,0,1,0.9678,0.606
XGBoost,525,79,20,3,443,0,1,0.6671,0.639
CatBoost,525,79,20,3,443,0,0,0.8803,0.9
RandomForest,529,14,4,2,443,1,0,0.4639,0.639
RandomForest,529,180,4,3,443,0,0,0.2817,0.639
RandomForest,529,368,14,2,526,1,1,0.8374,0.639
LightGBM,529,14,4,2,443,1,0,0.0173,0.606
LightGBM,529,180,4,3,443,0,1,0.8887,0.606
LightGBM,529,368,14,2,526,1,1,0.9999,0.606
XGBoost,529,14,4,2,443,1,1,0.6573,0.639
XGBoost,529,180,4,3,443,0,0,0.5247,0.639
XGBoost,529,368,14,2,526,1,1,0.8524,0.639
CatBoost,529,14,4,2,443,1,0,0.1089,0.9
CatBoost,529,180,4,3,443,0,0,0.1377,0.9
CatBoost,529,368,14,2,526,1,1,0.9957,0.9
RandomForest,536,167,46,3,137,0,1,0.843,0.639
RandomForest,536,170,4,3,200,0,1,0.7138,0.639
RandomForest,536,292,23,3,475,0,1,0.6791,0.639
RandomForest,536,297,26,2,475,0,1,0.7696,0.639
LightGBM,536,167,46,3,137,0,1,0.9962,0.9
LightGBM,536,170,4,3,200,0,1,0.9919,0.9
LightGBM,536,292,23,3,475,0,1,0.9998,0.9
LightGBM,536,297,26,2,475,0,1,0.9998,0.9
XGBoost,536,167,46,3,137,0,1,0.9687,0.639
XGBoost,536,170,4,3,200,0,1,0.951,0.639
XGBoost,536,292,23,3,475,0,1,0.8601,0.639
XGBoost,536,297,26,2,475,0,1,0.9323,0.639
CatBoost,536,167,46,3,137,0,1,0.9728,0.9
CatBoost,536,170,4,3,200,0,1,0.9698,0.9
CatBoost,536,292,23,3,475,0,1,0.9453,0.9
CatBoost,536,297,26,2,475,0,1,0.9808,0.9
RandomForest,574,292,23,4,536,0,0,0.4319,0.639
RandomForest,574,292,23,5,574,0,0,0.4319,0.639
LightGBM,574,292,23,4,536,0,0,0.0177,0.9
LightGBM,574,292,23,5,574,0,0,0.0177,0.9
XGBoost,574,292,23,4,536,0,1,0.7246,0.639
XGBoost,574,292,23,5,574,0,1,0.7246,0.639
CatBoost,574,292,23,4,536,0,0,0.2123,0.884
CatBoost,574,292,23,5,574,0,0,0.2123,0.884
RandomForest,576,123,38,6,443,0,0,0.4902,0.639
RandomForest,576,245,41,5,443,0,1,0.6391,0.639
LightGBM,576,123,38,6,443,0,0,0.0353,0.9
LightGBM,576,245,41,5,443,0,0,0.75,0.9
XGBoost,576,123,38,6,443,0,0,0.3241,0.737
XGBoost,576,245,41,5,443,0,0,0.5786,0.737
CatBoost,576,123,38,6,443,0,0,0.7925,0.884
CatBoost,576,245,41,5,443,0,1,0.914,0.884
RandomForest,579,275,7,2,561,0,0,0.4623,0.655
LightGBM,579,275,7,2,561,0,1,0.9728,0.9
XGBoost,579,275,7,2,561,0,0,0.6875,0.737
CatBoost,579,275,7,2,561,0,0,0.4382,0.884
RandomForest,586,281,7,2,475,1,0,0.6074,0.655
RandomForest,586,282,7,3,475,1,0,0.3602,0.655
RandomForest,586,283,11,2,475,0,0,0.3659,0.655
RandomForest,586,286,21,7,476,0,0,0.3511,0.655
RandomForest,586,291,23,7,476,0,1,0.6618,0.655
RandomForest,586,291,23,8,586,0,1,0.6618,0.655
RandomForest,586,299,27,3,477,1,0,0.6381,0.655
RandomForest,586,307,30,11,477,1,1,0.6685,0.655
RandomForest,586,307,30,12,586,1,1,0.6685,0.655
RandomForest,586,309,30,3,477,1,1,0.7001,0.655
RandomForest,586,309,30,4,586,1,1,0.7001,0.655
RandomForest,586,326,30,13,476,1,1,0.7254,0.655
RandomForest,586,326,30,14,586,1,1,0.7254,0.655
RandomForest,586,326,30,15,586,1,1,0.7254,0.655
RandomForest,586,338,34,3,475,1,1,0.7153,0.655
LightGBM,586,281,7,2,475,1,0,0.4161,0.9
LightGBM,586,282,7,3,475,1,0,0.0219,0.9
LightGBM,586,283,11,2,475,0,0,0.0095,0.9
LightGBM,586,286,21,7,476,0,1,0.9419,0.9
LightGBM,586,291,23,7,476,0,0,0.6949,0.9
LightGBM,586,291,23,8,586,0,0,0.6949,0.9
LightGBM,586,299,27,3,477,1,0,0.3037,0.9
LightGBM,586,307,30,11,477,1,0,0.7961,0.9
LightGBM,586,307,30,12,586,1,0,0.7961,0.9
LightGBM,586,309,30,3,477,1,0,0.5127,0.9
LightGBM,586,309,30,4,586,1,0,0.5127,0.9
LightGBM,586,326,30,13,476,1,0,0.2809,0.9
LightGBM,586,326,30,14,586,1,0,0.2809,0.9
LightGBM,586,326,30,15,586,1,0,0.2809,0.9
LightGBM,586,338,34,3,475,1,0,0.857,0.9
XGBoost,586,281,7,2,475,1,1,0.757,0.737
XGBoost,586,282,7,3,475,1,0,0.4931,0.737
XGBoost,586,283,11,2,475,0,0,0.4211,0.737
XGBoost,586,286,21,7,476,0,0,0.5751,0.737
XGBoost,586,291,23,7,476,0,1,0.8393,0.737
XGBoost,586,291,23,8,586,0,1,0.8393,0.737
XGBoost,586,299,27,3,477,1,0,0.7306,0.737
XGBoost,586,307,30,11,477,1,0,0.5853,0.737
XGBoost,586,307,30,12,586,1,0,0.5853,0.737
XGBoost,586,309,30,3,477,1,1,0.8563,0.737
XGBoost,586,309,30,4,586,1,1,0.8563,0.737
XGBoost,586,326,30,13,476,1,0,0.6794,0.737
XGBoost,586,326,30,14,586,1,0,0.6794,0.737
XGBoost,586,326,30,15,586,1,0,0.6794,0.737
XGBoost,586,338,34,3,475,1,1,0.9317,0.737
CatBoost,586,281,7,2,475,1,0,0.4691,0.884
CatBoost,586,282,7,3,475,1,0,0.2648,0.884
CatBoost,586,283,11,2,475,0,0,0.1018,0.884
CatBoost,586,286,21,7,476,0,0,0.3312,0.884
CatBoost,586,291,23,7,476,0,0,0.4498,0.884
CatBoost,586,291,23,8,586,0,0,0.4498,0.884
CatBoost,586,299,27,3,477,1,0,0.8765,0.884
CatBoost,586,307,30,11,477,1,0,0.3566,0.884
CatBoost,586,307,30,12,586,1,0,0.3566,0.884
CatBoost,586,309,30,3,477,1,0,0.8433,0.884
CatBoost,586,309,30,4,586,1,0,0.8433,0.884
CatBoost,586,326,30,13,476,1,0,0.4253,0.884
CatBoost,586,326,30,14,586,1,0,0.4253,0.884
CatBoost,586,326,30,15,586,1,0,0.4253,0.884
CatBoost,586,338,34,3,475,1,0,0.8362,0.884
RandomForest,598,19,4,4,443,0,0,0.4929,0.688
RandomForest,598,262,15,3,443,0,0,0.4213,0.688
LightGBM,598,19,4,4,443,0,1,0.9389,0.835
LightGBM,598,262,15,3,443,0,0,0.1425,0.835
XGBoost,598,19,4,4,443,0,0,0.4728,0.737
XGBoost,598,262,15,3,443,0,0,0.4306,0.737
CatBoost,598,19,4,4,443,0,0,0.5674,0.884
CatBoost,598,262,15,3,443,0,0,0.2513,0.884
RandomForest,630,300,27,4,477,0,0,0.5855,0.688
RandomForest,630,321,30,3,475,1,1,0.8054,0.688
RandomForest,630,322,30,3,475,1,1,0.8054,0.688
RandomForest,630,345,36,2,475,1,1,0.7307,0.688
RandomForest,630,346,36,2,475,1,1,0.7307,0.688
RandomForest,630,351,72,2,475,1,1,0.7389,0.688
RandomForest,630,351,72,3,630,1,1,0.7389,0.688
LightGBM,630,300,27,4,477,0,0,0.1074,0.835
LightGBM,630,321,30,3,475,1,1,0.9718,0.835
LightGBM,630,322,30,3,475,1,1,0.9718,0.835
LightGBM,630,345,36,2,475,1,1,0.9573,0.835
LightGBM,630,346,36,2,475,1,1,0.9573,0.835
LightGBM,630,351,72,2,475,1,0,0.7721,0.835
LightGBM,630,351,72,3,630,1,0,0.7721,0.835
XGBoost,630,300,27,4,477,0,0,0.7213,0.737
XGBoost,630,321,30,3,475,1,1,0.9091,0.737
XGBoost,630,322,30,3,475,1,1,0.9091,0.737
XGBoost,630,345,36,2,475,1,1,0.9059,0.737
XGBoost,630,346,36,2,475,1,1,0.9059,0.737
XGBoost,630,351,72,2,475,1,1,0.9412,0.737
XGBoost,630,351,72,3,630,1,1,0.9412,0.737
CatBoost,630,300,27,4,477,0,0,0.6531,0.884
CatBoost,630,321,30,3,475,1,1,0.9561,0.884
CatBoost,630,322,30,3,475,1,1,0.9561,0.884
CatBoost,630,345,36,2,475,1,1,0.9078,0.884
CatBoost,630,346,36,2,475,1,1,0.9078,0.884
CatBoost,630,351,72,2,475,1,1,0.9227,0.884
CatBoost,630,351,72,3,630,1,1,0.9227,0.884
RandomForest,634,286,21,8,586,0,0,0.4313,0.688
RandomForest,634,286,21,9,634,0,0,0.4313,0.688
RandomForest,634,291,23,9,586,1,0,0.5506,0.688
RandomForest,634,291,23,10,634,1,0,0.5506,0.688
RandomForest,634,295,25,2,475,1,0,0.6202,0.688
RandomForest,634,299,27,4,586,1,0,0.5126,0.688
LightGBM,634,286,21,8,586,0,0,0.0047,0.753
LightGBM,634,286,21,9,634,0,0,0.0047,0.753
LightGBM,634,291,23,9,586,1,0,0.6686,0.753
LightGBM,634,291,23,10,634,1,0,0.6686,0.753
LightGBM,634,295,25,2,475,1,1,0.9828,0.753
LightGBM,634,299,27,4,586,1,0,0.1699,0.753
XGBoost,634,286,21,8,586,0,0,0.4239,0.737
XGBoost,634,286,21,9,634,0,0,0.4239,0.737
XGBoost,634,291,23,9,586,1,1,0.8678,0.737
XGBoost,634,291,23,10,634,1,1,0.8678,0.737
XGBoost,634,295,25,2,475,1,0,0.452,0.737
XGBoost,634,299,27,4,586,1,0,0.5388,0.737
CatBoost,634,286,21,8,586,0,0,0.0571,0.884
CatBoost,634,286,21,9,634,0,0,0.0571,0.884
CatBoost,634,291,23,9,586,1,0,0.554,0.884
CatBoost,634,291,23,10,634,1,0,0.554,0.884
CatBoost,634,295,25,2,475,1,0,0.6303,0.884
CatBoost,634,299,27,4,586,1,0,0.3569,0.884
RandomForest,635,281,7,3,586,0,0,0.494,0.688
RandomForest,635,309,30,5,586,1,1,0.7484,0.688
RandomForest,635,318,30,2,475,1,1,0.8787,0.688
RandomForest,635,336,32,2,475,1,1,0.874,0.688
LightGBM,635,281,7,3,586,0,0,0.5384,0.753
LightGBM,635,309,30,5,586,1,1,0.9979,0.753
LightGBM,635,318,30,2,475,1,1,0.9998,0.753
LightGBM,635,336,32,2,475,1,1,0.9999,0.753
XGBoost,635,281,7,3,586,0,0,0.5103,0.737
XGBoost,635,309,30,5,586,1,1,0.9054,0.737
XGBoost,635,318,30,2,475,1,1,0.9428,0.737
XGBoost,635,336,32,2,475,1,1,0.9409,0.737
CatBoost,635,281,7,3,586,0,0,0.2421,0.884
CatBoost,635,309,30,5,586,1,1,0.9363,0.884
CatBoost,635,318,30,2,475,1,1,0.9895,0.884
CatBoost,635,336,32,2,475,1,1,0.9858,0.884
RandomForest,636,281,7,4,635,0,0,0.4043,0.688
RandomForest,636,307,30,13,586,1,1,0.759,0.688
RandomForest,636,307,30,14,636,1,1,0.759,0.688
RandomForest,636,309,30,6,635,1,1,0.7848,0.688
LightGBM,636,281,7,4,635,0,0,0.4375,0.753
LightGBM,636,307,30,13,586,1,1,0.9919,0.753
LightGBM,636,307,30,14,636,1,1,0.9919,0.753
LightGBM,636,309,30,6,635,1,1,0.999,0.753
XGBoost,636,281,7,4,635,0,0,0.6946,0.737
XGBoost,636,307,30,13,586,1,0,0.5883,0.737
XGBoost,636,307,30,14,636,1,0,0.5883,0.737
XGBoost,636,309,30,6,635,1,1,0.9429,0.737
CatBoost,636,281,7,4,635,0,0,0.2725,0.835
CatBoost,636,307,30,13,586,1,1,0.9291,0.835
CatBoost,636,307,30,14,636,1,1,0.9291,0.835
CatBoost,636,309,30,6,635,1,1,0.9298,0.835
RandomForest,639,296,25,3,475,1,1,0.7294,0.688
LightGBM,639,296,25,3,475,1,1,0.9863,0.753
XGBoost,639,296,25,3,475,1,1,0.8193,0.737
CatBoost,639,296,25,3,475,1,0,0.6928,0.835
RandomForest,644,205,17,5,475,0,0,0.44,0.688
RandomForest,644,292,23,6,574,1,0,0.4638,0.688
RandomForest,644,292,23,7,644,1,0,0.4638,0.688
RandomForest,644,296,25,4,639,1,0,0.5317,0.688
RandomForest,644,296,25,5,644,1,0,0.5317,0.688
RandomForest,644,313,30,3,477,1,1,0.943,0.688
RandomForest,644,313,30,4,644,1,1,0.943,0.688
RandomForest,644,321,30,4,630,1,1,0.8635,0.688
RandomForest,644,322,30,4,630,1,1,0.8635,0.688
RandomForest,644,397,40,2,630,1,1,0.9819,0.688
LightGBM,644,205,17,5,475,0,1,0.9384,0.753
LightGBM,644,292,23,6,574,1,0,0.0902,0.753
LightGBM,644,292,23,7,644,1,0,0.0902,0.753
LightGBM,644,296,25,4,639,1,0,0.4521,0.753
LightGBM,644,296,25,5,644,1,0,0.4521,0.753
LightGBM,644,313,30,3,477,1,1,1.0,0.753
LightGBM,644,313,30,4,644,1,1,1.0,0.753
LightGBM,644,321,30,4,630,1,1,0.9997,0.753
LightGBM,644,322,30,4,630,1,1,0.9997,0.753
LightGBM,644,397,40,2,630,1,1,1.0,0.753
XGBoost,644,205,17,5,475,0,0,0.3263,0.737
XGBoost,644,292,23,6,574,1,0,0.4897,0.737
XGBoost,644,292,23,7,644,1,0,0.4897,0.737
XGBoost,644,296,25,4,639,1,0,0.5517,0.737
XGBoost,644,296,25,5,644,1,0,0.5517,0.737
XGBoost,644,313,30,3,477,1,1,0.9591,0.737
XGBoost,644,313,30,4,644,1,1,0.9591,0.737
XGBoost,644,321,30,4,630,1,1,0.9587,0.737
XGBoost,644,322,30,4,630,1,1,0.9587,0.737
XGBoost,644,397,40,2,630,1,1,0.9887,0.737
CatBoost,644,205,17,5,475,0,0,0.6648,0.835
CatBoost,644,292,23,6,574,1,0,0.6129,0.835
CatBoost,644,292,23,7,644,1,0,0.6129,0.835
CatBoost,644,296,25,4,639,1,0,0.3211,0.835
CatBoost,644,296,25,5,644,1,0,0.3211,0.835
CatBoost,644,313,30,3,477,1,1,0.9981,0.835
CatBoost,644,313,30,4,644,1,1,0.9981,0.835
CatBoost,644,321,30,4,630,1,1,0.9961,0.835
CatBoost,644,322,30,4,630,1,1,0.9961,0.835
CatBoost,644,397,40,2,630,1,1,0.9989,0.835
RandomForest,653,313,30,5,644,0,1,0.8849,0.688
LightGBM,653,313,30,5,644,0,1,0.9999,0.753
XGBoost,653,313,30,5,644,0,1,0.9696,0.737
CatBoost,653,313,30,5,644,0,1,0.9949,0.835
RandomForest,655,416,42,2,655,1,0,0.6296,0.688
LightGBM,655,416,42,2,655,1,1,0.9902,0.753
XGBoost,655,416,42,2,655,1,0,0.4532,0.737
CatBoost,655,416,42,2,655,1,0,0.7879,0.835
RandomForest,656,416,42,3,655,1,1,0.792,0.688
RandomForest,656,416,42,4,656,1,1,0.792,0.688
RandomForest,656,419,43,2,655,1,1,0.8237,0.688
LightGBM,656,416,42,3,655,1,1,1.0,0.753
LightGBM,656,416,42,4,656,1,1,1.0,0.753
LightGBM,656,419,43,2,655,1,1,1.0,0.753
XGBoost,656,416,42,3,655,1,1,0.7634,0.737
XGBoost,656,416,42,4,656,1,1,0.7634,0.737
XGBoost,656,419,43,2,655,1,1,0.9281,0.737
CatBoost,656,416,42,3,655,1,1,0.9912,0.835
CatBoost,656,416,42,4,656,1,1,0.9912,0.835
CatBoost,656,419,43,2,655,1,1,0.9901,0.835
RandomForest,657,406,31,2,655,0,1,0.8029,0.688
RandomForest,657,416,42,5,656,1,1,0.8791,0.688
RandomForest,657,416,42,6,657,1,1,0.8791,0.688
RandomForest,657,417,42,2,655,1,1,0.8807,0.688
RandomForest,657,417,42,3,657,1,1,0.8807,0.688
RandomForest,657,418,42,2,655,1,1,0.8807,0.688
RandomForest,657,427,85,2,655,0,1,0.7218,0.688
RandomForest,657,427,85,3,657,0,1,0.7218,0.688
RandomForest,657,427,85,4,657,0,1,0.7218,0.688
RandomForest,657,429,89,2,655,1,1,0.8594,0.688
RandomForest,657,430,42,2,657,1,0,0.6345,0.688
LightGBM,657,406,31,2,655,0,1,1.0,0.753
LightGBM,657,416,42,5,656,1,1,1.0,0.753
LightGBM,657,416,42,6,657,1,1,1.0,0.753
LightGBM,657,417,42,2,655,1,1,1.0,0.753
LightGBM,657,417,42,3,657,1,1,1.0,0.753
LightGBM,657,418,42,2,655,1,1,1.0,0.753
LightGBM,657,427,85,2,655,0,1,0.9997,0.753
LightGBM,657,427,85,3,657,0,1,0.9997,0.753
LightGBM,657,427,85,4,657,0,1,0.9997,0.753
LightGBM,657,429,89,2,655,1,1,1.0,0.753
LightGBM,657,430,42,2,657,1,1,0.9986,0.753
XGBoost,657,406,31,2,655,0,1,0.8325,0.737
XGBoost,657,416,42,5,656,1,1,0.8348,0.737
XGBoost,657,416,42,6,657,1,1,0.8348,0.737
XGBoost,657,417,42,2,655,1,1,0.9127,0.737
XGBoost,657,417,42,3,657,1,1,0.9127,0.737
XGBoost,657,418,42,2,655,1,1,0.9127,0.737
XGBoost,657,427,85,2,655,0,1,0.8986,0.737
XGBoost,657,427,85,3,657,0,1,0.8986,0.737
XGBoost,657,427,85,4,657,0,1,0.8986,0.737
XGBoost,657,429,89,2,655,1,1,0.9229,0.737
XGBoost,657,430,42,2,657,1,0,0.4975,0.737
CatBoost,657,406,31,2,655,0,1,0.9914,0.835
CatBoost,657,416,42,5,656,1,1,0.9966,0.835
CatBoost,657,416,42,6,657,1,1,0.9966,0.835
CatBoost,657,417,42,2,655,1,1,0.9959,0.835
CatBoost,657,417,42,3,657,1,1,0.9959,0.835
CatBoost,657,418,42,2,655,1,1,0.9959,0.835
CatBoost,657,427,85,2,655,0,1,0.9862,0.835
CatBoost,657,427,85,3,657,0,1,0.9862,0.835
CatBoost,657,427,85,4,657,0,1,0.9862,0.835
CatBoost,657,429,89,2,655,1,1,0.9946,0.835
CatBoost,657,430,42,2,657,1,1,0.9375,0.835
RandomForest,658,206,18,4,475,0,0,0.6375,0.688
RandomForest,658,291,23,11,634,0,0,0.6053,0.688
RandomForest,658,300,27,5,630,1,0,0.4975,0.688
RandomForest,658,307,30,15,636,1,1,0.7732,0.688
RandomForest,658,309,30,7,636,1,1,0.7031,0.688
RandomForest,658,345,36,3,630,1,0,0.6112,0.688
RandomForest,658,346,36,3,630,1,0,0.6112,0.688
RandomForest,658,397,40,3,644,1,1,0.9427,0.688
RandomForest,658,413,39,2,655,1,1,0.8196,0.688
RandomForest,658,416,42,7,657,1,1,0.8584,0.688
RandomForest,658,416,42,8,658,1,1,0.8584,0.688
RandomForest,658,419,43,3,656,1,1,0.8069,0.688
RandomForest,658,427,85,5,657,0,0,0.2759,0.688
RandomForest,658,427,85,6,658,0,0,0.2759,0.688
LightGBM,658,206,18,4,475,0,1,0.7814,0.753
LightGBM,658,291,23,11,634,0,1,0.8939,0.753
LightGBM,658,300,27,5,630,1,1,0.97,0.753
LightGBM,658,307,30,15,636,1,1,0.9934,0.753
LightGBM,658,309,30,7,636,1,1,0.8696,0.753
LightGBM,658,345,36,3,630,1,0,0.5624,0.753
LightGBM,658,346,36,3,630,1,0,0.5624,0.753
LightGBM,658,397,40,3,644,1,1,0.9999,0.753
LightGBM,658,413,39,2,655,1,1,0.9994,0.753
LightGBM,658,416,42,7,657,1,1,0.9999,0.753
LightGBM,658,416,42,8,658,1,1,0.9999,0.753
LightGBM,658,419,43,3,656,1,1,0.9996,0.753
LightGBM,658,427,85,5,657,0,0,0.0005,0.753
LightGBM,658,427,85,6,658,0,0,0.0005,0.753
XGBoost,658,206,18,4,475,0,1,0.4544,0.427
XGBoost,658,291,23,11,634,0,1,0.5744,0.427
XGBoost,658,300,27,5,630,1,1,0.5155,0.427
XGBoost,658,307,30,15,636,1,1,0.7043,0.427
XGBoost,658,309,30,7,636,1,1,0.749,0.427
XGBoost,658,345,36,3,630,1,1,0.6282,0.427
XGBoost,658,346,36,3,630,1,1,0.6282,0.427
XGBoost,658,397,40,3,644,1,1,0.9853,0.427
XGBoost,658,413,39,2,655,1,1,0.8512,0.427
XGBoost,658,416,42,7,657,1,1,0.8478,0.427
XGBoost,658,416,42,8,658,1,1,0.8478,0.427
XGBoost,658,419,43,3,656,1,1,0.9036,0.427
XGBoost,658,427,85,5,657,0,0,0.3003,0.427
XGBoost,658,427,85,6,658,0,0,0.3003,0.427
CatBoost,658,206,18,4,475,0,1,0.9453,0.835
CatBoost,658,291,23,11,634,0,1,0.9105,0.835
CatBoost,658,300,27,5,630,1,0,0.4737,0.835
CatBoost,658,307,30,15,636,1,1,0.9574,0.835
CatBoost,658,309,30,7,636,1,0,0.8225,0.835
CatBoost,658,345,36,3,630,1,0,0.5516,0.835
CatBoost,658,346,36,3,630,1,0,0.5516,0.835
CatBoost,658,397,40,3,644,1,1,0.9925,0.835
CatBoost,658,413,39,2,655,1,1,0.9553,0.835
CatBoost,658,416,42,7,657,1,1,0.9917,0.835
CatBoost,658,416,42,8,658,1,1,0.9917,0.835
CatBoost,658,419,43,3,656,1,1,0.9827,0.835
CatBoost,658,427,85,5,657,0,0,0.0225,0.835
CatBoost,658,427,85,6,658,0,0,0.0225,0.835
RandomForest,659,206,18,5,658,0,0,0.5153,0.59
RandomForest,659,291,23,12,658,0,0,0.5376,0.59
RandomForest,659,299,27,5,634,1,1,0.6682,0.59
RandomForest,659,300,27,6,658,1,0,0.4468,0.59
RandomForest,659,307,30,16,658,1,1,0.8405,0.59
RandomForest,659,309,30,8,658,1,1,0.8295,0.59
RandomForest,659,397,40,4,658,1,1,0.9639,0.59
RandomForest,659,416,42,9,658,1,1,0.9423,0.59
RandomForest,659,416,42,10,659,1,1,0.9423,0.59
RandomForest,659,419,43,4,658,1,1,0.8745,0.59
RandomForest,659,427,85,7,658,0,0,0.1652,0.59
RandomForest,659,427,85,8,659,0,0,0.1652,0.59
RandomForest,659,429,89,3,657,1,1,0.8637,0.59
LightGBM,659,206,18,5,658,0,0,0.2056,0.9
LightGBM,659,291,23,12,658,0,0,0.113,0.9
LightGBM,659,299,27,5,634,1,1,0.9892,0.9
LightGBM,659,300,27,6,658,1,1,0.9225,0.9
LightGBM,659,307,30,16,658,1,1,0.9974,0.9
LightGBM,659,309,30,8,658,1,1,0.9984,0.9
LightGBM,659,397,40,4,658,1,1,1.0,0.9
LightGBM,659,416,42,9,658,1,1,0.9999,0.9
LightGBM,659,416,42,10,659,1,1,0.9999,0.9
LightGBM,659,419,43,4,658,1,1,0.9999,0.9
LightGBM,659,427,85,7,658,0,0,0.0002,0.9
LightGBM,659,427,85,8,659,0,0,0.0002,0.9
LightGBM,659,429,89,3,657,1,1,0.9999,0.9
XGBoost,659,206,18,5,658,0,0,0.3368,0.476
XGBoost,659,291,23,12,658,0,1,0.5344,0.476
XGBoost,659,299,27,5,634,1,0,0.3731,0.476
XGBoost,659,300,27,6,658,1,0,0.3453,0.476
XGBoost,659,307,30,16,658,1,1,0.7149,0.476
XGBoost,659,309,30,8,658,1,1,0.7418,0.476
XGBoost,659,397,40,4,658,1,1,0.9904,0.476
XGBoost,659,416,42,9,658,1,1,0.9016,0.476
XGBoost,659,416,42,10,659,1,1,0.9016,0.476
XGBoost,659,419,43,4,658,1,1,0.9392,0.476
XGBoost,659,427,85,7,658,0,0,0.173,0.476
XGBoost,659,427,85,8,659,0,0,0.173,0.476
XGBoost,659,429,89,3,657,1,1,0.8931,0.476
CatBoost,659,206,18,5,658,0,0,0.4242,0.835
CatBoost,659,291,23,12,658,0,0,0.4688,0.835
CatBoost,659,299,27,5,634,1,0,0.7723,0.835
CatBoost,659,300,27,6,658,1,0,0.4054,0.835
CatBoost,659,307,30,16,658,1,1,0.9798,0.835
CatBoost,659,309,30,8,658,1,1,0.9508,0.835
CatBoost,659,397,40,4,658,1,1,0.9941,0.835
CatBoost,659,416,42,9,658,1,1,0.9956,0.835
CatBoost,659,416,42,10,659,1,1,0.9956,0.835
CatBoost,659,419,43,4,658,1,1,0.9879,0.835
CatBoost,659,427,85,7,658,0,0,0.0097,0.835
CatBoost,659,427,85,8,659,0,0,0.0097,0.835
CatBoost,659,429,89,3,657,1,1,0.9776,0.835
RandomForest,663,397,40,5,659,0,1,0.9456,0.59
RandomForest,663,397,40,6,663,0,1,0.9456,0.59
LightGBM,663,397,40,5,659,0,1,1.0,0.835
LightGBM,663,397,40,6,663,0,1,1.0,0.835
XGBoost,663,397,40,5,659,0,1,0.9916,0.443
XGBoost,663,397,40,6,663,0,1,0.9916,0.443
CatBoost,663,397,40,5,659,0,1,0.9982,0.835
CatBoost,663,397,40,6,663,0,1,0.9982,0.835
RandomForest,664,281,7,5,636,0,0,0.2834,0.606
RandomForest,664,307,30,17,659,1,1,0.836,0.606
RandomForest,664,307,30,18,664,1,1,0.836,0.606
RandomForest,664,309,30,9,659,1,1,0.8224,0.606
RandomForest,664,309,30,10,664,1,1,0.8224,0.606
RandomForest,664,315,30,3,477,1,1,0.8263,0.606
RandomForest,664,398,35,2,639,1,1,0.6709,0.606
RandomForest,664,398,35,3,664,1,1,0.6709,0.606
LightGBM,664,281,7,5,636,0,0,0.0062,0.835
LightGBM,664,307,30,17,659,1,1,0.993,0.835
LightGBM,664,307,30,18,664,1,1,0.993,0.835
LightGBM,664,309,30,9,659,1,1,0.9984,0.835
LightGBM,664,309,30,10,664,1,1,0.9984,0.835
LightGBM,664,315,30,3,477,1,1,0.9996,0.835
LightGBM,664,398,35,2,639,1,1,0.9861,0.835
LightGBM,664,398,35,3,664,1,1,0.9861,0.835
XGBoost,664,281,7,5,636,0,0,0.2144,0.443
XGBoost,664,307,30,17,659,1,1,0.7042,0.443
XGBoost,664,307,30,18,664,1,1,0.7042,0.443
XGBoost,664,309,30,9,659,1,1,0.7437,0.443
XGBoost,664,309,30,10,664,1,1,0.7437,0.443
XGBoost,664,315,30,3,477,1,1,0.8864,0.443
XGBoost,664,398,35,2,639,1,1,0.7863,0.443
XGBoost,664,398,35,3,664,1,1,0.7863,0.443
CatBoost,664,281,7,5,636,0,0,0.249,0.835
CatBoost,664,307,30,17,659,1,1,0.9666,0.835
CatBoost,664,307,30,18,664,1,1,0.9666,0.835
CatBoost,664,309,30,9,659,1,1,0.974,0.835
CatBoost,664,309,30,10,664,1,1,0.974,0.835
CatBoost,664,315,30,3,477,1,1,0.9729,0.835
CatBoost,664,398,35,2,639,1,1,0.9757,0.835
CatBoost,664,398,35,3,664,1,1,0.9757,0.835
RandomForest,666,307,30,19,664,1,1,0.9106,0.59
RandomForest,666,309,30,11,664,1,1,0.8892,0.59
LightGBM,666,307,30,19,664,1,1,0.9997,0.753
LightGBM,666,309,30,11,664,1,1,0.9999,0.753
XGBoost,666,307,30,19,664,1,1,0.841,0.476
XGBoost,666,309,30,11,664,1,1,0.8802,0.476
CatBoost,666,307,30,19,664,1,1,0.9902,0.835
CatBoost,666,309,30,11,664,1,1,0.9876,0.835
RandomForest,670,368,14,3,529,0,0,0.4089,0.541
LightGBM,670,368,14,3,529,0,1,0.5819,0.214
XGBoost,670,368,14,3,529,0,0,0.3385,0.476
CatBoost,670,368,14,3,529,0,1,0.6398,0.345
RandomForest,672,180,4,4,529,0,0,0.245,0.541
RandomForest,672,368,14,4,670,1,0,0.4233,0.541
LightGBM,672,180,4,4,529,0,0,0.0002,0.214
LightGBM,672,368,14,4,670,1,1,0.2419,0.214
XGBoost,672,180,4,4,529,0,0,0.0407,0.476
XGBoost,672,368,14,4,670,1,0,0.2697,0.476
CatBoost,672,180,4,4,529,0,0,0.0108,0.835
CatBoost,672,368,14,4,670,1,0,0.1653,0.835
RandomForest,673,416,42,11,659,0,1,0.9028,0.541
LightGBM,673,416,42,11,659,0,1,0.9999,0.214
XGBoost,673,416,42,11,659,0,1,0.6964,0.476
CatBoost,673,416,42,11,659,0,1,0.9823,0.835
RandomForest,675,14,4,3,529,0,0,0.5278,0.541
RandomForest,675,370,57,2,675,0,0,0.4159,0.541
RandomForest,675,370,57,3,675,0,0,0.4159,0.541
LightGBM,675,14,4,3,529,0,1,0.3036,0.214
LightGBM,675,370,57,2,675,0,0,0.2082,0.214
LightGBM,675,370,57,3,675,0,0,0.2082,0.214
XGBoost,675,14,4,3,529,0,0,0.109,0.476
XGBoost,675,370,57,2,675,0,0,0.1004,0.476
XGBoost,675,370,57,3,675,0,0,0.1004,0.476
CatBoost,675,14,4,3,529,0,0,0.4831,0.835
CatBoost,675,370,57,2,675,0,0,0.2512,0.835
CatBoost,675,370,57,3,675,0,0,0.2512,0.835
RandomForest,676,14,4,4,675,0,0,0.4029,0.541
LightGBM,676,14,4,4,675,0,0,0.0094,0.214
XGBoost,676,14,4,4,675,0,0,0.1278,0.476
CatBoost,676,14,4,4,675,0,0,0.0527,0.835
RandomForest,680,26,4,3,443,0,0,0.4251,0.541
LightGBM,680,26,4,3,443,0,1,0.8717,0.214
XGBoost,680,26,4,3,443,0,0,0.3859,0.476
CatBoost,680,26,4,3,443,0,0,0.3355,0.835
RandomForest,691,417,42,4,657,0,1,0.7376,0.541
RandomForest,691,425,82,2,655,0,0,0.4872,0.541
LightGBM,691,417,42,4,657,0,0,0.0616,0.214
LightGBM,691,425,82,2,655,0,1,0.9844,0.214
XGBoost,691,417,42,4,657,0,1,0.5681,0.476
XGBoost,691,425,82,2,655,0,1,0.7567,0.476
CatBoost,691,417,42,4,657,0,0,0.6854,0.835
CatBoost,691,425,82,2,655,0,1,0.8436,0.835
RandomForest,699,206,18,6,659,0,0,0.462,0.541
RandomForest,699,296,25,6,644,1,0,0.4628,0.541
RandomForest,699,300,27,7,659,1,0,0.4026,0.541
RandomForest,699,345,36,4,658,1,1,0.6106,0.541
RandomForest,699,346,36,4,658,1,1,0.608,0.541
RandomForest,699,358,34,3,475,1,1,0.8902,0.541
RandomForest,699,358,34,4,699,1,1,0.8902,0.541
RandomForest,699,359,70,3,475,1,0,0.3831,0.541
RandomForest,699,397,40,7,663,1,1,0.5652,0.541
RandomForest,699,397,40,8,699,1,1,0.5652,0.541
LightGBM,699,206,18,6,659,0,0,0.02,0.214
LightGBM,699,296,25,6,644,1,0,0.0583,0.214
LightGBM,699,300,27,7,659,1,1,0.2846,0.214
LightGBM,699,345,36,4,658,1,1,0.9615,0.214
LightGBM,699,346,36,4,658,1,1,0.9694,0.214
LightGBM,699,358,34,3,475,1,1,1.0,0.214
LightGBM,699,358,34,4,699,1,1,1.0,0.214
LightGBM,699,359,70,3,475,1,0,0.1051,0.214
LightGBM,699,397,40,7,663,1,0,0.0048,0.214
LightGBM,699,397,40,8,699,1,0,0.0048,0.214
XGBoost,699,206,18,6,659,0,0,0.4755,0.476
XGBoost,699,296,25,6,644,1,0,0.2159,0.476
XGBoost,699,300,27,7,659,1,0,0.2746,0.476
XGBoost,699,345,36,4,658,1,0,0.4297,0.476
XGBoost,699,346,36,4,658,1,0,0.4297,0.476
XGBoost,699,358,34,3,475,1,1,0.9809,0.476
XGBoost,699,358,34,4,699,1,1,0.9809,0.476
XGBoost,699,359,70,3,475,1,0,0.238,0.476
XGBoost,699,397,40,7,663,1,0,0.3345,0.476
XGBoost,699,397,40,8,699,1,0,0.3345,0.476
CatBoost,699,206,18,6,659,0,0,0.0986,0.835
CatBoost,699,296,25,6,644,1,0,0.2249,0.835
CatBoost,699,300,27,7,659,1,0,0.6053,0.835
CatBoost,699,345,36,4,658,1,0,0.5008,0.835
CatBoost,699,346,36,4,658,1,0,0.5874,0.835
CatBoost,699,358,34,3,475,1,1,0.9959,0.835
CatBoost,699,358,34,4,699,1,1,0.9959,0.835
CatBoost,699,359,70,3,475,1,0,0.4093,0.835
CatBoost,699,397,40,7,663,1,0,0.4041,0.835
CatBoost,699,397,40,8,699,1,0,0.4041,0.835
RandomForest,700,481,32,2,687,1,1,0.8033,0.541
RandomForest,700,481,32,3,700,1,1,0.8033,0.541
RandomForest,700,481,32,4,700,1,1,0.8033,0.541
RandomForest,700,483,32,2,687,1,1,0.7731,0.541
RandomForest,700,483,32,3,700,1,1,0.7731,0.541
RandomForest,700,485,32,2,687,1,1,0.8179,0.541
RandomForest,700,485,32,3,700,1,1,0.8179,0.541
LightGBM,700,481,32,2,687,1,1,0.9265,0.214
LightGBM,700,481,32,3,700,1,1,0.9265,0.214
LightGBM,700,481,32,4,700,1,1,0.9265,0.214
LightGBM,700,483,32,2,687,1,1,0.951,0.214
LightGBM,700,483,32,3,700,1,1,0.951,0.214
LightGBM,700,485,32,2,687,1,1,0.9856,0.214
LightGBM,700,485,32,3,700,1,1,0.9856,0.214
XGBoost,700,481,32,2,687,1,1,0.7324,0.476
XGBoost,700,481,32,3,700,1,1,0.7324,0.476
XGBoost,700,481,32,4,700,1,1,0.7324,0.476
XGBoost,700,483,32,2,687,1,1,0.5494,0.476
XGBoost,700,483,32,3,700,1,1,0.5494,0.476
XGBoost,700,485,32,2,687,1,1,0.9028,0.476
XGBoost,700,485,32,3,700,1,1,0.9028,0.476
CatBoost,700,481,32,2,687,1,1,0.6053,0.345
CatBoost,700,481,32,3,700,1,1,0.6053,0.345
CatBoost,700,481,32,4,700,1,1,0.6053,0.345
CatBoost,700,483,32,2,687,1,1,0.4803,0.345
CatBoost,700,483,32,3,700,1,1,0.4803,0.345
CatBoost,700,485,32,2,687,1,1,0.9314,0.345
CatBoost,700,485,32,3,700,1,1,0.9314,0.345
RandomForest,703,311,30,2,475,1,1,0.8529,0.541
RandomForest,703,329,30,2,475,1,1,0.8993,0.541
LightGBM,703,311,30,2,475,1,1,1.0,0.214
LightGBM,703,329,30,2,475,1,1,1.0,0.214
XGBoost,703,311,30,2,475,1,1,0.934,0.476
XGBoost,703,329,30,2,475,1,1,0.9465,0.476
CatBoost,703,311,30,2,475,1,1,0.9975,0.345
CatBoost,703,329,30,2,475,1,1,0.9971,0.345
RandomForest,711,18,4,2,443,0,1,0.6179,0.541
RandomForest,711,33,6,2,443,0,1,0.7628,0.541
RandomForest,711,34,6,6,443,1,1,0.5615,0.541
LightGBM,711,18,4,2,443,0,1,0.3988,0.214
LightGBM,711,33,6,2,443,0,1,0.5534,0.214
LightGBM,711,34,6,6,443,1,0,0.0962,0.214
XGBoost,711,18,4,2,443,0,0,0.3084,0.476
XGBoost,711,33,6,2,443,0,1,0.5321,0.476
XGBoost,711,34,6,6,443,1,0,0.2825,0.476
CatBoost,711,18,4,2,443,0,1,0.7046,0.345
CatBoost,711,33,6,2,443,0,1,0.7978,0.345
CatBoost,711,34,6,6,443,1,1,0.3781,0.345
RandomForest,714,14,4,5,676,0,0,0.384,0.541
RandomForest,714,14,4,6,714,0,0,0.384,0.541
RandomForest,714,370,57,4,675,0,0,0.4066,0.541
RandomForest,714,370,57,5,714,0,0,0.4066,0.541
RandomForest,714,370,57,6,714,0,0,0.4066,0.541
LightGBM,714,14,4,5,676,0,0,0.0252,0.214
LightGBM,714,14,4,6,714,0,0,0.0252,0.214
LightGBM,714,370,57,4,675,0,1,0.3253,0.214
LightGBM,714,370,57,5,714,0,1,0.3253,0.214
LightGBM,714,370,57,6,714,0,1,0.3253,0.214
XGBoost,714,14,4,5,676,0,0,0.2422,0.704
XGBoost,714,14,4,6,714,0,0,0.2422,0.704
XGBoost,714,370,57,4,675,0,0,0.2131,0.704
XGBoost,714,370,57,5,714,0,0,0.2131,0.704
XGBoost,714,370,57,6,714,0,0,0.2131,0.704
CatBoost,714,14,4,5,676,0,0,0.0815,0.263
CatBoost,714,14,4,6,714,0,0,0.0815,0.263
CatBoost,714,370,57,4,675,0,0,0.1547,0.263
CatBoost,714,370,57,5,714,0,0,0.1547,0.263
CatBoost,714,370,57,6,714,0,0,0.1547,0.263
RandomForest,717,11,4,2,443,0,0,0.4025,0.541
LightGBM,717,11,4,2,443,0,0,0.0068,0.753
XGBoost,717,11,4,2,443,0,0,0.2685,0.476
CatBoost,717,11,4,2,443,0,0,0.0199,0.263
RandomForest,720,14,4,7,714,1,0,0.2322,0.541
RandomForest,720,180,4,5,672,0,0,0.2334,0.541
RandomForest,720,368,14,5,672,1,0,0.4138,0.541
RandomForest,720,370,57,7,714,0,0,0.1608,0.541
RandomForest,720,370,57,8,720,0,0,0.1608,0.541
RandomForest,720,370,57,9,720,0,0,0.1608,0.541
LightGBM,720,14,4,7,714,1,0,0.0006,0.753
LightGBM,720,180,4,5,672,0,0,0.0008,0.753
LightGBM,720,368,14,5,672,1,0,0.0606,0.753
LightGBM,720,370,57,7,714,0,0,0.0002,0.753
LightGBM,720,370,57,8,720,0,0,0.0002,0.753
LightGBM,720,370,57,9,720,0,0,0.0002,0.753
XGBoost,720,14,4,7,714,1,0,0.1791,0.476
XGBoost,720,180,4,5,672,0,0,0.2069,0.476
XGBoost,720,368,14,5,672,1,0,0.2805,0.476
XGBoost,720,370,57,7,714,0,0,0.0613,0.476
XGBoost,720,370,57,8,720,0,0,0.0613,0.476
XGBoost,720,370,57,9,720,0,0,0.0613,0.476
CatBoost,720,14,4,7,714,1,0,0.0313,0.263
CatBoost,720,180,4,5,672,0,0,0.0411,0.263
CatBoost,720,368,14,5,672,1,0,0.1451,0.263
CatBoost,720,370,57,7,714,0,0,0.0144,0.263
CatBoost,720,370,57,8,720,0,0,0.0144,0.263
CatBoost,720,370,57,9,720,0,0,0.0144,0.263
RandomForest,732,624,48,2,731,0,1,0.6239,0.541
LightGBM,732,624,48,2,731,0,1,0.9992,0.753
XGBoost,732,624,48,2,731,0,1,0.9392,0.704
CatBoost,732,624,48,2,731,0,1,0.9391,0.263
RandomForest,735,559,106,2,696,0,1,0.652,0.541
LightGBM,735,559,106,2,696,0,1,0.9672,0.753
XGBoost,735,559,106,2,696,0,1,0.834,0.476
CatBoost,735,559,106,2,696,0,1,0.7716,0.263
RandomForest,737,206,18,7,699,0,0,0.2592,0.541
RandomForest,737,304,28,3,475,0,0,0.5202,0.541
RandomForest,737,304,28,4,737,0,0,0.5202,0.541
RandomForest,737,345,36,5,699,1,1,0.7326,0.541
RandomForest,737,345,36,6,737,1,1,0.7326,0.541
RandomForest,737,346,36,5,699,1,1,0.7397,0.541
RandomForest,737,358,34,5,699,1,1,0.8156,0.541
RandomForest,737,397,40,9,699,1,1,0.738,0.541
LightGBM,737,206,18,7,699,0,0,0.0027,0.753
LightGBM,737,304,28,3,475,0,0,0.6545,0.753
LightGBM,737,304,28,4,737,0,0,0.6545,0.753
LightGBM,737,345,36,5,699,1,1,0.9456,0.753
LightGBM,737,345,36,6,737,1,1,0.9456,0.753
LightGBM,737,346,36,5,699,1,1,0.9502,0.753
LightGBM,737,358,34,5,699,1,1,0.9955,0.753
LightGBM,737,397,40,9,699,1,1,0.9819,0.753
XGBoost,737,206,18,7,699,0,0,0.2242,0.476
XGBoost,737,304,28,3,475,0,0,0.3972,0.476
XGBoost,737,304,28,4,737,0,0,0.3972,0.476
XGBoost,737,345,36,5,699,1,1,0.551,0.476
XGBoost,737,345,36,6,737,1,1,0.551,0.476
XGBoost,737,346,36,5,699,1,1,0.551,0.476
XGBoost,737,358,34,5,699,1,1,0.8591,0.476
XGBoost,737,397,40,9,699,1,1,0.6957,0.476
CatBoost,737,206,18,7,699,0,0,0.0209,0.263
CatBoost,737,304,28,3,475,0,1,0.4281,0.263
CatBoost,737,304,28,4,737,0,1,0.4281,0.263
CatBoost,737,345,36,5,699,1,1,0.8613,0.263
CatBoost,737,345,36,6,737,1,1,0.8613,0.263
CatBoost,737,346,36,5,699,1,1,0.8996,0.263
CatBoost,737,358,34,5,699,1,1,0.8543,0.263
CatBoost,737,397,40,9,699,1,1,0.7816,0.263
RandomForest,740,321,30,5,644,1,1,0.8977,0.541
RandomForest,740,322,30,5,644,1,1,0.8977,0.541
RandomForest,740,345,36,7,737,0,1,0.8631,0.541
RandomForest,740,345,36,8,740,0,1,0.8631,0.541
RandomForest,740,626,35,2,737,1,1,0.917,0.541
LightGBM,740,321,30,5,644,1,1,0.9984,0.753
LightGBM,740,322,30,5,644,1,1,0.9984,0.753
LightGBM,740,345,36,7,737,0,1,0.9573,0.753
LightGBM,740,345,36,8,740,0,1,0.9573,0.753
LightGBM,740,626,35,2,737,1,1,0.9944,0.753
XGBoost,740,321,30,5,644,1,1,0.8597,0.476
XGBoost,740,322,30,5,644,1,1,0.8597,0.476
XGBoost,740,345,36,7,737,0,1,0.8371,0.476
XGBoost,740,345,36,8,740,0,1,0.8371,0.476
XGBoost,740,626,35,2,737,1,1,0.9247,0.476
CatBoost,740,321,30,5,644,1,1,0.9818,0.263
CatBoost,740,322,30,5,644,1,1,0.9818,0.263
CatBoost,740,345,36,7,737,0,1,0.9592,0.263
CatBoost,740,345,36,8,740,0,1,0.9592,0.263
CatBoost,740,626,35,2,737,1,1,0.9512,0.263
RandomForest,741,397,40,10,737,1,1,0.7381,0.541
LightGBM,741,397,40,10,737,1,1,0.8214,0.753
XGBoost,741,397,40,10,737,1,1,0.5702,0.476
CatBoost,741,397,40,10,737,1,1,0.8444,0.263
RandomForest,742,397,40,11,741,1,1,0.7489,0.541
LightGBM,742,397,40,11,741,1,1,0.9988,0.753
XGBoost,742,397,40,11,741,1,1,0.7129,0.476
CatBoost,742,397,40,11,741,1,1,0.8993,0.263
RandomForest,743,397,40,12,742,1,1,0.7915,0.541
RandomForest,743,627,40,2,741,0,1,0.866,0.541
LightGBM,743,397,40,12,742,1,1,0.9991,0.753
LightGBM,743,627,40,2,741,0,1,0.9999,0.753
XGBoost,743,397,40,12,742,1,1,0.7842,0.476
XGBoost,743,627,40,2,741,0,1,0.9698,0.476
CatBoost,743,397,40,12,742,1,1,0.9563,0.263
CatBoost,743,627,40,2,741,0,1,0.9914,0.263
RandomForest,745,337,33,2,475,1,1,0.8479,0.541
RandomForest,745,345,36,9,740,0,0,0.4192,0.541
RandomForest,745,397,40,13,743,1,1,0.8117,0.541
RandomForest,745,397,40,14,745,1,1,0.8117,0.541
LightGBM,745,337,33,2,475,1,1,0.9996,0.753
LightGBM,745,345,36,9,740,0,0,0.0026,0.753
LightGBM,745,397,40,13,743,1,1,0.9991,0.753
LightGBM,745,397,40,14,745,1,1,0.9991,0.753
XGBoost,745,337,33,2,475,1,1,0.958,0.476
XGBoost,745,345,36,9,740,0,0,0.3726,0.476
XGBoost,745,397,40,13,743,1,1,0.8101,0.476
XGBoost,745,397,40,14,745,1,1,0.8101,0.476
CatBoost,745,337,33,2,475,1,1,0.9822,0.263
CatBoost,745,345,36,9,740,0,0,0.236,0.263
CatBoost,745,397,40,13,743,1,1,0.9735,0.263
CatBoost,745,397,40,14,745,1,1,0.9735,0.263
RandomForest,751,271,24,3,443,0,1,0.5745,0.541
LightGBM,751,271,24,3,443,0,0,0.1758,0.753
XGBoost,751,271,24,3,443,0,0,0.2212,0.476
CatBoost,751,271,24,3,443,0,1,0.3366,0.263
RandomForest,755,450,24,2,755,1,1,0.6546,0.541
RandomForest,755,450,24,3,755,1,1,0.6546,0.541
RandomForest,755,451,24,2,755,1,1,0.6546,0.541
RandomForest,755,476,32,2,687,1,1,0.8155,0.541
RandomForest,755,476,32,3,755,1,1,0.8155,0.541
RandomForest,755,481,32,5,700,1,1,0.7767,0.541
RandomForest,755,481,32,6,755,1,1,0.7767,0.541
RandomForest,755,481,32,7,755,1,1,0.7767,0.541
RandomForest,755,485,32,4,700,1,1,0.761,0.541
RandomForest,755,485,32,5,755,1,1,0.761,0.541
RandomForest,755,537,22,2,700,1,1,0.708,0.541
LightGBM,755,450,24,2,755,1,0,0.7097,0.753
LightGBM,755,450,24,3,755,1,0,0.7097,0.753
LightGBM,755,451,24,2,755,1,0,0.7097,0.753
LightGBM,755,476,32,2,687,1,1,0.986,0.753
LightGBM,755,476,32,3,755,1,1,0.986,0.753
LightGBM,755,481,32,5,700,1,1,0.9707,0.753
LightGBM,755,481,32,6,755,1,1,0.9707,0.753
LightGBM,755,481,32,7,755,1,1,0.9707,0.753
LightGBM,755,485,32,4,700,1,1,0.9607,0.753
LightGBM,755,485,32,5,755,1,1,0.9607,0.753
LightGBM,755,537,22,2,700,1,1,0.9944,0.753
XGBoost,755,450,24,2,755,1,0,0.3999,0.476
XGBoost,755,450,24,3,755,1,0,0.3999,0.476
XGBoost,755,451,24,2,755,1,0,0.3999,0.476
XGBoost,755,476,32,2,687,1,1,0.7912,0.476
XGBoost,755,476,32,3,755,1,1,0.7912,0.476
XGBoost,755,481,32,5,700,1,1,0.5282,0.476
XGBoost,755,481,32,6,755,1,1,0.5282,0.476
XGBoost,755,481,32,7,755,1,1,0.5282,0.476
XGBoost,755,485,32,4,700,1,1,0.6442,0.476
XGBoost,755,485,32,5,755,1,1,0.6442,0.476
XGBoost,755,537,22,2,700,1,1,0.8247,0.476
CatBoost,755,450,24,2,755,1,1,0.4652,0.345
CatBoost,755,450,24,3,755,1,1,0.4652,0.345
CatBoost,755,451,24,2,755,1,1,0.4652,0.345
CatBoost,755,476,32,2,687,1,1,0.8377,0.345
CatBoost,755,476,32,3,755,1,1,0.8377,0.345
CatBoost,755,481,32,5,700,1,1,0.9136,0.345
CatBoost,755,481,32,6,755,1,1,0.9136,0.345
CatBoost,755,481,32,7,755,1,1,0.9136,0.345
CatBoost,755,485,32,4,700,1,1,0.6789,0.345
CatBoost,755,485,32,5,755,1,1,0.6789,0.345
CatBoost,755,537,22,2,700,1,1,0.899,0.345
RandomForest,756,311,30,3,703,0,1,0.8936,0.541
RandomForest,756,313,30,6,653,1,1,0.8,0.541
RandomForest,756,313,30,7,756,1,1,0.8,0.541
RandomForest,756,313,30,8,756,1,1,0.8,0.541
RandomForest,756,337,33,3,745,1,1,0.8766,0.541
RandomForest,756,337,33,4,756,1,1,0.8766,0.541
RandomForest,756,345,36,10,745,1,0,0.3,0.541
RandomForest,756,346,36,6,737,1,1,0.558,0.541
RandomForest,756,358,34,6,737,1,1,0.8478,0.541
RandomForest,756,358,34,7,756,1,1,0.8478,0.541
RandomForest,756,358,34,8,756,1,1,0.8478,0.541
RandomForest,756,397,40,15,745,1,1,0.8856,0.541
RandomForest,756,397,40,16,756,1,1,0.8856,0.541
RandomForest,756,397,40,17,756,1,1,0.8856,0.541
LightGBM,756,311,30,3,703,0,1,0.9996,0.704
LightGBM,756,313,30,6,653,1,1,0.9999,0.704
LightGBM,756,313,30,7,756,1,1,0.9999,0.704
LightGBM,756,313,30,8,756,1,1,0.9999,0.704
LightGBM,756,337,33,3,745,1,1,0.9977,0.704
LightGBM,756,337,33,4,756,1,1,0.9977,0.704
LightGBM,756,345,36,10,745,1,0,0.0014,0.704
LightGBM,756,346,36,6,737,1,0,0.0062,0.704
LightGBM,756,358,34,6,737,1,1,0.9294,0.704
LightGBM,756,358,34,7,756,1,1,0.9294,0.704
LightGBM,756,358,34,8,756,1,1,0.9294,0.704
LightGBM,756,397,40,15,745,1,1,0.9996,0.704
LightGBM,756,397,40,16,756,1,1,0.9996,0.704
LightGBM,756,397,40,17,756,1,1,0.9996,0.704
XGBoost,756,311,30,3,703,0,1,0.8972,0.476
XGBoost,756,313,30,6,653,1,1,0.9627,0.476
XGBoost,756,313,30,7,756,1,1,0.9627,0.476
XGBoost,756,313,30,8,756,1,1,0.9627,0.476
XGBoost,756,337,33,3,745,1,1,0.8629,0.476
XGBoost,756,337,33,4,756,1,1,0.8629,0.476
XGBoost,756,345,36,10,745,1,0,0.1496,0.476
XGBoost,756,346,36,6,737,1,0,0.267,0.476
XGBoost,756,358,34,6,737,1,1,0.8168,0.476
XGBoost,756,358,34,7,756,1,1,0.8168,0.476
XGBoost,756,358,34,8,756,1,1,0.8168,0.476
XGBoost,756,397,40,15,745,1,1,0.8655,0.476
XGBoost,756,397,40,16,756,1,1,0.8655,0.476
XGBoost,756,397,40,17,756,1,1,0.8655,0.476
CatBoost,756,311,30,3,703,0,1,0.975,0.345
CatBoost,756,313,30,6,653,1,1,0.9251,0.345
CatBoost,756,313,30,7,756,1,1,0.9251,0.345
CatBoost,756,313,30,8,756,1,1,0.9251,0.345
CatBoost,756,337,33,3,745,1,1,0.9652,0.345
CatBoost,756,337,33,4,756,1,1,0.9652,0.345
CatBoost,756,345,36,10,745,1,0,0.0609,0.345
CatBoost,756,346,36,6,737,1,1,0.3593,0.345
CatBoost,756,358,34,6,737,1,1,0.9533,0.345
CatBoost,756,358,34,7,756,1,1,0.9533,0.345
CatBoost,756,358,34,8,756,1,1,0.9533,0.345
CatBoost,756,397,40,15,745,1,1,0.9833,0.345
CatBoost,756,397,40,16,756,1,1,0.9833,0.345
CatBoost,756,397,40,17,756,1,1,0.9833,0.345
RandomForest,760,311,30,4,756,0,1,0.6613,0.541
RandomForest,760,311,30,5,760,0,1,0.6613,0.541
RandomForest,760,345,36,11,756,0,0,0.3972,0.541
RandomForest,760,358,34,9,756,1,1,0.8536,0.541
RandomForest,760,397,40,18,756,1,1,0.9033,0.541
RandomForest,760,397,40,19,760,1,1,0.9033,0.541
LightGBM,760,311,30,4,756,0,0,0.5565,0.704
LightGBM,760,311,30,5,760,0,0,0.5565,0.704
LightGBM,760,345,36,11,756,0,1,0.7041,0.704
LightGBM,760,358,34,9,756,1,1,0.9889,0.704
LightGBM,760,397,40,18,756,1,1,0.9988,0.704
LightGBM,760,397,40,19,760,1,1,0.9988,0.704
XGBoost,760,311,30,4,756,0,1,0.5323,0.476
XGBoost,760,311,30,5,760,0,1,0.5323,0.476
XGBoost,760,345,36,11,756,0,0,0.24,0.476
XGBoost,760,358,34,9,756,1,1,0.8166,0.476
XGBoost,760,397,40,18,756,1,1,0.8546,0.476
XGBoost,760,397,40,19,760,1,1,0.8546,0.476
CatBoost,760,311,30,4,756,0,1,0.6898,0.345
CatBoost,760,311,30,5,760,0,1,0.6898,0.345
CatBoost,760,345,36,11,756,0,0,0.3324,0.345
CatBoost,760,358,34,9,756,1,1,0.8153,0.345
CatBoost,760,397,40,18,756,1,1,0.9801,0.345
CatBoost,760,397,40,19,760,1,1,0.9801,0.345
RandomForest,763,281,7,6,664,0,0,0.4721,0.541
RandomForest,763,309,30,12,666,0,1,0.8893,0.541
RandomForest,763,336,32,3,635,1,1,0.6934,0.541
RandomForest,763,342,36,2,470,0,1,0.7604,0.541
RandomForest,763,342,36,3,763,0,1,0.7604,0.541
RandomForest,763,361,38,2,475,1,1,0.7912,0.541
RandomForest,763,399,42,2,635,1,1,0.7514,0.541
LightGBM,763,281,7,6,664,0,1,0.8932,0.704
LightGBM,763,309,30,12,666,0,1,0.9989,0.704
LightGBM,763,336,32,3,635,1,1,0.7992,0.704
LightGBM,763,342,36,2,470,0,0,0.613,0.704
LightGBM,763,342,36,3,763,0,0,0.613,0.704
LightGBM,763,361,38,2,475,1,0,0.4987,0.704
LightGBM,763,399,42,2,635,1,1,0.9924,0.704
XGBoost,763,281,7,6,664,0,0,0.3361,0.476
XGBoost,763,309,30,12,666,0,1,0.971,0.476
XGBoost,763,336,32,3,635,1,0,0.4073,0.476
XGBoost,763,342,36,2,470,0,1,0.9176,0.476
XGBoost,763,342,36,3,763,0,1,0.9176,0.476
XGBoost,763,361,38,2,475,1,1,0.5711,0.476
XGBoost,763,399,42,2,635,1,1,0.9208,0.476
CatBoost,763,281,7,6,664,0,1,0.6446,0.345
CatBoost,763,309,30,12,666,0,1,0.9853,0.345
CatBoost,763,336,32,3,635,1,1,0.7066,0.345
CatBoost,763,342,36,2,470,0,1,0.8851,0.345
CatBoost,763,342,36,3,763,0,1,0.8851,0.345
CatBoost,763,361,38,2,475,1,1,0.9129,0.345
CatBoost,763,399,42,2,635,1,1,0.7468,0.345
RandomForest,776,14,4,8,720,0,0,0.2983,0.541
RandomForest,776,370,57,10,720,0,0,0.1976,0.541
LightGBM,776,14,4,8,720,0,1,0.8732,0.655
LightGBM,776,370,57,10,720,0,0,0.0055,0.655
XGBoost,776,14,4,8,720,0,0,0.4113,0.476
XGBoost,776,370,57,10,720,0,0,0.188,0.476
CatBoost,776,14,4,8,720,0,1,0.6322,0.345
CatBoost,776,370,57,10,720,0,0,0.0347,0.345
RandomForest,777,14,4,9,776,0,0,0.1911,0.541
RandomForest,777,370,57,11,776,0,0,0.0915,0.541
RandomForest,777,370,57,12,777,0,0,0.0915,0.541
LightGBM,777,14,4,9,776,0,0,0.1009,0.655
LightGBM,777,370,57,11,776,0,0,0.0001,0.655
LightGBM,777,370,57,12,777,0,0,0.0001,0.655
XGBoost,777,14,4,9,776,0,0,0.075,0.476
XGBoost,777,370,57,11,776,0,0,0.0126,0.476
XGBoost,777,370,57,12,777,0,0,0.0126,0.476
CatBoost,777,14,4,9,776,0,0,0.1109,0.345
CatBoost,777,370,57,11,776,0,0,0.0056,0.345
CatBoost,777,370,57,12,777,0,0,0.0056,0.345
RandomForest,785,614,81,2,759,0,0,0.2968,0.541
RandomForest,785,681,128,2,785,0,0,0.3092,0.541
LightGBM,785,614,81,2,759,0,0,0.0005,0.655
LightGBM,785,681,128,2,785,0,0,0.0065,0.655
XGBoost,785,614,81,2,759,0,0,0.0643,0.427
XGBoost,785,681,128,2,785,0,0,0.1646,0.427
CatBoost,785,614,81,2,759,0,0,0.0935,0.345
CatBoost,785,681,128,2,785,0,0,0.1004,0.345
RandomForest,786,600,11,2,786,0,0,0.2372,0.541
LightGBM,786,600,11,2,786,0,0,0.0035,0.655
XGBoost,786,600,11,2,786,0,0,0.017,0.427
CatBoost,786,600,11,2,786,0,0,0.0305,0.345
RandomForest,789,14,4,10,777,0,0,0.1892,0.541
RandomForest,789,370,57,13,777,0,0,0.0561,0.541
RandomForest,789,370,57,14,789,0,0,0.0561,0.541
RandomForest,789,370,57,15,789,0,0,0.0561,0.541
LightGBM,789,14,4,10,777,0,0,0.0722,0.655
LightGBM,789,370,57,13,777,0,0,0.0003,0.655
LightGBM,789,370,57,14,789,0,0,0.0003,0.655
LightGBM,789,370,57,15,789,0,0,0.0003,0.655
XGBoost,789,14,4,10,777,0,0,0.1388,0.427
XGBoost,789,370,57,13,777,0,0,0.0642,0.427
XGBoost,789,370,57,14,789,0,0,0.0642,0.427
XGBoost,789,370,57,15,789,0,0,0.0642,0.427
CatBoost,789,14,4,10,777,0,0,0.0596,0.345
CatBoost,789,370,57,13,777,0,0,0.0082,0.345
CatBoost,789,370,57,14,789,0,0,0.0082,0.345
CatBoost,789,370,57,15,789,0,0,0.0082,0.345
RandomForest,791,280,4,2,475,0,0,0.3481,0.541
RandomForest,791,281,7,7,763,0,0,0.1923,0.541
RandomForest,791,291,23,13,659,1,0,0.3967,0.541
RandomForest,791,291,23,14,791,1,0,0.3967,0.541
RandomForest,791,301,28,2,475,0,0,0.5045,0.541
RandomForest,791,301,28,3,791,0,0,0.5045,0.541
RandomForest,791,307,30,20,666,1,1,0.7787,0.541
RandomForest,791,307,30,21,791,1,1,0.7787,0.541
RandomForest,791,309,30,13,763,1,1,0.6847,0.541
RandomForest,791,309,30,14,791,1,1,0.6847,0.541
RandomForest,791,315,30,4,664,1,1,0.7093,0.541
RandomForest,791,342,36,4,763,0,0,0.4389,0.541
RandomForest,791,342,36,5,791,0,0,0.4389,0.541
RandomForest,791,361,38,3,763,1,1,0.7129,0.541
RandomForest,791,361,38,4,791,1,1,0.7129,0.541
RandomForest,791,361,38,5,791,1,1,0.7129,0.541
RandomForest,791,398,35,4,664,1,0,0.5225,0.541
RandomForest,791,398,35,5,791,1,0,0.5225,0.541
LightGBM,791,280,4,2,475,0,0,0.0001,0.655
LightGBM,791,281,7,7,763,0,0,0.0075,0.655
LightGBM,791,291,23,13,659,1,0,0.4947,0.655
LightGBM,791,291,23,14,791,1,0,0.4947,0.655
LightGBM,791,301,28,2,475,0,0,0.1028,0.655
LightGBM,791,301,28,3,791,0,0,0.1028,0.655
LightGBM,791,307,30,20,666,1,0,0.4795,0.655
LightGBM,791,307,30,21,791,1,0,0.4795,0.655
LightGBM,791,309,30,13,763,1,0,0.0251,0.655
LightGBM,791,309,30,14,791,1,0,0.0251,0.655
LightGBM,791,315,30,4,664,1,1,0.7983,0.655
LightGBM,791,342,36,4,763,0,0,0.0447,0.655
LightGBM,791,342,36,5,791,0,0,0.0447,0.655
LightGBM,791,361,38,3,763,1,1,0.7118,0.655
LightGBM,791,361,38,4,791,1,1,0.7118,0.655
LightGBM,791,361,38,5,791,1,1,0.7118,0.655
LightGBM,791,398,35,4,664,1,1,0.9766,0.655
LightGBM,791,398,35,5,791,1,1,0.9766,0.655
XGBoost,791,280,4,2,475,0,0,0.0095,0.427
XGBoost,791,281,7,7,763,0,0,0.0366,0.427
XGBoost,791,291,23,13,659,1,0,0.1067,0.427
XGBoost,791,291,23,14,791,1,0,0.1067,0.427
XGBoost,791,301,28,2,475,0,0,0.2334,0.427
XGBoost,791,301,28,3,791,0,0,0.2334,0.427
XGBoost,791,307,30,20,666,1,1,0.6644,0.427
XGBoost,791,307,30,21,791,1,1,0.6644,0.427
XGBoost,791,309,30,13,763,1,1,0.6781,0.427
XGBoost,791,309,30,14,791,1,1,0.6781,0.427
XGBoost,791,315,30,4,664,1,1,0.6869,0.427
XGBoost,791,342,36,4,763,0,0,0.2965,0.427
XGBoost,791,342,36,5,791,0,0,0.2965,0.427
XGBoost,791,361,38,3,763,1,0,0.2146,0.427
XGBoost,791,361,38,4,791,1,0,0.2146,0.427
XGBoost,791,361,38,5,791,1,0,0.2146,0.427
XGBoost,791,398,35,4,664,1,1,0.8961,0.427
XGBoost,791,398,35,5,791,1,1,0.8961,0.427
CatBoost,791,280,4,2,475,0,0,0.0229,0.345
CatBoost,791,281,7,7,763,0,0,0.1065,0.345
CatBoost,791,291,23,13,659,1,1,0.3995,0.345
CatBoost,791,291,23,14,791,1,1,0.3995,0.345
CatBoost,791,301,28,2,475,0,0,0.3185,0.345
CatBoost,791,301,28,3,791,0,0,0.3185,0.345
CatBoost,791,307,30,20,666,1,1,0.5906,0.345
CatBoost,791,307,30,21,791,1,1,0.5906,0.345
CatBoost,791,309,30,13,763,1,0,0.1461,0.345
CatBoost,791,309,30,14,791,1,0,0.1461,0.345
CatBoost,791,315,30,4,664,1,1,0.7891,0.345
CatBoost,791,342,36,4,763,0,1,0.6221,0.345
CatBoost,791,342,36,5,791,0,1,0.6221,0.345
CatBoost,791,361,38,3,763,1,1,0.7284,0.345
CatBoost,791,361,38,4,791,1,1,0.7284,0.345
CatBoost,791,361,38,5,791,1,1,0.7284,0.345
CatBoost,791,398,35,4,664,1,1,0.8371,0.345
CatBoost,791,398,35,5,791,1,1,0.8371,0.345
RandomForest,793,280,4,3,791,0,0,0.1852,0.541
RandomForest,793,281,7,8,791,0,0,0.1304,0.541
RandomForest,793,281,7,9,793,0,0,0.1304,0.541
RandomForest,793,301,28,4,791,0,0,0.3013,0.541
RandomForest,793,301,28,5,793,0,0,0.3013,0.541
RandomForest,793,307,30,22,791,1,1,0.8565,0.541
RandomForest,793,307,30,23,793,1,1,0.8565,0.541
RandomForest,793,309,30,15,791,1,1,0.8291,0.541
RandomForest,793,309,30,16,793,1,1,0.8291,0.541
RandomForest,793,315,30,5,791,1,1,0.8113,0.541
RandomForest,793,342,36,6,791,0,0,0.2851,0.541
RandomForest,793,342,36,7,793,0,0,0.2851,0.541
RandomForest,793,361,38,6,791,1,1,0.8368,0.541
RandomForest,793,361,38,7,793,1,1,0.8368,0.541
RandomForest,793,361,38,8,793,1,1,0.8368,0.541
RandomForest,793,398,35,6,791,1,1,0.8095,0.541
RandomForest,793,398,35,7,793,1,1,0.8095,0.541
LightGBM,793,280,4,3,791,0,0,0.0004,0.655
LightGBM,793,281,7,8,791,0,0,0.0035,0.655
LightGBM,793,281,7,9,793,0,0,0.0035,0.655
LightGBM,793,301,28,4,791,0,0,0.0157,0.655
LightGBM,793,301,28,5,793,0,0,0.0157,0.655
LightGBM,793,307,30,22,791,1,1,0.9712,0.655
LightGBM,793,307,30,23,793,1,1,0.9712,0.655
LightGBM,793,309,30,15,791,1,1,0.9741,0.655
LightGBM,793,309,30,16,793,1,1,0.9741,0.655
LightGBM,793,315,30,5,791,1,1,0.9741,0.655
LightGBM,793,342,36,6,791,0,0,0.0558,0.655
LightGBM,793,342,36,7,793,0,0,0.0558,0.655
LightGBM,793,361,38,6,791,1,1,0.9863,0.655
LightGBM,793,361,38,7,793,1,1,0.9863,0.655
LightGBM,793,361,38,8,793,1,1,0.9863,0.655
LightGBM,793,398,35,6,791,1,1,0.9951,0.655
LightGBM,793,398,35,7,793,1,1,0.9951,0.655
XGBoost,793,280,4,3,791,0,0,0.0056,0.394
XGBoost,793,281,7,8,791,0,0,0.0131,0.394
XGBoost,793,281,7,9,793,0,0,0.0131,0.394
XGBoost,793,301,28,4,791,0,0,0.0776,0.394
XGBoost,793,301,28,5,793,0,0,0.0776,0.394
XGBoost,793,307,30,22,791,1,1,0.869,0.394
XGBoost,793,307,30,23,793,1,1,0.869,0.394
XGBoost,793,309,30,15,791,1,1,0.8148,0.394
XGBoost,793,309,30,16,793,1,1,0.8148,0.394
XGBoost,793,315,30,5,791,1,1,0.8229,0.394
XGBoost,793,342,36,6,791,0,0,0.1012,0.394
XGBoost,793,342,36,7,793,0,0,0.1012,0.394
XGBoost,793,361,38,6,791,1,1,0.4965,0.394
XGBoost,793,361,38,7,793,1,1,0.4965,0.394
XGBoost,793,361,38,8,793,1,1,0.4965,0.394
XGBoost,793,398,35,6,791,1,1,0.8748,0.394
XGBoost,793,398,35,7,793,1,1,0.8748,0.394
CatBoost,793,280,4,3,791,0,0,0.026,0.345
CatBoost,793,281,7,8,791,0,0,0.0413,0.345
CatBoost,793,281,7,9,793,0,0,0.0413,0.345
CatBoost,793,301,28,4,791,0,0,0.202,0.345
CatBoost,793,301,28,5,793,0,0,0.202,0.345
CatBoost,793,307,30,22,791,1,1,0.9402,0.345
CatBoost,793,307,30,23,793,1,1,0.9402,0.345
CatBoost,793,309,30,15,791,1,1,0.6809,0.345
CatBoost,793,309,30,16,793,1,1,0.6809,0.345
CatBoost,793,315,30,5,791,1,1,0.8609,0.345
CatBoost,793,342,36,6,791,0,0,0.0847,0.345
CatBoost,793,342,36,7,793,0,0,0.0847,0.345
CatBoost,793,361,38,6,791,1,1,0.9416,0.345
CatBoost,793,361,38,7,793,1,1,0.9416,0.345
CatBoost,793,361,38,8,793,1,1,0.9416,0.345
CatBoost,793,398,35,6,791,1,1,0.9096,0.345
CatBoost,793,398,35,7,793,1,1,0.9096,0.345
RandomForest,797,281,7,10,793,0,0,0.0572,0.541
RandomForest,797,281,7,11,797,0,0,0.0572,0.541
RandomForest,797,281,7,12,797,0,0,0.0572,0.541
RandomForest,797,301,28,6,793,1,0,0.1546,0.541
RandomForest,797,301,28,7,797,1,0,0.1546,0.541
RandomForest,797,306,30,3,477,1,1,0.7197,0.541
RandomForest,797,309,30,17,793,1,1,0.8957,0.541
RandomForest,797,309,30,18,797,1,1,0.8957,0.541
RandomForest,797,316,30,3,477,1,1,0.7174,0.541
RandomForest,797,342,36,8,793,0,0,0.1385,0.541
RandomForest,797,342,36,9,797,0,0,0.1385,0.541
RandomForest,797,361,38,9,793,1,1,0.8666,0.541
RandomForest,797,511,40,2,763,1,1,0.8523,0.541
RandomForest,797,637,23,2,763,1,1,0.7253,0.541
LightGBM,797,281,7,10,793,0,0,0.0009,0.655
LightGBM,797,281,7,11,797,0,0,0.0009,0.655
LightGBM,797,281,7,12,797,0,0,0.0009,0.655
LightGBM,797,301,28,6,793,1,0,0.0031,0.655
LightGBM,797,301,28,7,797,1,0,0.0031,0.655
LightGBM,797,306,30,3,477,1,0,0.543,0.655
LightGBM,797,309,30,17,793,1,1,0.9843,0.655
LightGBM,797,309,30,18,797,1,1,0.9843,0.655
LightGBM,797,316,30,3,477,1,1,0.8234,0.655
LightGBM,797,342,36,8,793,0,0,0.0037,0.655
LightGBM,797,342,36,9,797,0,0,0.0037,0.655
LightGBM,797,361,38,9,793,1,1,0.9942,0.655
LightGBM,797,511,40,2,763,1,1,0.997,0.655
LightGBM,797,637,23,2,763,1,1,0.6798,0.655
XGBoost,797,281,7,10,793,0,0,0.0125,0.394
XGBoost,797,281,7,11,797,0,0,0.0125,0.394
XGBoost,797,281,7,12,797,0,0,0.0125,0.394
XGBoost,797,301,28,6,793,1,0,0.0271,0.394
XGBoost,797,301,28,7,797,1,0,0.0271,0.394
XGBoost,797,306,30,3,477,1,1,0.8241,0.394
XGBoost,797,309,30,17,793,1,1,0.8848,0.394
XGBoost,797,309,30,18,797,1,1,0.8848,0.394
XGBoost,797,316,30,3,477,1,1,0.8381,0.394
XGBoost,797,342,36,8,793,0,0,0.0402,0.394
XGBoost,797,342,36,9,797,0,0,0.0402,0.394
XGBoost,797,361,38,9,793,1,1,0.7214,0.394
XGBoost,797,511,40,2,763,1,1,0.9673,0.394
XGBoost,797,637,23,2,763,1,1,0.913,0.394
CatBoost,797,281,7,10,793,0,0,0.0116,0.345
CatBoost,797,281,7,11,797,0,0,0.0116,0.345
CatBoost,797,281,7,12,797,0,0,0.0116,0.345
CatBoost,797,301,28,6,793,1,0,0.0417,0.345
CatBoost,797,301,28,7,797,1,0,0.0417,0.345
CatBoost,797,306,30,3,477,1,1,0.7201,0.345
CatBoost,797,309,30,17,793,1,1,0.9335,0.345
CatBoost,797,309,30,18,797,1,1,0.9335,0.345
CatBoost,797,316,30,3,477,1,1,0.7528,0.345
CatBoost,797,342,36,8,793,0,0,0.0476,0.345
CatBoost,797,342,36,9,797,0,0,0.0476,0.345
CatBoost,797,361,38,9,793,1,1,0.9291,0.345
CatBoost,797,511,40,2,763,1,1,0.9368,0.345
CatBoost,797,637,23,2,763,1,1,0.6123,0.345
RandomForest,798,281,7,13,797,0,0,0.0317,0.541
RandomForest,798,291,23,15,791,1,0,0.4921,0.541
RandomForest,798,301,28,8,797,0,0,0.3232,0.541
RandomForest,798,301,28,9,798,0,0,0.3232,0.541
RandomForest,798,309,30,19,797,1,1,0.953,0.541
RandomForest,798,342,36,10,797,0,0,0.1365,0.541
RandomForest,798,342,36,11,798,0,0,0.1365,0.541
LightGBM,798,281,7,13,797,0,0,0.0001,0.655
LightGBM,798,291,23,15,791,1,1,0.7771,0.655
LightGBM,798,301,28,8,797,0,1,0.9002,0.655
LightGBM,798,301,28,9,798,0,1,0.9002,0.655
LightGBM,798,309,30,19,797,1,1,0.9996,0.655
LightGBM,798,342,36,10,797,0,0,0.0026,0.655
LightGBM,798,342,36,11,798,0,0,0.0026,0.655
XGBoost,798,281,7,13,797,0,0,0.0126,0.394
XGBoost,798,291,23,15,791,1,0,0.3419,0.394
XGBoost,798,301,28,8,797,0,1,0.4983,0.394
XGBoost,798,301,28,9,798,0,1,0.4983,0.394
XGBoost,798,309,30,19,797,1,1,0.9504,0.394
XGBoost,798,342,36,10,797,0,0,0.0385,0.394
XGBoost,798,342,36,11,798,0,0,0.0385,0.394
CatBoost,798,281,7,13,797,0,0,0.0082,0.345
CatBoost,798,291,23,15,791,1,1,0.4594,0.345
CatBoost,798,301,28,8,797,0,0,0.2596,0.345
CatBoost,798,301,28,9,798,0,0,0.2596,0.345
CatBoost,798,309,30,19,797,1,1,0.9724,0.345
CatBoost,798,342,36,10,797,0,0,0.0101,0.345
CatBoost,798,342,36,11,798,0,0,0.0101,0.345
RandomForest,799,686,25,2,798,0,1,0.7993,0.541
LightGBM,799,686,25,2,798,0,1,0.8735,0.655
XGBoost,799,686,25,2,798,0,1,0.7896,0.247
CatBoost,799,686,25,2,798,0,1,0.9284,0.345
RandomForest,800,281,7,14,798,0,0,0.0329,0.541
RandomForest,800,281,7,15,800,0,0,0.0329,0.541
RandomForest,800,281,7,16,800,0,0,0.0329,0.541
RandomForest,800,299,27,6,659,0,0,0.5381,0.541
RandomForest,800,301,28,10,798,1,0,0.1911,0.541
RandomForest,800,307,30,24,793,1,1,0.9469,0.541
RandomForest,800,309,30,20,798,1,1,0.9657,0.541
RandomForest,800,309,30,21,800,1,1,0.9657,0.541
RandomForest,800,342,36,12,798,1,0,0.0589,0.541
RandomForest,800,342,36,13,800,1,0,0.0589,0.541
RandomForest,800,398,35,8,793,1,1,0.8348,0.541
RandomForest,800,398,35,9,800,1,1,0.8348,0.541
RandomForest,800,433,33,2,664,1,1,0.9057,0.541
RandomForest,800,511,40,3,797,1,1,0.9012,0.541
LightGBM,800,281,7,14,798,0,0,0.0001,0.655
LightGBM,800,281,7,15,800,0,0,0.0001,0.655
LightGBM,800,281,7,16,800,0,0,0.0001,0.655
LightGBM,800,299,27,6,659,0,0,0.5913,0.655
LightGBM,800,301,28,10,798,1,0,0.0016,0.655
LightGBM,800,307,30,24,793,1,1,0.9984,0.655
LightGBM,800,309,30,20,798,1,1,0.9995,0.655
LightGBM,800,309,30,21,800,1,1,0.9995,0.655
LightGBM,800,342,36,12,798,1,0,0.0001,0.655
LightGBM,800,342,36,13,800,1,0,0.0001,0.655
LightGBM,800,398,35,8,793,1,1,0.9993,0.655
LightGBM,800,398,35,9,800,1,1,0.9993,0.655
LightGBM,800,433,33,2,664,1,1,1.0,0.655
LightGBM,800,511,40,3,797,1,1,0.9991,0.655
XGBoost,800,281,7,14,798,0,0,0.0118,0.247
XGBoost,800,281,7,15,800,0,0,0.0118,0.247
XGBoost,800,281,7,16,800,0,0,0.0118,0.247
XGBoost,800,299,27,6,659,0,0,0.0491,0.247
XGBoost,800,301,28,10,798,1,0,0.0472,0.247
XGBoost,800,307,30,24,793,1,1,0.9602,0.247
XGBoost,800,309,30,20,798,1,1,0.962,0.247
XGBoost,800,309,30,21,800,1,1,0.962,0.247
XGBoost,800,342,36,12,798,1,0,0.0267,0.247
XGBoost,800,342,36,13,800,1,0,0.0267,0.247
XGBoost,800,398,35,8,793,1,1,0.9329,0.247
XGBoost,800,398,35,9,800,1,1,0.9329,0.247
XGBoost,800,433,33,2,664,1,1,0.9861,0.247
XGBoost,800,511,40,3,797,1,1,0.9573,0.247
CatBoost,800,281,7,14,798,0,0,0.0073,0.345
CatBoost,800,281,7,15,800,0,0,0.0073,0.345
CatBoost,800,281,7,16,800,0,0,0.0073,0.345
CatBoost,800,299,27,6,659,0,1,0.5141,0.345
CatBoost,800,301,28,10,798,1,0,0.0424,0.345
CatBoost,800,307,30,24,793,1,1,0.9927,0.345
CatBoost,800,309,30,20,798,1,1,0.9807,0.345
CatBoost,800,309,30,21,800,1,1,0.9807,0.345
CatBoost,800,342,36,12,798,1,0,0.0081,0.345
CatBoost,800,342,36,13,800,1,0,0.0081,0.345
CatBoost,800,398,35,8,793,1,1,0.9714,0.345
CatBoost,800,398,35,9,800,1,1,0.9714,0.345
CatBoost,800,433,33,2,664,1,1,0.9867,0.345
CatBoost,800,511,40,3,797,1,1,0.9729,0.345
RandomForest,805,262,15,4,598,0,0,0.3415,0.541
RandomForest,805,262,15,5,805,0,0,0.3415,0.541
LightGBM,805,262,15,4,598,0,0,0.0056,0.655
LightGBM,805,262,15,5,805,0,0,0.0056,0.655
XGBoost,805,262,15,4,598,0,0,0.068,0.394
XGBoost,805,262,15,5,805,0,0,0.068,0.394
CatBoost,805,262,15,4,598,0,0,0.1828,0.345
CatBoost,805,262,15,5,805,0,0,0.1828,0.345
RandomForest,809,281,7,17,800,0,0,0.0548,0.541
RandomForest,809,281,7,18,809,0,0,0.0548,0.541
RandomForest,809,281,7,19,809,0,0,0.0548,0.541
RandomForest,809,309,30,22,800,1,1,0.9618,0.541
RandomForest,809,309,30,23,809,1,1,0.9618,0.541
RandomForest,809,315,30,6,793,1,1,0.8931,0.541
RandomForest,809,330,30,3,477,1,1,0.8298,0.541
RandomForest,809,342,36,14,800,0,0,0.2582,0.541
RandomForest,809,342,36,15,809,0,0,0.2582,0.541
LightGBM,809,281,7,17,800,0,0,0.0012,0.655
LightGBM,809,281,7,18,809,0,0,0.0012,0.655
LightGBM,809,281,7,19,809,0,0,0.0012,0.655
LightGBM,809,309,30,22,800,1,1,0.9995,0.655
LightGBM,809,309,30,23,809,1,1,0.9995,0.655
LightGBM,809,315,30,6,793,1,1,0.9968,0.655
LightGBM,809,330,30,3,477,1,1,0.9986,0.655
LightGBM,809,342,36,14,800,0,1,0.9429,0.655
LightGBM,809,342,36,15,809,0,1,0.9429,0.655
XGBoost,809,281,7,17,800,0,0,0.0313,0.394
XGBoost,809,281,7,18,809,0,0,0.0313,0.394
XGBoost,809,281,7,19,809,0,0,0.0313,0.394
XGBoost,809,309,30,22,800,1,1,0.9615,0.394
XGBoost,809,309,30,23,809,1,1,0.9615,0.394
XGBoost,809,315,30,6,793,1,1,0.975,0.394
XGBoost,809,330,30,3,477,1,1,0.9239,0.394
XGBoost,809,342,36,14,800,0,0,0.3856,0.394
XGBoost,809,342,36,15,809,0,0,0.3856,0.394
CatBoost,809,281,7,17,800,0,0,0.0355,0.345
CatBoost,809,281,7,18,809,0,0,0.0355,0.345
CatBoost,809,281,7,19,809,0,0,0.0355,0.345
CatBoost,809,309,30,22,800,1,1,0.9755,0.345
CatBoost,809,309,30,23,809,1,1,0.9755,0.345
CatBoost,809,315,30,6,793,1,1,0.9375,0.345
CatBoost,809,330,30,3,477,1,1,0.9675,0.345
CatBoost,809,342,36,14,800,0,0,0.2794,0.345
CatBoost,809,342,36,15,809,0,0,0.2794,0.345
RandomForest,813,396,40,2,630,0,1,0.8718,0.541
LightGBM,813,396,40,2,630,0,1,0.9997,0.655
XGBoost,813,396,40,2,630,0,1,0.9558,0.394
CatBoost,813,396,40,2,630,0,1,0.9688,0.345
RandomForest,816,262,15,6,805,0,0,0.1384,0.541
RandomForest,816,262,15,7,816,0,0,0.1384,0.541
RandomForest,816,262,15,8,816,0,0,0.1384,0.541
RandomForest,816,262,15,9,816,0,0,0.1384,0.541
RandomForest,816,262,15,10,816,0,0,0.1384,0.541
LightGBM,816,262,15,6,805,0,0,0.0014,0.655
LightGBM,816,262,15,7,816,0,0,0.0014,0.655
LightGBM,816,262,15,8,816,0,0,0.0014,0.655
LightGBM,816,262,15,9,816,0,0,0.0014,0.655
LightGBM,816,262,15,10,816,0,0,0.0014,0.655
XGBoost,816,262,15,6,805,0,0,0.0177,0.394
XGBoost,816,262,15,7,816,0,0,0.0177,0.394
XGBoost,816,262,15,8,816,0,0,0.0177,0.394
XGBoost,816,262,15,9,816,0,0,0.0177,0.394
XGBoost,816,262,15,10,816,0,0,0.0177,0.394
CatBoost,816,262,15,6,805,0,0,0.0978,0.345
CatBoost,816,262,15,7,816,0,0,0.0978,0.345
CatBoost,816,262,15,8,816,0,0,0.0978,0.345
CatBoost,816,262,15,9,816,0,0,0.0978,0.345
CatBoost,816,262,15,10,816,0,0,0.0978,0.345
