n,n_pos,n_neg,mcc,auc_roc,pr_auc,balanced_acc,f1,TP,TN,FP,FN,sensitivity,specificity,gmean,model,verification_revision,threshold,train_size
4,0,4,0.0,0.5,0.0,0.5,0.0,0,0,0,0,0.0,0.0,0.0,RandomForest,260,0.5,31
4,0,4,0.0,0.5,0.0,0.5,0.0,0,0,0,0,0.0,0.0,0.0,LightGBM,260,0.5,31
4,0,4,0.0,0.5,0.0,0.5,0.0,0,0,0,0,0.0,0.0,0.0,XGBoost,260,0.5,31
4,0,4,0.0,0.5,0.0,0.5,0.0,0,0,0,0,0.0,0.0,0.0,CatBoost,260,0.5,31
3,0,3,0.0,0.5,0.0,0.5,0.0,0,0,0,0,0.0,0.0,0.0,RandomForest,267,0.5,35
3,0,3,0.0,0.5,0.0,0.5,0.0,0,0,0,0,0.0,0.0,0.0,LightGBM,267,0.5,35
3,0,3,0.0,0.5,0.0,0.5,0.0,0,0,0,0,0.0,0.0,0.0,XGBoost,267,0.5,35
3,0,3,0.0,0.5,0.0,0.5,0.0,0,0,0,0,0.0,0.0,0.0,CatBoost,267,0.5,35
5,4,1,0.0,1.0,1.0,0.5,0.0,0,1,0,4,0.0,1.0,0.0,RandomForest,273,0.5,38
5,4,1,0.4082482904638631,0.5,0.9,0.75,0.6666666666666666,2,1,0,2,0.5,1.0,0.7071067811865476,LightGBM,273,0.5,38
5,4,1,0.0,0.5,0.8,0.5,0.8888888888888888,4,0,1,0,1.0,0.0,0.0,XGBoost,273,0.5,38
5,4,1,0.4082482904638631,1.0,1.0,0.75,0.6666666666666666,2,1,0,2,0.5,1.0,0.7071067811865476,CatBoost,273,0.5,38
1,0,1,0.0,0.5,0.0,0.5,0.0,0,0,0,0,0.0,0.0,0.0,RandomForest,274,0.28,43
1,0,1,0.0,0.5,0.0,0.5,0.0,0,0,0,0,0.0,0.0,0.0,LightGBM,274,0.573,43
1,0,1,0.0,0.5,0.0,0.5,0.0,0,0,0,0,0.0,0.0,0.0,XGBoost,274,0.1,43
1,0,1,0.0,0.5,0.0,0.5,0.0,0,0,0,0,0.0,0.0,0.0,CatBoost,274,0.133,43
8,0,8,0.0,0.5,0.0,0.5,0.0,0,0,0,0,0.0,0.0,0.0,RandomForest,282,0.28,44
8,0,8,0.0,0.5,0.0,0.5,0.0,0,0,0,0,0.0,0.0,0.0,LightGBM,282,0.573,44
8,0,8,0.0,0.5,0.0,0.5,0.0,0,0,0,0,0.0,0.0,0.0,XGBoost,282,0.1,44
8,0,8,0.0,0.5,0.0,0.5,0.0,0,0,0,0,0.0,0.0,0.0,CatBoost,282,0.133,44
2,0,2,0.0,0.5,0.0,0.5,0.0,0,0,0,0,0.0,0.0,0.0,RandomForest,333,0.28,52
2,0,2,0.0,0.5,0.0,0.5,0.0,0,0,0,0,0.0,0.0,0.0,LightGBM,333,0.1,52
2,0,2,0.0,0.5,0.0,0.5,0.0,0,0,0,0,0.0,0.0,0.0,XGBoost,333,0.1,52
2,0,2,0.0,0.5,0.0,0.5,0.0,0,0,0,0,0.0,0.0,0.0,CatBoost,333,0.133,52
2,0,2,0.0,0.5,0.0,0.5,0.0,0,0,0,0,0.0,0.0,0.0,RandomForest,346,0.28,54
2,0,2,0.0,0.5,0.0,0.5,0.0,0,0,0,0,0.0,0.0,0.0,LightGBM,346,0.1,54
2,0,2,0.0,0.5,0.0,0.5,0.0,0,0,0,0,0.0,0.0,0.0,XGBoost,346,0.263,54
2,0,2,0.0,0.5,0.0,0.5,0.0,0,0,0,0,0.0,0.0,0.0,CatBoost,346,0.133,54
2,0,2,0.0,0.5,0.0,0.5,0.0,0,0,0,0,0.0,0.0,0.0,RandomForest,374,0.28,56
2,0,2,0.0,0.5,0.0,0.5,0.0,0,0,0,0,0.0,0.0,0.0,LightGBM,374,0.1,56
2,0,2,0.0,0.5,0.0,0.5,0.0,0,0,0,0,0.0,0.0,0.0,XGBoost,374,0.263,56
2,0,2,0.0,0.5,0.0,0.5,0.0,0,0,0,0,0.0,0.0,0.0,CatBoost,374,0.133,56
2,0,2,0.0,0.5,0.0,0.5,0.0,0,0,0,0,0.0,0.0,0.0,RandomForest,386,0.312,58
2,0,2,0.0,0.5,0.0,0.5,0.0,0,0,0,0,0.0,0.0,0.0,LightGBM,386,0.1,58
2,0,2,0.0,0.5,0.0,0.5,0.0,0,0,0,0,0.0,0.0,0.0,XGBoost,386,0.263,58
2,0,2,0.0,0.5,0.0,0.5,0.0,0,0,0,0,0.0,0.0,0.0,CatBoost,386,0.149,58
3,0,3,0.0,0.5,0.0,0.5,0.0,0,0,0,0,0.0,0.0,0.0,RandomForest,393,0.312,60
3,0,3,0.0,0.5,0.0,0.5,0.0,0,0,0,0,0.0,0.0,0.0,LightGBM,393,0.1,60
3,0,3,0.0,0.5,0.0,0.5,0.0,0,0,0,0,0.0,0.0,0.0,XGBoost,393,0.394,60
3,0,3,0.0,0.5,0.0,0.5,0.0,0,0,0,0,0.0,0.0,0.0,CatBoost,393,0.149,60
1,0,1,0.0,0.5,0.0,0.5,0.0,0,0,0,0,0.0,0.0,0.0,RandomForest,400,0.312,63
1,0,1,0.0,0.5,0.0,0.5,0.0,0,0,0,0,0.0,0.0,0.0,LightGBM,400,0.1,63
1,0,1,0.0,0.5,0.0,0.5,0.0,0,0,0,0,0.0,0.0,0.0,XGBoost,400,0.394,63
1,0,1,0.0,0.5,0.0,0.5,0.0,0,0,0,0,0.0,0.0,0.0,CatBoost,400,0.149,63
1,0,1,0.0,0.5,0.0,0.5,0.0,0,0,0,0,0.0,0.0,0.0,RandomForest,411,0.312,64
1,0,1,0.0,0.5,0.0,0.5,0.0,0,0,0,0,0.0,0.0,0.0,LightGBM,411,0.1,64
1,0,1,0.0,0.5,0.0,0.5,0.0,0,0,0,0,0.0,0.0,0.0,XGBoost,411,0.394,64
1,0,1,0.0,0.5,0.0,0.5,0.0,0,0,0,0,0.0,0.0,0.0,CatBoost,411,0.149,64
1,0,1,0.0,0.5,0.0,0.5,0.0,0,0,0,0,0.0,0.0,0.0,RandomForest,417,0.312,65
1,0,1,0.0,0.5,0.0,0.5,0.0,0,0,0,0,0.0,0.0,0.0,LightGBM,417,0.1,65
1,0,1,0.0,0.5,0.0,0.5,0.0,0,0,0,0,0.0,0.0,0.0,XGBoost,417,0.394,65
1,0,1,0.0,0.5,0.0,0.5,0.0,0,0,0,0,0.0,0.0,0.0,CatBoost,417,0.149,65
2,2,0,0.0,0.5,1.0,0.5,0.0,0,0,0,0,0.0,0.0,0.0,RandomForest,420,0.312,66
2,2,0,0.0,0.5,1.0,0.5,0.0,0,0,0,0,0.0,0.0,0.0,LightGBM,420,0.1,66
2,2,0,0.0,0.5,1.0,0.5,0.0,0,0,0,0,0.0,0.0,0.0,XGBoost,420,0.394,66
2,2,0,0.0,0.5,1.0,0.5,0.0,0,0,0,0,0.0,0.0,0.0,CatBoost,420,0.149,66
2,2,0,0.0,0.5,1.0,0.5,0.0,0,0,0,0,0.0,0.0,0.0,RandomForest,424,0.312,68
2,2,0,0.0,0.5,1.0,0.5,0.0,0,0,0,0,0.0,0.0,0.0,LightGBM,424,0.1,68
2,2,0,0.0,0.5,1.0,0.5,0.0,0,0,0,0,0.0,0.0,0.0,XGBoost,424,0.394,68
2,2,0,0.0,0.5,1.0,0.5,0.0,0,0,0,0,0.0,0.0,0.0,CatBoost,424,0.149,68
77,77,0,0.0,0.5,1.0,0.5,0.0,0,0,0,0,0.0,0.0,0.0,RandomForest,443,0.622,70
77,77,0,0.0,0.5,1.0,0.5,0.0,0,0,0,0,0.0,0.0,0.0,LightGBM,443,0.573,70
77,77,0,0.0,0.5,1.0,0.5,0.0,0,0,0,0,0.0,0.0,0.0,XGBoost,443,0.524,70
77,77,0,0.0,0.5,1.0,0.5,0.0,0,0,0,0,0.0,0.0,0.0,CatBoost,443,0.149,70
5,0,5,0.0,0.5,0.0,0.5,0.0,0,0,0,0,0.0,0.0,0.0,RandomForest,461,0.622,147
5,0,5,0.0,0.5,0.0,0.5,0.0,0,0,0,0,0.0,0.0,0.0,LightGBM,461,0.573,147
5,0,5,0.0,0.5,0.0,0.5,0.0,0,0,0,0,0.0,0.0,0.0,XGBoost,461,0.524,147
5,0,5,0.0,0.5,0.0,0.5,0.0,0,0,0,0,0.0,0.0,0.0,CatBoost,461,0.9,147
5,4,1,0.4082482904638631,1.0,1.0,0.75,0.6666666666666666,2,1,0,2,0.5,1.0,0.7071067811865476,RandomForest,468,0.622,152
5,4,1,1.0,1.0,1.0,1.0,1.0,4,1,0,0,1.0,1.0,1.0,LightGBM,468,0.606,152
5,4,1,0.4082482904638631,1.0,1.0,0.75,0.6666666666666666,2,1,0,2,0.5,1.0,0.7071067811865476,XGBoost,468,0.524,152
5,4,1,1.0,1.0,1.0,1.0,1.0,4,1,0,0,1.0,1.0,1.0,CatBoost,468,0.9,152
1,0,1,0.0,0.5,0.0,0.5,0.0,0,0,0,0,0.0,0.0,0.0,RandomForest,469,0.622,157
1,0,1,0.0,0.5,0.0,0.5,0.0,0,0,0,0,0.0,0.0,0.0,LightGBM,469,0.606,157
1,0,1,0.0,0.5,0.0,0.5,0.0,0,0,0,0,0.0,0.0,0.0,XGBoost,469,0.524,157
1,0,1,0.0,0.5,0.0,0.5,0.0,0,0,0,0,0.0,0.0,0.0,CatBoost,469,0.9,157
8,7,1,0.0,1.0,1.0,0.5,0.9333333333333333,7,0,1,0,1.0,0.0,0.0,RandomForest,470,0.622,158
8,7,1,0.0,0.5714285714285714,0.9464285714285713,0.5,0.9333333333333333,7,0,1,0,1.0,0.0,0.0,LightGBM,470,0.606,158
8,7,1,0.0,1.0,1.0,0.5,0.9333333333333333,7,0,1,0,1.0,0.0,0.0,XGBoost,470,0.524,158
8,7,1,1.0,1.0,0.9999999999999999,1.0,1.0,7,1,0,0,1.0,1.0,1.0,CatBoost,470,0.9,158
3,0,3,0.0,0.5,0.0,0.5,0.0,0,0,0,0,0.0,0.0,0.0,RandomForest,474,0.639,166
3,0,3,0.0,0.5,0.0,0.5,0.0,0,0,0,0,0.0,0.0,0.0,LightGBM,474,0.606,166
3,0,3,0.0,0.5,0.0,0.5,0.0,0,0,0,0,0.0,0.0,0.0,XGBoost,474,0.524,166
3,0,3,0.0,0.5,0.0,0.5,0.0,0,0,0,0,0.0,0.0,0.0,CatBoost,474,0.9,166
38,37,1,0.34596404392815117,1.0,1.0,0.9189189189189189,0.9117647058823529,31,1,0,6,0.8378,1.0,0.9153348228041135,RandomForest,475,0.639,169
38,37,1,0.4223486455268661,1.0,0.9999999999999998,0.9459459459459459,0.9428571428571428,33,1,0,4,0.8919,1.0,0.944400281603035,LightGBM,475,0.606,169
38,37,1,0.3796631983009996,0.9459459459459459,0.9985583022567373,0.9324324324324325,0.927536231884058,32,1,0,5,0.8649,1.0,0.9299811099505543,XGBoost,475,0.524,169
38,37,1,0.31835726998350666,0.972972972972973,0.9992887624466571,0.9054054054054055,0.8955223880597015,30,1,0,7,0.8108,1.0,0.9004503377814963,CatBoost,475,0.9,169
8,6,2,0.0,1.0,1.0,0.5,0.8571428571428571,6,0,2,0,1.0,0.0,0.0,RandomForest,476,0.639,207
8,6,2,0.0,1.0,1.0,0.5,0.8571428571428571,6,0,2,0,1.0,0.0,0.0,LightGBM,476,0.606,207
8,6,2,0.0,1.0,1.0,0.5,0.8571428571428571,6,0,2,0,1.0,0.0,0.0,XGBoost,476,0.524,207
8,6,2,0.0,1.0,1.0,0.5,0.8571428571428571,6,0,2,0,1.0,0.0,0.0,CatBoost,476,0.9,207
17,17,0,0.0,0.5,1.0,0.5,0.0,0,0,0,0,0.0,0.0,0.0,RandomForest,477,0.639,215
17,17,0,0.0,0.5,1.0,0.5,0.0,0,0,0,0,0.0,0.0,0.0,LightGBM,477,0.606,215
17,17,0,0.0,0.5,1.0,0.5,0.0,0,0,0,0,0.0,0.0,0.0,XGBoost,477,0.639,215
17,17,0,0.0,0.5,1.0,0.5,0.0,0,0,0,0,0.0,0.0,0.0,CatBoost,477,0.9,215
1,0,1,0.0,0.5,0.0,0.5,0.0,0,0,0,0,0.0,0.0,0.0,RandomForest,525,0.639,232
1,0,1,0.0,0.5,0.0,0.5,0.0,0,0,0,0,0.0,0.0,0.0,LightGBM,525,0.606,232
1,0,1,0.0,0.5,0.0,0.5,0.0,0,0,0,0,0.0,0.0,0.0,XGBoost,525,0.639,232
1,0,1,0.0,0.5,0.0,0.5,0.0,0,0,0,0,0.0,0.0,0.0,CatBoost,525,0.9,232
3,2,1,0.5,1.0,1.0,0.75,0.6666666666666666,1,1,0,1,0.5,1.0,0.7071067811865476,RandomForest,529,0.639,233
3,2,1,-0.5,0.5,0.8333333333333333,0.25,0.5,1,0,1,1,0.5,0.0,0.0,LightGBM,529,0.606,233
3,2,1,1.0,1.0,1.0,1.0,1.0,2,1,0,0,1.0,1.0,1.0,XGBoost,529,0.639,233
3,2,1,0.5,0.5,0.8333333333333333,0.75,0.6666666666666666,1,1,0,1,0.5,1.0,0.7071067811865476,CatBoost,529,0.9,233
4,0,4,0.0,0.5,0.0,0.5,0.0,0,0,0,0,0.0,0.0,0.0,RandomForest,536,0.639,236
4,0,4,0.0,0.5,0.0,0.5,0.0,0,0,0,0,0.0,0.0,0.0,LightGBM,536,0.9,236
4,0,4,0.0,0.5,0.0,0.5,0.0,0,0,0,0,0.0,0.0,0.0,XGBoost,536,0.639,236
4,0,4,0.0,0.5,0.0,0.5,0.0,0,0,0,0,0.0,0.0,0.0,CatBoost,536,0.9,236
2,0,2,0.0,0.5,0.0,0.5,0.0,0,0,0,0,0.0,0.0,0.0,RandomForest,574,0.639,240
2,0,2,0.0,0.5,0.0,0.5,0.0,0,0,0,0,0.0,0.0,0.0,LightGBM,574,0.9,240
2,0,2,0.0,0.5,0.0,0.5,0.0,0,0,0,0,0.0,0.0,0.0,XGBoost,574,0.639,240
2,0,2,0.0,0.5,0.0,0.5,0.0,0,0,0,0,0.0,0.0,0.0,CatBoost,574,0.884,240
2,0,2,0.0,0.5,0.0,0.5,0.0,0,0,0,0,0.0,0.0,0.0,RandomForest,576,0.639,242
2,0,2,0.0,0.5,0.0,0.5,0.0,0,0,0,0,0.0,0.0,0.0,LightGBM,576,0.9,242
2,0,2,0.0,0.5,0.0,0.5,0.0,0,0,0,0,0.0,0.0,0.0,XGBoost,576,0.737,242
2,0,2,0.0,0.5,0.0,0.5,0.0,0,0,0,0,0.0,0.0,0.0,CatBoost,576,0.884,242
1,0,1,0.0,0.5,0.0,0.5,0.0,0,0,0,0,0.0,0.0,0.0,RandomForest,579,0.655,244
1,0,1,0.0,0.5,0.0,0.5,0.0,0,0,0,0,0.0,0.0,0.0,LightGBM,579,0.9,244
1,0,1,0.0,0.5,0.0,0.5,0.0,0,0,0,0,0.0,0.0,0.0,XGBoost,579,0.737,244
1,0,1,0.0,0.5,0.0,0.5,0.0,0,0,0,0,0.0,0.0,0.0,CatBoost,579,0.884,244
15,11,4,0.21320071635561041,0.8409090909090909,0.9488390397481307,0.6136363636363636,0.7619047619047619,8,2,2,3,0.7273,0.5,0.6030226891555273,RandomForest,586,0.655,245
15,11,4,-0.44320263021395917,0.38636363636363635,0.7009157509157509,0.375,0.0,0,3,1,11,0.0,0.75,0.0,LightGBM,586,0.9,245
15,11,4,-0.12309149097933272,0.6136363636363636,0.8393939393939394,0.4318181818181818,0.47058823529411764,4,2,2,7,0.3636,0.5,0.4264014327112209,XGBoost,586,0.737,245
15,11,4,0.0,0.7045454545454546,0.8956709956709956,0.5,0.0,0,4,0,11,0.0,1.0,0.0,CatBoost,586,0.884,245
2,0,2,0.0,0.5,0.0,0.5,0.0,0,0,0,0,0.0,0.0,0.0,RandomForest,598,0.688,260
2,0,2,0.0,0.5,0.0,0.5,0.0,0,0,0,0,0.0,0.0,0.0,LightGBM,598,0.835,260
2,0,2,0.0,0.5,0.0,0.5,0.0,0,0,0,0,0.0,0.0,0.0,XGBoost,598,0.737,260
2,0,2,0.0,0.5,0.0,0.5,0.0,0,0,0,0,0.0,0.0,0.0,CatBoost,598,0.884,260
7,6,1,1.0,1.0,1.0,1.0,1.0,6,1,0,0,1.0,1.0,1.0,RandomForest,630,0.688,262
7,6,1,0.47140452079103173,1.0,1.0,0.8333333333333333,0.8,4,1,0,2,0.6667,1.0,0.816496580927726,LightGBM,630,0.835,262
7,6,1,1.0,1.0,1.0,1.0,1.0,6,1,0,0,1.0,1.0,1.0,XGBoost,630,0.737,262
7,6,1,1.0,1.0,1.0,1.0,1.0,6,1,0,0,1.0,1.0,1.0,CatBoost,630,0.884,262
6,4,2,0.0,1.0,1.0,0.5,0.0,0,2,0,4,0.0,1.0,0.0,RandomForest,634,0.688,269
6,4,2,0.31622776601683794,1.0,1.0,0.625,0.4,1,2,0,3,0.25,1.0,0.5,LightGBM,634,0.753,269
6,4,2,0.5,1.0,1.0,0.75,0.6666666666666666,2,2,0,2,0.5,1.0,0.7071067811865476,XGBoost,634,0.737,269
6,4,2,0.0,1.0,1.0,0.5,0.0,0,2,0,4,0.0,1.0,0.0,CatBoost,634,0.884,269
4,3,1,1.0,1.0,1.0,1.0,1.0,3,1,0,0,1.0,1.0,1.0,RandomForest,635,0.688,275
4,3,1,1.0,1.0,1.0,1.0,1.0,3,1,0,0,1.0,1.0,1.0,LightGBM,635,0.753,275
4,3,1,1.0,1.0,1.0,1.0,1.0,3,1,0,0,1.0,1.0,1.0,XGBoost,635,0.737,275
4,3,1,1.0,1.0,1.0,1.0,1.0,3,1,0,0,1.0,1.0,1.0,CatBoost,635,0.884,275
4,3,1,1.0,1.0,1.0,1.0,1.0,3,1,0,0,1.0,1.0,1.0,RandomForest,636,0.688,279
4,3,1,1.0,1.0,1.0,1.0,1.0,3,1,0,0,1.0,1.0,1.0,LightGBM,636,0.753,279
4,3,1,0.3333333333333333,0.3333333333333333,0.8333333333333333,0.6666666666666666,0.5,1,1,0,2,0.3333,1.0,0.5773502691896257,XGBoost,636,0.737,279
4,3,1,1.0,1.0,1.0,1.0,1.0,3,1,0,0,1.0,1.0,1.0,CatBoost,636,0.835,279
1,1,0,0.0,0.5,1.0,0.5,0.0,0,0,0,0,0.0,0.0,0.0,RandomForest,639,0.688,283
1,1,0,0.0,0.5,1.0,0.5,0.0,0,0,0,0,0.0,0.0,0.0,LightGBM,639,0.753,283
1,1,0,0.0,0.5,1.0,0.5,0.0,0,0,0,0,0.0,0.0,0.0,XGBoost,639,0.737,283
1,1,0,0.0,0.5,1.0,0.5,0.0,0,0,0,0,0.0,0.0,0.0,CatBoost,639,0.835,283
10,9,1,0.3333333333333333,1.0,1.0,0.7777777777777778,0.7142857142857143,5,1,0,4,0.5556,1.0,0.7453559924999299,RandomForest,644,0.688,284
10,9,1,-0.2721655269759087,0.5555555555555556,0.95,0.2777777777777778,0.6666666666666666,5,0,1,4,0.5556,0.0,0.0,LightGBM,644,0.753,284
10,9,1,0.3333333333333333,1.0,1.0,0.7777777777777778,0.7142857142857143,5,1,0,4,0.5556,1.0,0.7453559924999299,XGBoost,644,0.737,284
10,9,1,0.3333333333333333,0.5555555555555556,0.95,0.7777777777777778,0.7142857142857143,5,1,0,4,0.5556,1.0,0.7453559924999299,CatBoost,644,0.835,284
1,0,1,0.0,0.5,0.0,0.5,0.0,0,0,0,0,0.0,0.0,0.0,RandomForest,653,0.688,294
1,0,1,0.0,0.5,0.0,0.5,0.0,0,0,0,0,0.0,0.0,0.0,LightGBM,653,0.753,294
1,0,1,0.0,0.5,0.0,0.5,0.0,0,0,0,0,0.0,0.0,0.0,XGBoost,653,0.737,294
1,0,1,0.0,0.5,0.0,0.5,0.0,0,0,0,0,0.0,0.0,0.0,CatBoost,653,0.835,294
1,1,0,0.0,0.5,1.0,0.5,0.0,0,0,0,0,0.0,0.0,0.0,RandomForest,655,0.688,295
1,1,0,0.0,0.5,1.0,0.5,0.0,0,0,0,0,0.0,0.0,0.0,LightGBM,655,0.753,295
1,1,0,0.0,0.5,1.0,0.5,0.0,0,0,0,0,0.0,0.0,0.0,XGBoost,655,0.737,295
1,1,0,0.0,0.5,1.0,0.5,0.0,0,0,0,0,0.0,0.0,0.0,CatBoost,655,0.835,295
3,3,0,0.0,0.5,1.0,0.5,0.0,0,0,0,0,0.0,0.0,0.0,RandomForest,656,0.688,296
3,3,0,0.0,0.5,1.0,0.5,0.0,0,0,0,0,0.0,0.0,0.0,LightGBM,656,0.753,296
3,3,0,0.0,0.5,1.0,0.5,0.0,0,0,0,0,0.0,0.0,0.0,XGBoost,656,0.737,296
3,3,0,0.0,0.5,1.0,0.5,0.0,0,0,0,0,0.0,0.0,0.0,CatBoost,656,0.835,296
11,7,4,-0.23904572186687872,0.8571428571428571,0.948051948051948,0.42857142857142855,0.7058823529411765,6,0,4,1,0.8571,0.0,0.0,RandomForest,657,0.688,299
11,7,4,0.0,0.6428571428571428,0.7500927643784786,0.5,0.7777777777777778,7,0,4,0,1.0,0.0,0.0,LightGBM,657,0.753,299
11,7,4,-0.23904572186687872,0.6428571428571428,0.8528138528138527,0.42857142857142855,0.7058823529411765,6,0,4,1,0.8571,0.0,0.0,XGBoost,657,0.737,299
11,7,4,0.0,0.8571428571428571,0.948051948051948,0.5,0.7777777777777778,7,0,4,0,1.0,0.0,0.0,CatBoost,657,0.835,299
14,10,4,0.6324555320336759,0.8999999999999999,0.9633333333333333,0.85,0.8235294117647058,7,4,0,3,0.7,1.0,0.8366600265340756,RandomForest,658,0.688,310
14,10,4,0.3,0.875,0.9555555555555556,0.65,0.8,8,2,2,2,0.8,0.5,0.6324555320336759,LightGBM,658,0.753,310
14,10,4,0.6454972243679028,0.975,0.9909090909090909,0.75,0.9090909090909091,10,2,2,0,1.0,0.5,0.7071067811865476,XGBoost,658,0.427,310
14,10,4,0.09128709291752768,0.8,0.9247474747474748,0.55,0.6666666666666666,6,2,2,4,0.6,0.5,0.5477225575051661,CatBoost,658,0.835,310
13,9,4,0.8432740427115678,0.9444444444444444,0.9797979797979797,0.9444444444444444,0.9411764705882353,8,4,0,1,0.8889,1.0,0.9428090415820634,RandomForest,659,0.59,324
13,9,4,1.0,1.0,1.0,1.0,1.0,9,4,0,0,1.0,1.0,1.0,LightGBM,659,0.9,324
13,9,4,0.5006939628599933,0.9444444444444444,0.9765432098765432,0.7638888888888888,0.8235294117647058,7,3,1,2,0.7778,0.75,0.7637626158259734,XGBoost,659,0.476,324
13,9,4,0.7200822998230956,0.9444444444444444,0.9797979797979798,0.8888888888888888,0.875,7,4,0,2,0.7778,1.0,0.8819171036881969,CatBoost,659,0.835,324
2,0,2,0.0,0.5,0.0,0.5,0.0,0,0,0,0,0.0,0.0,0.0,RandomForest,663,0.59,337
2,0,2,0.0,0.5,0.0,0.5,0.0,0,0,0,0,0.0,0.0,0.0,LightGBM,663,0.835,337
2,0,2,0.0,0.5,0.0,0.5,0.0,0,0,0,0,0.0,0.0,0.0,XGBoost,663,0.443,337
2,0,2,0.0,0.5,0.0,0.5,0.0,0,0,0,0,0.0,0.0,0.0,CatBoost,663,0.835,337
8,7,1,1.0,1.0,0.9999999999999999,1.0,1.0,7,1,0,0,1.0,1.0,1.0,RandomForest,664,0.606,339
8,7,1,1.0,1.0,1.0,1.0,1.0,7,1,0,0,1.0,1.0,1.0,LightGBM,664,0.835,339
8,7,1,1.0,1.0,1.0,1.0,1.0,7,1,0,0,1.0,1.0,1.0,XGBoost,664,0.443,339
8,7,1,1.0,1.0,1.0,1.0,1.0,7,1,0,0,1.0,1.0,1.0,CatBoost,664,0.835,339
2,2,0,0.0,0.5,1.0,0.5,0.0,0,0,0,0,0.0,0.0,0.0,RandomForest,666,0.59,347
2,2,0,0.0,0.5,1.0,0.5,0.0,0,0,0,0,0.0,0.0,0.0,LightGBM,666,0.753,347
2,2,0,0.0,0.5,1.0,0.5,0.0,0,0,0,0,0.0,0.0,0.0,XGBoost,666,0.476,347
2,2,0,0.0,0.5,1.0,0.5,0.0,0,0,0,0,0.0,0.0,0.0,CatBoost,666,0.835,347
1,0,1,0.0,0.5,0.0,0.5,0.0,0,0,0,0,0.0,0.0,0.0,RandomForest,670,0.541,349
1,0,1,0.0,0.5,0.0,0.5,0.0,0,0,0,0,0.0,0.0,0.0,LightGBM,670,0.214,349
1,0,1,0.0,0.5,0.0,0.5,0.0,0,0,0,0,0.0,0.0,0.0,XGBoost,670,0.476,349
1,0,1,0.0,0.5,0.0,0.5,0.0,0,0,0,0,0.0,0.0,0.0,CatBoost,670,0.345,349
2,1,1,0.0,1.0,1.0,0.5,0.0,0,1,0,1,0.0,1.0,0.0,RandomForest,672,0.541,350
2,1,1,1.0,1.0,1.0,1.0,1.0,1,1,0,0,1.0,1.0,1.0,LightGBM,672,0.214,350
2,1,1,0.0,1.0,1.0,0.5,0.0,0,1,0,1,0.0,1.0,0.0,XGBoost,672,0.476,350
2,1,1,0.0,1.0,1.0,0.5,0.0,0,1,0,1,0.0,1.0,0.0,CatBoost,672,0.835,350
1,0,1,0.0,0.5,0.0,0.5,0.0,0,0,0,0,0.0,0.0,0.0,RandomForest,673,0.541,352
1,0,1,0.0,0.5,0.0,0.5,0.0,0,0,0,0,0.0,0.0,0.0,LightGBM,673,0.214,352
1,0,1,0.0,0.5,0.0,0.5,0.0,0,0,0,0,0.0,0.0,0.0,XGBoost,673,0.476,352
1,0,1,0.0,0.5,0.0,0.5,0.0,0,0,0,0,0.0,0.0,0.0,CatBoost,673,0.835,352
3,0,3,0.0,0.5,0.0,0.5,0.0,0,0,0,0,0.0,0.0,0.0,RandomForest,675,0.541,353
3,0,3,0.0,0.5,0.0,0.5,0.0,0,0,0,0,0.0,0.0,0.0,LightGBM,675,0.214,353
3,0,3,0.0,0.5,0.0,0.5,0.0,0,0,0,0,0.0,0.0,0.0,XGBoost,675,0.476,353
3,0,3,0.0,0.5,0.0,0.5,0.0,0,0,0,0,0.0,0.0,0.0,CatBoost,675,0.835,353
1,0,1,0.0,0.5,0.0,0.5,0.0,0,0,0,0,0.0,0.0,0.0,RandomForest,676,0.541,356
1,0,1,0.0,0.5,0.0,0.5,0.0,0,0,0,0,0.0,0.0,0.0,LightGBM,676,0.214,356
1,0,1,0.0,0.5,0.0,0.5,0.0,0,0,0,0,0.0,0.0,0.0,XGBoost,676,0.476,356
1,0,1,0.0,0.5,0.0,0.5,0.0,0,0,0,0,0.0,0.0,0.0,CatBoost,676,0.835,356
1,0,1,0.0,0.5,0.0,0.5,0.0,0,0,0,0,0.0,0.0,0.0,RandomForest,680,0.541,357
1,0,1,0.0,0.5,0.0,0.5,0.0,0,0,0,0,0.0,0.0,0.0,LightGBM,680,0.214,357
1,0,1,0.0,0.5,0.0,0.5,0.0,0,0,0,0,0.0,0.0,0.0,XGBoost,680,0.476,357
1,0,1,0.0,0.5,0.0,0.5,0.0,0,0,0,0,0.0,0.0,0.0,CatBoost,680,0.835,357
2,0,2,0.0,0.5,0.0,0.5,0.0,0,0,0,0,0.0,0.0,0.0,RandomForest,691,0.541,358
2,0,2,0.0,0.5,0.0,0.5,0.0,0,0,0,0,0.0,0.0,0.0,LightGBM,691,0.214,358
2,0,2,0.0,0.5,0.0,0.5,0.0,0,0,0,0,0.0,0.0,0.0,XGBoost,691,0.476,358
2,0,2,0.0,0.5,0.0,0.5,0.0,0,0,0,0,0.0,0.0,0.0,CatBoost,691,0.835,358
10,9,1,0.408248290463863,0.7777777777777778,0.9765432098765432,0.8333333333333333,0.8,6,1,0,3,0.6667,1.0,0.816496580927726,RandomForest,699,0.541,360
10,9,1,0.3333333333333333,0.7777777777777778,0.9777777777777777,0.7777777777777778,0.7142857142857143,5,1,0,4,0.5556,1.0,0.7453559924999299,LightGBM,699,0.214,360
10,9,1,0.16666666666666666,0.2222222222222222,0.8864638447971781,0.6111111111111112,0.36363636363636365,2,1,0,7,0.2222,1.0,0.4714045207910317,XGBoost,699,0.476,360
10,9,1,0.16666666666666666,1.0,1.0,0.6111111111111112,0.36363636363636365,2,1,0,7,0.2222,1.0,0.4714045207910317,CatBoost,699,0.835,360
7,7,0,0.0,0.5,1.0,0.5,0.0,0,0,0,0,0.0,0.0,0.0,RandomForest,700,0.541,370
7,7,0,0.0,0.5,1.0,0.5,0.0,0,0,0,0,0.0,0.0,0.0,LightGBM,700,0.214,370
7,7,0,0.0,0.5,1.0,0.5,0.0,0,0,0,0,0.0,0.0,0.0,XGBoost,700,0.476,370
7,7,0,0.0,0.5,1.0,0.5,0.0,0,0,0,0,0.0,0.0,0.0,CatBoost,700,0.345,370
2,2,0,0.0,0.5,1.0,0.5,0.0,0,0,0,0,0.0,0.0,0.0,RandomForest,703,0.541,377
2,2,0,0.0,0.5,1.0,0.5,0.0,0,0,0,0,0.0,0.0,0.0,LightGBM,703,0.214,377
2,2,0,0.0,0.5,1.0,0.5,0.0,0,0,0,0,0.0,0.0,0.0,XGBoost,703,0.476,377
2,2,0,0.0,0.5,1.0,0.5,0.0,0,0,0,0,0.0,0.0,0.0,CatBoost,703,0.345,377
3,1,2,0.0,0.0,0.3333333333333333,0.5,0.5,1,0,2,0,1.0,0.0,0.0,RandomForest,711,0.541,379
3,1,2,-1.0,0.0,0.3333333333333333,0.0,0.0,0,0,2,1,0.0,0.0,0.0,LightGBM,711,0.214,379
3,1,2,-0.5,0.0,0.3333333333333333,0.25,0.0,0,1,1,1,0.0,0.5,0.0,XGBoost,711,0.476,379
3,1,2,0.0,0.0,0.3333333333333333,0.5,0.5,1,0,2,0,1.0,0.0,0.0,CatBoost,711,0.345,379
5,0,5,0.0,0.5,0.0,0.5,0.0,0,0,0,0,0.0,0.0,0.0,RandomForest,714,0.541,382
5,0,5,0.0,0.5,0.0,0.5,0.0,0,0,0,0,0.0,0.0,0.0,LightGBM,714,0.214,382
5,0,5,0.0,0.5,0.0,0.5,0.0,0,0,0,0,0.0,0.0,0.0,XGBoost,714,0.704,382
5,0,5,0.0,0.5,0.0,0.5,0.0,0,0,0,0,0.0,0.0,0.0,CatBoost,714,0.263,382
1,0,1,0.0,0.5,0.0,0.5,0.0,0,0,0,0,0.0,0.0,0.0,RandomForest,717,0.541,387
1,0,1,0.0,0.5,0.0,0.5,0.0,0,0,0,0,0.0,0.0,0.0,LightGBM,717,0.753,387
1,0,1,0.0,0.5,0.0,0.5,0.0,0,0,0,0,0.0,0.0,0.0,XGBoost,717,0.476,387
1,0,1,0.0,0.5,0.0,0.5,0.0,0,0,0,0,0.0,0.0,0.0,CatBoost,717,0.263,387
6,2,4,0.0,0.875,0.8333333333333333,0.5,0.0,0,4,0,2,0.0,1.0,0.0,RandomForest,720,0.541,388
6,2,4,0.0,0.875,0.8333333333333333,0.5,0.0,0,4,0,2,0.0,1.0,0.0,LightGBM,720,0.753,388
6,2,4,0.0,0.875,0.8333333333333333,0.5,0.0,0,4,0,2,0.0,1.0,0.0,XGBoost,720,0.476,388
6,2,4,0.0,0.875,0.8333333333333333,0.5,0.0,0,4,0,2,0.0,1.0,0.0,CatBoost,720,0.263,388
1,0,1,0.0,0.5,0.0,0.5,0.0,0,0,0,0,0.0,0.0,0.0,RandomForest,732,0.541,394
1,0,1,0.0,0.5,0.0,0.5,0.0,0,0,0,0,0.0,0.0,0.0,LightGBM,732,0.753,394
1,0,1,0.0,0.5,0.0,0.5,0.0,0,0,0,0,0.0,0.0,0.0,XGBoost,732,0.704,394
1,0,1,0.0,0.5,0.0,0.5,0.0,0,0,0,0,0.0,0.0,0.0,CatBoost,732,0.263,394
1,0,1,0.0,0.5,0.0,0.5,0.0,0,0,0,0,0.0,0.0,0.0,RandomForest,735,0.541,395
1,0,1,0.0,0.5,0.0,0.5,0.0,0,0,0,0,0.0,0.0,0.0,LightGBM,735,0.753,395
1,0,1,0.0,0.5,0.0,0.5,0.0,0,0,0,0,0.0,0.0,0.0,XGBoost,735,0.476,395
1,0,1,0.0,0.5,0.0,0.5,0.0,0,0,0,0,0.0,0.0,0.0,CatBoost,735,0.263,395
8,5,3,1.0,1.0,1.0,1.0,1.0,5,3,0,0,1.0,1.0,1.0,RandomForest,737,0.541,396
8,5,3,1.0,1.0,1.0,1.0,1.0,5,3,0,0,1.0,1.0,1.0,LightGBM,737,0.753,396
8,5,3,1.0,1.0,1.0,1.0,1.0,5,3,0,0,1.0,1.0,1.0,XGBoost,737,0.476,396
8,5,3,0.4879500364742666,1.0,1.0,0.6666666666666666,0.8333333333333334,5,1,2,0,1.0,0.3333,0.5773502691896257,CatBoost,737,0.263,396
5,3,2,0.0,1.0,1.0,0.5,0.75,3,0,2,0,1.0,0.0,0.0,RandomForest,740,0.541,404
5,3,2,0.0,1.0,1.0,0.5,0.75,3,0,2,0,1.0,0.0,0.0,LightGBM,740,0.753,404
5,3,2,0.0,1.0,1.0,0.5,0.75,3,0,2,0,1.0,0.0,0.0,XGBoost,740,0.476,404
5,3,2,0.0,0.6666666666666666,0.8666666666666667,0.5,0.75,3,0,2,0,1.0,0.0,0.0,CatBoost,740,0.263,404
1,1,0,0.0,0.5,1.0,0.5,0.0,0,0,0,0,0.0,0.0,0.0,RandomForest,741,0.541,409
1,1,0,0.0,0.5,1.0,0.5,0.0,0,0,0,0,0.0,0.0,0.0,LightGBM,741,0.753,409
1,1,0,0.0,0.5,1.0,0.5,0.0,0,0,0,0,0.0,0.0,0.0,XGBoost,741,0.476,409
1,1,0,0.0,0.5,1.0,0.5,0.0,0,0,0,0,0.0,0.0,0.0,CatBoost,741,0.263,409
1,1,0,0.0,0.5,1.0,0.5,0.0,0,0,0,0,0.0,0.0,0.0,RandomForest,742,0.541,410
1,1,0,0.0,0.5,1.0,0.5,0.0,0,0,0,0,0.0,0.0,0.0,LightGBM,742,0.753,410
1,1,0,0.0,0.5,1.0,0.5,0.0,0,0,0,0,0.0,0.0,0.0,XGBoost,742,0.476,410
1,1,0,0.0,0.5,1.0,0.5,0.0,0,0,0,0,0.0,0.0,0.0,CatBoost,742,0.263,410
2,1,1,0.0,0.0,0.5,0.5,0.6666666666666666,1,0,1,0,1.0,0.0,0.0,RandomForest,743,0.541,411
2,1,1,0.0,0.0,0.5,0.5,0.6666666666666666,1,0,1,0,1.0,0.0,0.0,LightGBM,743,0.753,411
2,1,1,0.0,0.0,0.5,0.5,0.6666666666666666,1,0,1,0,1.0,0.0,0.0,XGBoost,743,0.476,411
2,1,1,0.0,0.0,0.5,0.5,0.6666666666666666,1,0,1,0,1.0,0.0,0.0,CatBoost,743,0.263,411
4,3,1,1.0,1.0,1.0,1.0,1.0,3,1,0,0,1.0,1.0,1.0,RandomForest,745,0.541,413
4,3,1,1.0,1.0,1.0,1.0,1.0,3,1,0,0,1.0,1.0,1.0,LightGBM,745,0.753,413
4,3,1,1.0,1.0,1.0,1.0,1.0,3,1,0,0,1.0,1.0,1.0,XGBoost,745,0.476,413
4,3,1,1.0,1.0,1.0,1.0,1.0,3,1,0,0,1.0,1.0,1.0,CatBoost,745,0.263,413
1,0,1,0.0,0.5,0.0,0.5,0.0,0,0,0,0,0.0,0.0,0.0,RandomForest,751,0.541,417
1,0,1,0.0,0.5,0.0,0.5,0.0,0,0,0,0,0.0,0.0,0.0,LightGBM,751,0.753,417
1,0,1,0.0,0.5,0.0,0.5,0.0,0,0,0,0,0.0,0.0,0.0,XGBoost,751,0.476,417
1,0,1,0.0,0.5,0.0,0.5,0.0,0,0,0,0,0.0,0.0,0.0,CatBoost,751,0.263,417
11,11,0,0.0,0.5,1.0,0.5,0.0,0,0,0,0,0.0,0.0,0.0,RandomForest,755,0.541,418
11,11,0,0.0,0.5,1.0,0.5,0.0,0,0,0,0,0.0,0.0,0.0,LightGBM,755,0.753,418
11,11,0,0.0,0.5,1.0,0.5,0.0,0,0,0,0,0.0,0.0,0.0,XGBoost,755,0.476,418
11,11,0,0.0,0.5,1.0,0.5,0.0,0,0,0,0,0.0,0.0,0.0,CatBoost,755,0.345,418
14,13,1,-0.07692307692307693,0.0,0.8603832065370527,0.46153846153846156,0.9230769230769231,12,0,1,1,0.9231,0.0,0.0,RandomForest,756,0.541,429
14,13,1,-0.11322770341445956,0.23076923076923078,0.9192965154503616,0.4230769230769231,0.88,11,0,1,2,0.8462,0.0,0.0,LightGBM,756,0.704,429
14,13,1,-0.11322770341445956,0.23076923076923078,0.9192965154503616,0.4230769230769231,0.88,11,0,1,2,0.8462,0.0,0.0,XGBoost,756,0.476,429
14,13,1,-0.07692307692307693,0.23076923076923078,0.9180755142293604,0.46153846153846156,0.9230769230769231,12,0,1,1,0.9231,0.0,0.0,CatBoost,756,0.345,429
6,3,3,0.4472135954999579,1.0,1.0,0.6666666666666666,0.75,3,1,2,0,1.0,0.3333,0.5773502691896257,RandomForest,760,0.541,443
6,3,3,0.7071067811865476,1.0,1.0,0.8333333333333333,0.8571428571428571,3,2,1,0,1.0,0.6667,0.816496580927726,LightGBM,760,0.704,443
6,3,3,0.4472135954999579,1.0,1.0,0.6666666666666666,0.75,3,1,2,0,1.0,0.3333,0.5773502691896257,XGBoost,760,0.476,443
6,3,3,0.4472135954999579,1.0,1.0,0.6666666666666666,0.75,3,1,2,0,1.0,0.3333,0.5773502691896257,CatBoost,760,0.345,443
7,3,4,0.3535533905932738,0.41666666666666663,0.4666666666666667,0.625,0.6666666666666666,3,1,3,0,1.0,0.25,0.5,RandomForest,763,0.541,449
7,3,4,0.16666666666666666,0.41666666666666663,0.47619047619047616,0.5833333333333333,0.5714285714285714,2,2,2,1,0.6667,0.5,0.5773502691896257,LightGBM,763,0.704,449
7,3,4,-0.09128709291752768,0.41666666666666663,0.4666666666666667,0.4583333333333333,0.5,2,1,3,1,0.6667,0.25,0.408248290463863,XGBoost,763,0.476,449
7,3,4,0.0,0.41666666666666663,0.4666666666666667,0.5,0.6,3,0,4,0,1.0,0.0,0.0,CatBoost,763,0.345,449
2,0,2,0.0,0.5,0.0,0.5,0.0,0,0,0,0,0.0,0.0,0.0,RandomForest,776,0.541,456
2,0,2,0.0,0.5,0.0,0.5,0.0,0,0,0,0,0.0,0.0,0.0,LightGBM,776,0.655,456
2,0,2,0.0,0.5,0.0,0.5,0.0,0,0,0,0,0.0,0.0,0.0,XGBoost,776,0.476,456
2,0,2,0.0,0.5,0.0,0.5,0.0,0,0,0,0,0.0,0.0,0.0,CatBoost,776,0.345,456
3,0,3,0.0,0.5,0.0,0.5,0.0,0,0,0,0,0.0,0.0,0.0,RandomForest,777,0.541,458
3,0,3,0.0,0.5,0.0,0.5,0.0,0,0,0,0,0.0,0.0,0.0,LightGBM,777,0.655,458
3,0,3,0.0,0.5,0.0,0.5,0.0,0,0,0,0,0.0,0.0,0.0,XGBoost,777,0.476,458
3,0,3,0.0,0.5,0.0,0.5,0.0,0,0,0,0,0.0,0.0,0.0,CatBoost,777,0.345,458
2,0,2,0.0,0.5,0.0,0.5,0.0,0,0,0,0,0.0,0.0,0.0,RandomForest,785,0.541,461
2,0,2,0.0,0.5,0.0,0.5,0.0,0,0,0,0,0.0,0.0,0.0,LightGBM,785,0.655,461
2,0,2,0.0,0.5,0.0,0.5,0.0,0,0,0,0,0.0,0.0,0.0,XGBoost,785,0.427,461
2,0,2,0.0,0.5,0.0,0.5,0.0,0,0,0,0,0.0,0.0,0.0,CatBoost,785,0.345,461
1,0,1,0.0,0.5,0.0,0.5,0.0,0,0,0,0,0.0,0.0,0.0,RandomForest,786,0.541,463
1,0,1,0.0,0.5,0.0,0.5,0.0,0,0,0,0,0.0,0.0,0.0,LightGBM,786,0.655,463
1,0,1,0.0,0.5,0.0,0.5,0.0,0,0,0,0,0.0,0.0,0.0,XGBoost,786,0.427,463
1,0,1,0.0,0.5,0.0,0.5,0.0,0,0,0,0,0.0,0.0,0.0,CatBoost,786,0.345,463
4,0,4,0.0,0.5,0.0,0.5,0.0,0,0,0,0,0.0,0.0,0.0,RandomForest,789,0.541,464
4,0,4,0.0,0.5,0.0,0.5,0.0,0,0,0,0,0.0,0.0,0.0,LightGBM,789,0.655,464
4,0,4,0.0,0.5,0.0,0.5,0.0,0,0,0,0,0.0,0.0,0.0,XGBoost,789,0.427,464
4,0,4,0.0,0.5,0.0,0.5,0.0,0,0,0,0,0.0,0.0,0.0,CatBoost,789,0.345,464
18,12,6,0.6324555320336759,0.888888888888889,0.9583333333333333,0.8333333333333333,0.8,8,6,0,4,0.6667,1.0,0.816496580927726,RandomForest,791,0.541,468
18,12,6,0.5,0.888888888888889,0.9583333333333334,0.75,0.6666666666666666,6,6,0,6,0.5,1.0,0.7071067811865476,LightGBM,791,0.655,468
18,12,6,0.5640760748177662,0.7222222222222223,0.8869047619047619,0.7916666666666667,0.7368421052631579,7,6,0,5,0.5833,1.0,0.7637626158259734,XGBoost,791,0.427,468
18,12,6,0.5,0.7777777777777778,0.8972222222222223,0.75,0.8333333333333334,10,4,2,2,0.8333,0.6667,0.7453559924999299,CatBoost,791,0.345,468
17,10,7,1.0,1.0,1.0,1.0,1.0,10,7,0,0,1.0,1.0,1.0,RandomForest,793,0.541,486
17,10,7,1.0,1.0,1.0,1.0,1.0,10,7,0,0,1.0,1.0,1.0,LightGBM,793,0.655,486
17,10,7,1.0,1.0,1.0,1.0,1.0,10,7,0,0,1.0,1.0,1.0,XGBoost,793,0.394,486
17,10,7,1.0,1.0,1.0,1.0,1.0,10,7,0,0,1.0,1.0,1.0,CatBoost,793,0.345,486
14,9,5,0.7453559924999299,1.0,1.0,0.8888888888888888,0.875,7,5,0,2,0.7778,1.0,0.8819171036881969,RandomForest,797,0.541,503
14,9,5,0.6454972243679028,0.9111111111111111,0.9595959595959598,0.8333333333333333,0.8,6,5,0,3,0.6667,1.0,0.816496580927726,LightGBM,797,0.655,503
14,9,5,0.7453559924999299,0.9111111111111111,0.9595959595959598,0.8888888888888888,0.875,7,5,0,2,0.7778,1.0,0.8819171036881969,XGBoost,797,0.394,503
14,9,5,0.7453559924999299,0.9111111111111111,0.9595959595959598,0.8888888888888888,0.875,7,5,0,2,0.7778,1.0,0.8819171036881969,CatBoost,797,0.345,503
7,2,5,0.6454972243679028,1.0,1.0,0.75,0.6666666666666666,1,5,0,1,0.5,1.0,0.7071067811865476,RandomForest,798,0.541,517
7,2,5,0.5477225575051661,0.8,0.75,0.8,0.6666666666666666,2,3,2,0,1.0,0.6,0.7745966692414834,LightGBM,798,0.655,517
7,2,5,0.09128709291752768,0.8,0.75,0.55,0.4,1,3,2,1,0.5,0.6,0.5477225575051661,XGBoost,798,0.394,517
7,2,5,1.0,1.0,1.0,1.0,1.0,2,5,0,0,1.0,1.0,1.0,CatBoost,798,0.345,517
1,0,1,0.0,0.5,0.0,0.5,0.0,0,0,0,0,0.0,0.0,0.0,RandomForest,799,0.541,524
1,0,1,0.0,0.5,0.0,0.5,0.0,0,0,0,0,0.0,0.0,0.0,LightGBM,799,0.655,524
1,0,1,0.0,0.5,0.0,0.5,0.0,0,0,0,0,0.0,0.0,0.0,XGBoost,799,0.247,524
1,0,1,0.0,0.5,0.0,0.5,0.0,0,0,0,0,0.0,0.0,0.0,CatBoost,799,0.345,524
14,10,4,0.6324555320336759,0.925,0.9707070707070706,0.85,0.8235294117647058,7,4,0,3,0.7,1.0,0.8366600265340756,RandomForest,800,0.541,525
14,10,4,0.6324555320336759,0.925,0.9707070707070707,0.85,0.8235294117647058,7,4,0,3,0.7,1.0,0.8366600265340756,LightGBM,800,0.655,525
14,10,4,0.6324555320336759,0.925,0.9707070707070707,0.85,0.8235294117647058,7,4,0,3,0.7,1.0,0.8366600265340756,XGBoost,800,0.247,525
14,10,4,0.41079191812887456,0.925,0.9707070707070707,0.725,0.7777777777777778,7,3,1,3,0.7,0.75,0.7245688373094719,CatBoost,800,0.345,525
2,0,2,0.0,0.5,0.0,0.5,0.0,0,0,0,0,0.0,0.0,0.0,RandomForest,805,0.541,539
2,0,2,0.0,0.5,0.0,0.5,0.0,0,0,0,0,0.0,0.0,0.0,LightGBM,805,0.655,539
2,0,2,0.0,0.5,0.0,0.5,0.0,0,0,0,0,0.0,0.0,0.0,XGBoost,805,0.394,539
2,0,2,0.0,0.5,0.0,0.5,0.0,0,0,0,0,0.0,0.0,0.0,CatBoost,805,0.345,539
9,4,5,1.0,1.0,1.0,1.0,1.0,4,5,0,0,1.0,1.0,1.0,RandomForest,809,0.541,541
9,4,5,0.6324555320336759,1.0,1.0,0.8,0.8,4,3,2,0,1.0,0.6,0.7745966692414834,LightGBM,809,0.655,541
9,4,5,1.0,1.0,1.0,1.0,1.0,4,5,0,0,1.0,1.0,1.0,XGBoost,809,0.394,541
9,4,5,1.0,1.0,1.0,1.0,1.0,4,5,0,0,1.0,1.0,1.0,CatBoost,809,0.345,541
1,0,1,0.0,0.5,0.0,0.5,0.0,0,0,0,0,0.0,0.0,0.0,RandomForest,813,0.541,550
1,0,1,0.0,0.5,0.0,0.5,0.0,0,0,0,0,0.0,0.0,0.0,LightGBM,813,0.655,550
1,0,1,0.0,0.5,0.0,0.5,0.0,0,0,0,0,0.0,0.0,0.0,XGBoost,813,0.394,550
1,0,1,0.0,0.5,0.0,0.5,0.0,0,0,0,0,0.0,0.0,0.0,CatBoost,813,0.345,550
5,0,5,0.0,0.5,0.0,0.5,0.0,0,0,0,0,0.0,0.0,0.0,RandomForest,816,0.541,551
5,0,5,0.0,0.5,0.0,0.5,0.0,0,0,0,0,0.0,0.0,0.0,LightGBM,816,0.655,551
5,0,5,0.0,0.5,0.0,0.5,0.0,0,0,0,0,0.0,0.0,0.0,XGBoost,816,0.394,551
5,0,5,0.0,0.5,0.0,0.5,0.0,0,0,0,0,0.0,0.0,0.0,CatBoost,816,0.345,551
