n,n_pos,n_neg,mcc,auc_roc,pr_auc,balanced_acc,f1,gmean,model,Revision,threshold,train_size
4,0,4,0.0,0.5,0.0,0.5,0.0,0.0,RandomForest,113,0.5,40
4,0,4,0.0,0.5,0.0,0.5,0.0,0.0,LightGBM,113,0.5,40
4,0,4,0.0,0.5,0.0,0.5,0.0,0.0,XGBoost,113,0.5,40
4,0,4,0.0,0.5,0.0,0.5,0.0,0.0,CatBoost,113,0.5,40
1,1,0,0.0,0.5,1.0,0.5,0.0,0.0,RandomForest,115,0.5,44
1,1,0,0.0,0.5,1.0,0.5,0.0,0.0,LightGBM,115,0.5,44
1,1,0,0.0,0.5,1.0,0.5,0.0,0.0,XGBoost,115,0.5,44
1,1,0,0.0,0.5,1.0,0.5,0.0,0.0,CatBoost,115,0.5,44
17,0,17,0.0,0.5,0.0,0.5,0.0,0.0,RandomForest,130,0.5,45
17,0,17,0.0,0.5,0.0,0.5,0.0,0.0,LightGBM,130,0.5,45
17,0,17,0.0,0.5,0.0,0.5,0.0,0.0,XGBoost,130,0.5,45
17,0,17,0.0,0.5,0.0,0.5,0.0,0.0,CatBoost,130,0.5,45
1,1,0,0.0,0.5,1.0,0.5,0.0,0.0,RandomForest,134,0.28,62
1,1,0,0.0,0.5,1.0,0.5,0.0,0.0,LightGBM,134,0.1,62
1,1,0,0.0,0.5,1.0,0.5,0.0,0.0,XGBoost,134,0.1,62
1,1,0,0.0,0.5,1.0,0.5,0.0,0.0,CatBoost,134,0.133,62
9,0,9,0.0,0.5,0.0,0.5,0.0,0.0,RandomForest,139,0.28,63
9,0,9,0.0,0.5,0.0,0.5,0.0,0.0,LightGBM,139,0.1,63
9,0,9,0.0,0.5,0.0,0.5,0.0,0.0,XGBoost,139,0.867,63
9,0,9,0.0,0.5,0.0,0.5,0.0,0.0,CatBoost,139,0.133,63
6,0,6,0.0,0.5,0.0,0.5,0.0,0.0,RandomForest,141,0.28,72
6,0,6,0.0,0.5,0.0,0.5,0.0,0.0,LightGBM,141,0.1,72
6,0,6,0.0,0.5,0.0,0.5,0.0,0.0,XGBoost,141,0.9,72
6,0,6,0.0,0.5,0.0,0.5,0.0,0.0,CatBoost,141,0.231,72
21,0,21,0.0,0.5,0.0,0.5,0.0,0.0,RandomForest,163,0.28,78
21,0,21,0.0,0.5,0.0,0.5,0.0,0.0,LightGBM,163,0.9,78
21,0,21,0.0,0.5,0.0,0.5,0.0,0.0,XGBoost,163,0.9,78
21,0,21,0.0,0.5,0.0,0.5,0.0,0.0,CatBoost,163,0.231,78
5,1,4,0.0,1.0,1.0,0.5,0.0,0.0,RandomForest,166,0.28,99
5,1,4,0.0,1.0,1.0,0.5,0.0,0.0,LightGBM,166,0.9,99
5,1,4,0.0,1.0,1.0,0.5,0.0,0.0,XGBoost,166,0.9,99
5,1,4,0.0,0.0,0.2,0.5,0.0,0.0,CatBoost,166,0.231,99
4,1,3,0.3333333333333333,1.0,1.0,0.6666666666666666,0.5,0.5773502691896257,RandomForest,168,0.133,104
4,1,3,1.0,1.0,1.0,1.0,1.0,1.0,LightGBM,168,0.9,104
4,1,3,1.0,1.0,1.0,1.0,1.0,1.0,XGBoost,168,0.9,104
4,1,3,1.0,1.0,1.0,1.0,1.0,1.0,CatBoost,168,0.231,104
14,1,13,1.0,1.0,1.0,1.0,1.0,1.0,RandomForest,172,0.524,108
14,1,13,1.0,1.0,1.0,1.0,1.0,1.0,LightGBM,172,0.9,108
14,1,13,1.0,1.0,1.0,1.0,1.0,1.0,XGBoost,172,0.9,108
14,1,13,1.0,1.0,1.0,1.0,1.0,1.0,CatBoost,172,0.231,108
5,1,4,0.0,1.0,1.0,0.5,0.0,0.0,RandomForest,175,0.622,122
5,1,4,0.0,1.0,1.0,0.5,0.0,0.0,LightGBM,175,0.9,122
5,1,4,0.0,1.0,1.0,0.5,0.0,0.0,XGBoost,175,0.9,122
5,1,4,1.0,1.0,1.0,1.0,1.0,1.0,CatBoost,175,0.231,122
5,1,4,1.0,1.0,1.0,1.0,1.0,1.0,RandomForest,176,0.524,127
5,1,4,1.0,1.0,1.0,1.0,1.0,1.0,LightGBM,176,0.9,127
5,1,4,1.0,1.0,1.0,1.0,1.0,1.0,XGBoost,176,0.9,127
5,1,4,1.0,1.0,1.0,1.0,1.0,1.0,CatBoost,176,0.231,127
5,0,5,0.0,0.5,0.0,0.5,0.0,0.0,RandomForest,177,0.524,132
5,0,5,0.0,0.5,0.0,0.5,0.0,0.0,LightGBM,177,0.9,132
5,0,5,0.0,0.5,0.0,0.5,0.0,0.0,XGBoost,177,0.9,132
5,0,5,0.0,0.5,0.0,0.5,0.0,0.0,CatBoost,177,0.231,132
9,0,9,0.0,0.5,0.0,0.5,0.0,0.0,RandomForest,183,0.524,137
9,0,9,0.0,0.5,0.0,0.5,0.0,0.0,LightGBM,183,0.9,137
9,0,9,0.0,0.5,0.0,0.5,0.0,0.0,XGBoost,183,0.9,137
9,0,9,0.0,0.5,0.0,0.5,0.0,0.0,CatBoost,183,0.231,137
6,1,5,0.0,1.0,1.0,0.5,0.0,0.0,RandomForest,187,0.524,146
6,1,5,0.0,1.0,1.0,0.5,0.0,0.0,LightGBM,187,0.9,146
6,1,5,0.0,1.0,1.0,0.5,0.0,0.0,XGBoost,187,0.9,146
6,1,5,1.0,1.0,1.0,1.0,1.0,1.0,CatBoost,187,0.231,146
7,0,7,0.0,0.5,0.0,0.5,0.0,0.0,RandomForest,189,0.524,152
7,0,7,0.0,0.5,0.0,0.5,0.0,0.0,LightGBM,189,0.9,152
7,0,7,0.0,0.5,0.0,0.5,0.0,0.0,XGBoost,189,0.9,152
7,0,7,0.0,0.5,0.0,0.5,0.0,0.0,CatBoost,189,0.231,152
7,0,7,0.0,0.5,0.0,0.5,0.0,0.0,RandomForest,197,0.524,159
7,0,7,0.0,0.5,0.0,0.5,0.0,0.0,LightGBM,197,0.9,159
7,0,7,0.0,0.5,0.0,0.5,0.0,0.0,XGBoost,197,0.9,159
7,0,7,0.0,0.5,0.0,0.5,0.0,0.0,CatBoost,197,0.231,159
5,0,5,0.0,0.5,0.0,0.5,0.0,0.0,RandomForest,198,0.524,166
5,0,5,0.0,0.5,0.0,0.5,0.0,0.0,LightGBM,198,0.9,166
5,0,5,0.0,0.5,0.0,0.5,0.0,0.0,XGBoost,198,0.9,166
5,0,5,0.0,0.5,0.0,0.5,0.0,0.0,CatBoost,198,0.231,166
1,1,0,0.0,0.5,1.0,0.5,0.0,0.0,RandomForest,199,0.524,171
1,1,0,0.0,0.5,1.0,0.5,0.0,0.0,LightGBM,199,0.9,171
1,1,0,0.0,0.5,1.0,0.5,0.0,0.0,XGBoost,199,0.9,171
1,1,0,0.0,0.5,1.0,0.5,0.0,0.0,CatBoost,199,0.231,171
1,1,0,0.0,0.5,1.0,0.5,0.0,0.0,RandomForest,203,0.524,172
1,1,0,0.0,0.5,1.0,0.5,0.0,0.0,LightGBM,203,0.9,172
1,1,0,0.0,0.5,1.0,0.5,0.0,0.0,XGBoost,203,0.9,172
1,1,0,0.0,0.5,1.0,0.5,0.0,0.0,CatBoost,203,0.231,172
12,0,12,0.0,0.5,0.0,0.5,0.0,0.0,RandomForest,204,0.524,173
12,0,12,0.0,0.5,0.0,0.5,0.0,0.0,LightGBM,204,0.9,173
12,0,12,0.0,0.5,0.0,0.5,0.0,0.0,XGBoost,204,0.9,173
12,0,12,0.0,0.5,0.0,0.5,0.0,0.0,CatBoost,204,0.231,173
8,0,8,0.0,0.5,0.0,0.5,0.0,0.0,RandomForest,205,0.524,185
8,0,8,0.0,0.5,0.0,0.5,0.0,0.0,LightGBM,205,0.9,185
8,0,8,0.0,0.5,0.0,0.5,0.0,0.0,XGBoost,205,0.9,185
8,0,8,0.0,0.5,0.0,0.5,0.0,0.0,CatBoost,205,0.231,185
1,0,1,0.0,0.5,0.0,0.5,0.0,0.0,RandomForest,206,0.524,193
1,0,1,0.0,0.5,0.0,0.5,0.0,0.0,LightGBM,206,0.9,193
1,0,1,0.0,0.5,0.0,0.5,0.0,0.0,XGBoost,206,0.9,193
1,0,1,0.0,0.5,0.0,0.5,0.0,0.0,CatBoost,206,0.231,193
4,0,4,0.0,0.5,0.0,0.5,0.0,0.0,RandomForest,207,0.786,194
4,0,4,0.0,0.5,0.0,0.5,0.0,0.0,LightGBM,207,0.9,194
4,0,4,0.0,0.5,0.0,0.5,0.0,0.0,XGBoost,207,0.9,194
4,0,4,0.0,0.5,0.0,0.5,0.0,0.0,CatBoost,207,0.231,194
10,0,10,0.0,0.5,0.0,0.5,0.0,0.0,RandomForest,209,0.786,198
10,0,10,0.0,0.5,0.0,0.5,0.0,0.0,LightGBM,209,0.9,198
10,0,10,0.0,0.5,0.0,0.5,0.0,0.0,XGBoost,209,0.9,198
10,0,10,0.0,0.5,0.0,0.5,0.0,0.0,CatBoost,209,0.231,198
21,1,20,0.0,1.0,1.0,0.5,0.0,0.0,RandomForest,210,0.786,208
21,1,20,0.0,0.9500000000000001,0.5,0.5,0.0,0.0,LightGBM,210,0.9,208
21,1,20,0.0,1.0,1.0,0.5,0.0,0.0,XGBoost,210,0.9,208
21,1,20,0.0,1.0,1.0,0.5,0.0,0.0,CatBoost,210,0.231,208
13,1,12,1.0,1.0,1.0,1.0,1.0,1.0,RandomForest,212,0.524,229
13,1,12,0.0,1.0,1.0,0.5,0.0,0.0,LightGBM,212,0.9,229
13,1,12,0.0,1.0,1.0,0.5,0.0,0.0,XGBoost,212,0.9,229
13,1,12,1.0,1.0,1.0,1.0,1.0,1.0,CatBoost,212,0.165,229
2,1,1,0.0,1.0,1.0,0.5,0.0,0.0,RandomForest,215,0.524,242
2,1,1,0.0,1.0,1.0,0.5,0.0,0.0,LightGBM,215,0.1,242
2,1,1,0.0,0.0,0.5,0.5,0.0,0.0,XGBoost,215,0.9,242
2,1,1,0.0,1.0,1.0,0.5,0.0,0.0,CatBoost,215,0.165,242
7,0,7,0.0,0.5,0.0,0.5,0.0,0.0,RandomForest,216,0.524,244
7,0,7,0.0,0.5,0.0,0.5,0.0,0.0,LightGBM,216,0.1,244
7,0,7,0.0,0.5,0.0,0.5,0.0,0.0,XGBoost,216,0.9,244
7,0,7,0.0,0.5,0.0,0.5,0.0,0.0,CatBoost,216,0.165,244
22,0,22,0.0,0.5,0.0,0.5,0.0,0.0,RandomForest,230,0.524,251
22,0,22,0.0,0.5,0.0,0.5,0.0,0.0,LightGBM,230,0.1,251
22,0,22,0.0,0.5,0.0,0.5,0.0,0.0,XGBoost,230,0.9,251
22,0,22,0.0,0.5,0.0,0.5,0.0,0.0,CatBoost,230,0.165,251
15,0,15,0.0,0.5,0.0,0.5,0.0,0.0,RandomForest,232,0.394,273
15,0,15,0.0,0.5,0.0,0.5,0.0,0.0,LightGBM,232,0.1,273
15,0,15,0.0,0.5,0.0,0.5,0.0,0.0,XGBoost,232,0.704,273
15,0,15,0.0,0.5,0.0,0.5,0.0,0.0,CatBoost,232,0.165,273
6,0,6,0.0,0.5,0.0,0.5,0.0,0.0,RandomForest,237,0.41,288
6,0,6,0.0,0.5,0.0,0.5,0.0,0.0,LightGBM,237,0.214,288
6,0,6,0.0,0.5,0.0,0.5,0.0,0.0,XGBoost,237,0.704,288
6,0,6,0.0,0.5,0.0,0.5,0.0,0.0,CatBoost,237,0.165,288
1,1,0,0.0,0.5,1.0,0.5,0.0,0.0,RandomForest,238,0.41,294
1,1,0,0.0,0.5,1.0,0.5,0.0,0.0,LightGBM,238,0.214,294
1,1,0,0.0,0.5,1.0,0.5,0.0,0.0,XGBoost,238,0.704,294
1,1,0,0.0,0.5,1.0,0.5,0.0,0.0,CatBoost,238,0.165,294
2,2,0,0.0,0.5,1.0,0.5,0.0,0.0,RandomForest,240,0.41,295
2,2,0,0.0,0.5,1.0,0.5,0.0,0.0,LightGBM,240,0.214,295
2,2,0,0.0,0.5,1.0,0.5,0.0,0.0,XGBoost,240,0.704,295
2,2,0,0.0,0.5,1.0,0.5,0.0,0.0,CatBoost,240,0.165,295
1,1,0,0.0,0.5,1.0,0.5,0.0,0.0,RandomForest,266,0.182,297
1,1,0,0.0,0.5,1.0,0.5,0.0,0.0,LightGBM,266,0.214,297
1,1,0,0.0,0.5,1.0,0.5,0.0,0.0,XGBoost,266,0.704,297
1,1,0,0.0,0.5,1.0,0.5,0.0,0.0,CatBoost,266,0.165,297
1,0,1,0.0,0.5,0.0,0.5,0.0,0.0,RandomForest,279,0.182,298
1,0,1,0.0,0.5,0.0,0.5,0.0,0.0,LightGBM,279,0.214,298
1,0,1,0.0,0.5,0.0,0.5,0.0,0.0,XGBoost,279,0.704,298
1,0,1,0.0,0.5,0.0,0.5,0.0,0.0,CatBoost,279,0.165,298
4,0,4,0.0,0.5,0.0,0.5,0.0,0.0,RandomForest,284,0.182,299
4,0,4,0.0,0.5,0.0,0.5,0.0,0.0,LightGBM,284,0.214,299
4,0,4,0.0,0.5,0.0,0.5,0.0,0.0,XGBoost,284,0.704,299
4,0,4,0.0,0.5,0.0,0.5,0.0,0.0,CatBoost,284,0.165,299
11,1,10,1.0,1.0,1.0,1.0,1.0,1.0,RandomForest,287,0.182,303
11,1,10,1.0,1.0,1.0,1.0,1.0,1.0,LightGBM,287,0.296,303
11,1,10,1.0,1.0,1.0,1.0,1.0,1.0,XGBoost,287,0.704,303
11,1,10,1.0,1.0,1.0,1.0,1.0,1.0,CatBoost,287,0.28,303
20,0,20,0.0,0.5,0.0,0.5,0.0,0.0,RandomForest,289,0.182,314
20,0,20,0.0,0.5,0.0,0.5,0.0,0.0,LightGBM,289,0.296,314
20,0,20,0.0,0.5,0.0,0.5,0.0,0.0,XGBoost,289,0.704,314
20,0,20,0.0,0.5,0.0,0.5,0.0,0.0,CatBoost,289,0.28,314
7,0,7,0.0,0.5,0.0,0.5,0.0,0.0,RandomForest,294,0.182,334
7,0,7,0.0,0.5,0.0,0.5,0.0,0.0,LightGBM,294,0.296,334
7,0,7,0.0,0.5,0.0,0.5,0.0,0.0,XGBoost,294,0.704,334
7,0,7,0.0,0.5,0.0,0.5,0.0,0.0,CatBoost,294,0.165,334
14,1,13,-0.2773500981126146,0.15384615384615385,0.08333333333333333,0.23076923076923078,0.0,0.0,RandomForest,295,0.182,341
14,1,13,1.0,1.0,1.0,1.0,1.0,1.0,LightGBM,295,0.296,341
14,1,13,0.0,1.0,1.0,0.5,0.0,0.0,XGBoost,295,0.704,341
14,1,13,-0.07692307692307693,0.7692307692307693,0.25,0.46153846153846156,0.0,0.0,CatBoost,295,0.312,341
2,2,0,0.0,0.5,1.0,0.5,0.0,0.0,RandomForest,296,0.671,355
2,2,0,0.0,0.5,1.0,0.5,0.0,0.0,LightGBM,296,0.296,355
2,2,0,0.0,0.5,1.0,0.5,0.0,0.0,XGBoost,296,0.704,355
2,2,0,0.0,0.5,1.0,0.5,0.0,0.0,CatBoost,296,0.606,355
27,0,27,0.0,0.5,0.0,0.5,0.0,0.0,RandomForest,298,0.182,357
27,0,27,0.0,0.5,0.0,0.5,0.0,0.0,LightGBM,298,0.296,357
27,0,27,0.0,0.5,0.0,0.5,0.0,0.0,XGBoost,298,0.704,357
27,0,27,0.0,0.5,0.0,0.5,0.0,0.0,CatBoost,298,0.1,357
86,0,86,0.0,0.5,0.0,0.5,0.0,0.0,RandomForest,302,0.116,384
86,0,86,0.0,0.5,0.0,0.5,0.0,0.0,LightGBM,302,0.296,384
86,0,86,0.0,0.5,0.0,0.5,0.0,0.0,XGBoost,302,0.704,384
86,0,86,0.0,0.5,0.0,0.5,0.0,0.0,CatBoost,302,0.1,384
7,1,6,0.0,1.0,1.0,0.5,0.0,0.0,RandomForest,304,0.753,470
7,1,6,0.0,1.0,1.0,0.5,0.0,0.0,LightGBM,304,0.851,470
7,1,6,0.0,1.0,1.0,0.5,0.0,0.0,XGBoost,304,0.867,470
7,1,6,0.0,1.0,1.0,0.5,0.0,0.0,CatBoost,304,0.867,470
14,2,12,0.7817359599705717,0.9583333333333334,0.8333333333333333,0.9583333333333333,0.8,0.9574271077563381,RandomForest,308,0.116,477
14,2,12,0.0,0.9583333333333333,0.8333333333333333,0.5,0.0,0.0,LightGBM,308,0.851,477
14,2,12,0.0,0.9166666666666666,0.5833333333333333,0.5,0.0,0.0,XGBoost,308,0.116,477
14,2,12,0.0,0.9583333333333333,0.8333333333333333,0.5,0.0,0.0,CatBoost,308,0.867,477
7,1,6,0.0,1.0,1.0,0.5,0.25,0.0,RandomForest,309,0.116,491
7,1,6,0.3535533905932738,1.0,1.0,0.75,0.4,0.7071067811865476,LightGBM,309,0.851,491
7,1,6,0.2581988897471611,0.8333333333333334,0.5,0.6666666666666666,0.3333333333333333,0.5773502691896257,XGBoost,309,0.116,491
7,1,6,-0.16666666666666666,0.6666666666666667,0.3333333333333333,0.4166666666666667,0.0,0.0,CatBoost,309,0.867,491
2,2,0,0.0,0.5,1.0,0.5,0.0,0.0,RandomForest,310,0.753,498
2,2,0,0.0,0.5,1.0,0.5,0.0,0.0,LightGBM,310,0.851,498
2,2,0,0.0,0.5,1.0,0.5,0.0,0.0,XGBoost,310,0.9,498
2,2,0,0.0,0.5,1.0,0.5,0.0,0.0,CatBoost,310,0.688,498
255,0,255,0.0,0.5,0.0,0.5,0.0,0.0,RandomForest,315,0.296,500
255,0,255,0.0,0.5,0.0,0.5,0.0,0.0,LightGBM,315,0.116,500
255,0,255,0.0,0.5,0.0,0.5,0.0,0.0,XGBoost,315,0.182,500
255,0,255,0.0,0.5,0.0,0.5,0.0,0.0,CatBoost,315,0.149,500
11,1,10,0.0,1.0,1.0,0.5,0.0,0.0,RandomForest,319,0.5,755
11,1,10,0.0,1.0,1.0,0.5,0.0,0.0,LightGBM,319,0.5,755
11,1,10,0.0,1.0,1.0,0.5,0.0,0.0,XGBoost,319,0.5,755
11,1,10,0.0,1.0,1.0,0.5,0.0,0.0,CatBoost,319,0.5,755
23,1,22,-0.045454545454545456,0.9090909090909091,0.3333333333333333,0.4772727272727273,0.0,0.0,RandomForest,321,0.231,766
23,1,22,0.0,1.0,1.0,0.5,0.0,0.0,LightGBM,321,0.9,766
23,1,22,0.0,0.9545454545454546,0.5,0.5,0.0,0.0,XGBoost,321,0.214,766
23,1,22,0.0,0.9090909090909091,0.3333333333333333,0.5,0.0,0.0,CatBoost,321,0.884,766
2,2,0,0.0,0.5,1.0,0.5,0.0,0.0,RandomForest,323,0.165,789
2,2,0,0.0,0.5,1.0,0.5,0.0,0.0,LightGBM,323,0.9,789
2,2,0,0.0,0.5,1.0,0.5,0.0,0.0,XGBoost,323,0.165,789
2,2,0,0.0,0.5,1.0,0.5,0.0,0.0,CatBoost,323,0.884,789
31,1,30,-0.18856180831641267,0.30000000000000004,0.045454545454545456,0.23333333333333334,0.0,0.0,RandomForest,324,0.165,791
31,1,30,-0.07027283689263066,0.4,0.05263157894736842,0.43333333333333335,0.0,0.0,LightGBM,324,0.329,791
31,1,30,-0.1551582227085438,0.5,0.0625,0.2833333333333333,0.0,0.0,XGBoost,324,0.165,791
31,1,30,-0.135400640077266,0.43333333333333335,0.05555555555555555,0.31666666666666665,0.0,0.0,CatBoost,324,0.165,791
2,1,1,0.0,1.0,1.0,0.5,0.0,0.0,RandomForest,325,0.133,822
2,1,1,0.0,1.0,1.0,0.5,0.0,0.0,LightGBM,325,0.329,822
2,1,1,0.0,1.0,1.0,0.5,0.0,0.0,XGBoost,325,0.1,822
2,1,1,0.0,1.0,1.0,0.5,0.0,0.0,CatBoost,325,0.165,822
2,0,2,0.0,0.5,0.0,0.5,0.0,0.0,RandomForest,328,0.133,824
2,0,2,0.0,0.5,0.0,0.5,0.0,0.0,LightGBM,328,0.329,824
2,0,2,0.0,0.5,0.0,0.5,0.0,0.0,XGBoost,328,0.1,824
2,0,2,0.0,0.5,0.0,0.5,0.0,0.0,CatBoost,328,0.165,824
24,2,22,0.13819749820569552,0.8409090909090909,0.6111111111111112,0.6136363636363636,0.2222222222222222,0.6030226891555273,RandomForest,330,0.133,826
24,2,22,0.0,0.9772727272727273,0.8333333333333333,0.5,0.0,0.0,LightGBM,330,0.329,826
24,2,22,-0.06286946134619315,0.6136363636363635,0.14583333333333331,0.4772727272727273,0.0,0.0,XGBoost,330,0.1,826
24,2,22,-0.09090909090909091,0.8409090909090908,0.30952380952380953,0.45454545454545453,0.0,0.0,CatBoost,330,0.165,826
8,0,8,0.0,0.5,0.0,0.5,0.0,0.0,RandomForest,332,0.133,850
8,0,8,0.0,0.5,0.0,0.5,0.0,0.0,LightGBM,332,0.329,850
8,0,8,0.0,0.5,0.0,0.5,0.0,0.0,XGBoost,332,0.1,850
8,0,8,0.0,0.5,0.0,0.5,0.0,0.0,CatBoost,332,0.1,850
20,2,18,0.5091750772173156,1.0,1.0,0.8888888888888888,0.5,0.8819171036881969,RandomForest,333,0.133,858
20,2,18,0.6882472016116853,1.0,1.0,0.75,0.6666666666666666,0.7071067811865476,LightGBM,333,0.329,858
20,2,18,0.7934920476158722,0.9722222222222222,0.8333333333333333,0.9722222222222222,0.8,0.97182531580755,XGBoost,333,0.1,858
20,2,18,0.6666666666666666,1.0,1.0,0.9444444444444444,0.6666666666666666,0.9428090415820634,CatBoost,333,0.1,858
15,3,12,-0.1336306209562122,0.4444444444444444,0.23809523809523808,0.41666666666666663,0.2,0.408248290463863,RandomForest,334,0.133,878
15,3,12,0.0,0.41666666666666663,0.21296296296296297,0.5,0.0,0.0,LightGBM,334,0.116,878
15,3,12,-0.1336306209562122,0.4722222222222222,0.23333333333333334,0.4583333333333333,0.0,0.0,XGBoost,334,0.1,878
15,3,12,0.0,0.5555555555555556,0.5,0.5,0.0,0.0,CatBoost,334,0.312,878
11,3,8,0.28867513459481287,0.75,0.6333333333333333,0.625,0.5,0.5,RandomForest,335,0.116,893
11,3,8,-0.03857583749052298,0.625,0.5694444444444444,0.47916666666666663,0.2857142857142857,0.4564354645876384,LightGBM,335,0.1,893
11,3,8,0.14907119849998599,0.6666666666666666,0.5873015873015872,0.5833333333333333,0.4444444444444444,0.5773502691896257,XGBoost,335,0.1,893
11,3,8,0.14907119849998599,0.7916666666666667,0.6984126984126984,0.5833333333333333,0.4444444444444444,0.5773502691896257,CatBoost,335,0.1,893
44,3,41,0.5637636538163321,1.0,1.0,0.6666666666666666,0.5,0.5773502691896257,RandomForest,338,0.802,904
44,3,41,0.6422764227642277,0.9756097560975611,0.8333333333333333,0.8211382113821137,0.6666666666666666,0.8064778385455118,LightGBM,338,0.116,904
44,3,41,0.8553989227683015,0.991869918699187,0.9166666666666666,0.9878048780487805,0.8571428571428571,0.9877295966495896,XGBoost,338,0.1,904
44,3,41,0.6422764227642277,0.975609756097561,0.8333333333333333,0.8211382113821137,0.6666666666666666,0.8064778385455118,CatBoost,338,0.263,904
1,1,0,0.0,0.5,1.0,0.5,0.0,0.0,RandomForest,341,0.378,948
1,1,0,0.0,0.5,1.0,0.5,0.0,0.0,LightGBM,341,0.312,948
1,1,0,0.0,0.5,1.0,0.5,0.0,0.0,XGBoost,341,0.867,948
1,1,0,0.0,0.5,1.0,0.5,0.0,0.0,CatBoost,341,0.884,948
1,1,0,0.0,0.5,1.0,0.5,0.0,0.0,RandomForest,342,0.378,949
1,1,0,0.0,0.5,1.0,0.5,0.0,0.0,LightGBM,342,0.312,949
1,1,0,0.0,0.5,1.0,0.5,0.0,0.0,XGBoost,342,0.1,949
1,1,0,0.0,0.5,1.0,0.5,0.0,0.0,CatBoost,342,0.263,949
1,1,0,0.0,0.5,1.0,0.5,0.0,0.0,RandomForest,359,0.378,950
1,1,0,0.0,0.5,1.0,0.5,0.0,0.0,LightGBM,359,0.312,950
1,1,0,0.0,0.5,1.0,0.5,0.0,0.0,XGBoost,359,0.867,950
1,1,0,0.0,0.5,1.0,0.5,0.0,0.0,CatBoost,359,0.263,950
34,1,33,0.34188172937891387,0.9393939393939394,0.3333333333333333,0.9090909090909092,0.25,0.9045340337332909,RandomForest,360,0.378,951
34,1,33,0.34188172937891387,0.9393939393939393,0.3333333333333333,0.9090909090909092,0.25,0.9045340337332909,LightGBM,360,0.312,951
34,1,33,-0.06356417261637282,0.8181818181818182,0.14285714285714285,0.4393939393939394,0.0,0.0,XGBoost,360,0.867,951
34,1,33,0.29012942659282975,0.8787878787878788,0.2,0.8787878787878788,0.2,0.8703882797784892,CatBoost,360,0.263,951
2,0,2,0.0,0.5,0.0,0.5,0.0,0.0,RandomForest,367,0.378,985
2,0,2,0.0,0.5,0.0,0.5,0.0,0.0,LightGBM,367,0.312,985
2,0,2,0.0,0.5,0.0,0.5,0.0,0.0,XGBoost,367,0.867,985
2,0,2,0.0,0.5,0.0,0.5,0.0,0.0,CatBoost,367,0.263,985
2,0,2,0.0,0.5,0.0,0.5,0.0,0.0,RandomForest,370,0.378,987
2,0,2,0.0,0.5,0.0,0.5,0.0,0.0,LightGBM,370,0.312,987
2,0,2,0.0,0.5,0.0,0.5,0.0,0.0,XGBoost,370,0.867,987
2,0,2,0.0,0.5,0.0,0.5,0.0,0.0,CatBoost,370,0.263,987
1,1,0,0.0,0.5,1.0,0.5,0.0,0.0,RandomForest,377,0.378,989
1,1,0,0.0,0.5,1.0,0.5,0.0,0.0,LightGBM,377,0.312,989
1,1,0,0.0,0.5,1.0,0.5,0.0,0.0,XGBoost,377,0.867,989
1,1,0,0.0,0.5,1.0,0.5,0.0,0.0,CatBoost,377,0.263,989
1,1,0,0.0,0.5,1.0,0.5,0.0,0.0,RandomForest,412,0.378,990
1,1,0,0.0,0.5,1.0,0.5,0.0,0.0,LightGBM,412,0.884,990
1,1,0,0.0,0.5,1.0,0.5,0.0,0.0,XGBoost,412,0.867,990
1,1,0,0.0,0.5,1.0,0.5,0.0,0.0,CatBoost,412,0.263,990
2,0,2,0.0,0.5,0.0,0.5,0.0,0.0,RandomForest,414,0.378,991
2,0,2,0.0,0.5,0.0,0.5,0.0,0.0,LightGBM,414,0.884,991
2,0,2,0.0,0.5,0.0,0.5,0.0,0.0,XGBoost,414,0.867,991
2,0,2,0.0,0.5,0.0,0.5,0.0,0.0,CatBoost,414,0.263,991
2,0,2,0.0,0.5,0.0,0.5,0.0,0.0,RandomForest,416,0.378,993
2,0,2,0.0,0.5,0.0,0.5,0.0,0.0,LightGBM,416,0.884,993
2,0,2,0.0,0.5,0.0,0.5,0.0,0.0,XGBoost,416,0.688,993
2,0,2,0.0,0.5,0.0,0.5,0.0,0.0,CatBoost,416,0.263,993
4,0,4,0.0,0.5,0.0,0.5,0.0,0.0,RandomForest,430,0.378,995
4,0,4,0.0,0.5,0.0,0.5,0.0,0.0,LightGBM,430,0.884,995
4,0,4,0.0,0.5,0.0,0.5,0.0,0.0,XGBoost,430,0.688,995
4,0,4,0.0,0.5,0.0,0.5,0.0,0.0,CatBoost,430,0.263,995
3,1,2,1.0,1.0,1.0,1.0,1.0,1.0,RandomForest,438,0.378,999
3,1,2,1.0,1.0,1.0,1.0,1.0,1.0,LightGBM,438,0.769,999
3,1,2,1.0,1.0,1.0,1.0,1.0,1.0,XGBoost,438,0.688,999
3,1,2,1.0,1.0,1.0,1.0,1.0,1.0,CatBoost,438,0.263,999
14,1,13,1.0,1.0,1.0,1.0,1.0,1.0,RandomForest,450,0.378,1002
14,1,13,0.0,1.0,1.0,0.5,0.0,0.0,LightGBM,450,0.769,1002
14,1,13,0.0,1.0,1.0,0.5,0.0,0.0,XGBoost,450,0.688,1002
14,1,13,1.0,1.0,1.0,1.0,1.0,1.0,CatBoost,450,0.263,1002
5,0,5,0.0,0.5,0.0,0.5,0.0,0.0,RandomForest,452,0.378,1016
5,0,5,0.0,0.5,0.0,0.5,0.0,0.0,LightGBM,452,0.769,1016
5,0,5,0.0,0.5,0.0,0.5,0.0,0.0,XGBoost,452,0.655,1016
5,0,5,0.0,0.5,0.0,0.5,0.0,0.0,CatBoost,452,0.263,1016
2,0,2,0.0,0.5,0.0,0.5,0.0,0.0,RandomForest,453,0.345,1021
2,0,2,0.0,0.5,0.0,0.5,0.0,0.0,LightGBM,453,0.769,1021
2,0,2,0.0,0.5,0.0,0.5,0.0,0.0,XGBoost,453,0.655,1021
2,0,2,0.0,0.5,0.0,0.5,0.0,0.0,CatBoost,453,0.231,1021
35,0,35,0.0,0.5,0.0,0.5,0.0,0.0,RandomForest,454,0.345,1023
35,0,35,0.0,0.5,0.0,0.5,0.0,0.0,LightGBM,454,0.769,1023
35,0,35,0.0,0.5,0.0,0.5,0.0,0.0,XGBoost,454,0.116,1023
35,0,35,0.0,0.5,0.0,0.5,0.0,0.0,CatBoost,454,0.231,1023
3,0,3,0.0,0.5,0.0,0.5,0.0,0.0,RandomForest,458,0.345,1058
3,0,3,0.0,0.5,0.0,0.5,0.0,0.0,LightGBM,458,0.786,1058
3,0,3,0.0,0.5,0.0,0.5,0.0,0.0,XGBoost,458,0.116,1058
3,0,3,0.0,0.5,0.0,0.5,0.0,0.0,CatBoost,458,0.231,1058
26,1,25,1.0,1.0,1.0,1.0,1.0,1.0,RandomForest,475,0.345,1061
26,1,25,1.0,1.0,1.0,1.0,1.0,1.0,LightGBM,475,0.786,1061
26,1,25,1.0,1.0,1.0,1.0,1.0,1.0,XGBoost,475,0.116,1061
26,1,25,1.0,1.0,1.0,1.0,1.0,1.0,CatBoost,475,0.231,1061
5,0,5,0.0,0.5,0.0,0.5,0.0,0.0,RandomForest,476,0.345,1087
5,0,5,0.0,0.5,0.0,0.5,0.0,0.0,LightGBM,476,0.786,1087
5,0,5,0.0,0.5,0.0,0.5,0.0,0.0,XGBoost,476,0.116,1087
5,0,5,0.0,0.5,0.0,0.5,0.0,0.0,CatBoost,476,0.231,1087
134,0,134,0.0,0.5,0.0,0.5,0.0,0.0,RandomForest,482,0.345,1092
134,0,134,0.0,0.5,0.0,0.5,0.0,0.0,LightGBM,482,0.786,1092
134,0,134,0.0,0.5,0.0,0.5,0.0,0.0,XGBoost,482,0.655,1092
134,0,134,0.0,0.5,0.0,0.5,0.0,0.0,CatBoost,482,0.231,1092
4,1,3,1.0,1.0,1.0,1.0,1.0,1.0,RandomForest,486,0.459,1226
4,1,3,0.0,1.0,1.0,0.5,0.0,0.0,LightGBM,486,0.835,1226
4,1,3,1.0,1.0,1.0,1.0,1.0,1.0,XGBoost,486,0.671,1226
4,1,3,1.0,1.0,1.0,1.0,1.0,1.0,CatBoost,486,0.622,1226
1,1,0,0.0,0.5,1.0,0.5,0.0,0.0,RandomForest,488,0.459,1230
1,1,0,0.0,0.5,1.0,0.5,0.0,0.0,LightGBM,488,0.492,1230
1,1,0,0.0,0.5,1.0,0.5,0.0,0.0,XGBoost,488,0.671,1230
1,1,0,0.0,0.5,1.0,0.5,0.0,0.0,CatBoost,488,0.622,1230
6,0,6,0.0,0.5,0.0,0.5,0.0,0.0,RandomForest,492,0.459,1231
6,0,6,0.0,0.5,0.0,0.5,0.0,0.0,LightGBM,492,0.492,1231
6,0,6,0.0,0.5,0.0,0.5,0.0,0.0,XGBoost,492,0.671,1231
6,0,6,0.0,0.5,0.0,0.5,0.0,0.0,CatBoost,492,0.622,1231
1,1,0,0.0,0.5,1.0,0.5,0.0,0.0,RandomForest,493,0.459,1237
1,1,0,0.0,0.5,1.0,0.5,0.0,0.0,LightGBM,493,0.557,1237
1,1,0,0.0,0.5,1.0,0.5,0.0,0.0,XGBoost,493,0.671,1237
1,1,0,0.0,0.5,1.0,0.5,0.0,0.0,CatBoost,493,0.622,1237
5,1,4,1.0,1.0,1.0,1.0,1.0,1.0,RandomForest,494,0.459,1238
5,1,4,1.0,1.0,1.0,1.0,1.0,1.0,LightGBM,494,0.557,1238
5,1,4,1.0,1.0,1.0,1.0,1.0,1.0,XGBoost,494,0.671,1238
5,1,4,1.0,1.0,1.0,1.0,1.0,1.0,CatBoost,494,0.622,1238
3,2,1,0.5,1.0,1.0,0.75,0.6666666666666666,0.7071067811865476,RandomForest,495,0.459,1243
3,2,1,0.5,1.0,1.0,0.75,0.6666666666666666,0.7071067811865476,LightGBM,495,0.557,1243
3,2,1,0.5,1.0,1.0,0.75,0.6666666666666666,0.7071067811865476,XGBoost,495,0.671,1243
3,2,1,0.5,1.0,1.0,0.75,0.6666666666666666,0.7071067811865476,CatBoost,495,0.622,1243
3,0,3,0.0,0.5,0.0,0.5,0.0,0.0,RandomForest,496,0.459,1246
3,0,3,0.0,0.5,0.0,0.5,0.0,0.0,LightGBM,496,0.557,1246
3,0,3,0.0,0.5,0.0,0.5,0.0,0.0,XGBoost,496,0.671,1246
3,0,3,0.0,0.5,0.0,0.5,0.0,0.0,CatBoost,496,0.622,1246
8,0,8,0.0,0.5,0.0,0.5,0.0,0.0,RandomForest,497,0.459,1249
8,0,8,0.0,0.5,0.0,0.5,0.0,0.0,LightGBM,497,0.557,1249
8,0,8,0.0,0.5,0.0,0.5,0.0,0.0,XGBoost,497,0.671,1249
8,0,8,0.0,0.5,0.0,0.5,0.0,0.0,CatBoost,497,0.622,1249
129,0,129,0.0,0.5,0.0,0.5,0.0,0.0,RandomForest,498,0.459,1257
129,0,129,0.0,0.5,0.0,0.5,0.0,0.0,LightGBM,498,0.557,1257
129,0,129,0.0,0.5,0.0,0.5,0.0,0.0,XGBoost,498,0.671,1257
129,0,129,0.0,0.5,0.0,0.5,0.0,0.0,CatBoost,498,0.622,1257
23,1,22,1.0,1.0,1.0,1.0,1.0,1.0,RandomForest,501,0.476,1386
23,1,22,0.0,1.0,1.0,0.5,0.0,0.0,LightGBM,501,0.573,1386
23,1,22,0.0,1.0,1.0,0.5,0.0,0.0,XGBoost,501,0.884,1386
23,1,22,0.0,1.0,1.0,0.5,0.0,0.0,CatBoost,501,0.671,1386
7,1,6,0.0,1.0,1.0,0.5,0.0,0.0,RandomForest,507,0.476,1409
7,1,6,0.0,1.0,1.0,0.5,0.0,0.0,LightGBM,507,0.573,1409
7,1,6,0.0,1.0,1.0,0.5,0.0,0.0,XGBoost,507,0.884,1409
7,1,6,0.0,1.0,1.0,0.5,0.0,0.0,CatBoost,507,0.508,1409
1,1,0,0.0,0.5,1.0,0.5,0.0,0.0,RandomForest,519,0.476,1416
1,1,0,0.0,0.5,1.0,0.5,0.0,0.0,LightGBM,519,0.573,1416
1,1,0,0.0,0.5,1.0,0.5,0.0,0.0,XGBoost,519,0.884,1416
1,1,0,0.0,0.5,1.0,0.5,0.0,0.0,CatBoost,519,0.508,1416
4,0,4,0.0,0.5,0.0,0.5,0.0,0.0,RandomForest,520,0.476,1417
4,0,4,0.0,0.5,0.0,0.5,0.0,0.0,LightGBM,520,0.573,1417
4,0,4,0.0,0.5,0.0,0.5,0.0,0.0,XGBoost,520,0.884,1417
4,0,4,0.0,0.5,0.0,0.5,0.0,0.0,CatBoost,520,0.508,1417
2,0,2,0.0,0.5,0.0,0.5,0.0,0.0,RandomForest,525,0.476,1421
2,0,2,0.0,0.5,0.0,0.5,0.0,0.0,LightGBM,525,0.573,1421
2,0,2,0.0,0.5,0.0,0.5,0.0,0.0,XGBoost,525,0.884,1421
2,0,2,0.0,0.5,0.0,0.5,0.0,0.0,CatBoost,525,0.508,1421
8,1,7,0.6546536707079772,1.0,1.0,0.9285714285714286,0.6666666666666666,0.9258200997725514,RandomForest,529,0.476,1423
8,1,7,0.0,0.8571428571428572,0.5,0.5,0.0,0.0,LightGBM,529,0.573,1423
8,1,7,0.0,1.0,1.0,0.5,0.0,0.0,XGBoost,529,0.884,1423
8,1,7,0.0,0.8571428571428572,0.5,0.5,0.0,0.0,CatBoost,529,0.508,1423
7,1,6,0.0,1.0,1.0,0.5,0.0,0.0,RandomForest,534,0.508,1431
7,1,6,0.0,1.0,1.0,0.5,0.0,0.0,LightGBM,534,0.165,1431
7,1,6,0.0,1.0,1.0,0.5,0.0,0.0,XGBoost,534,0.884,1431
7,1,6,1.0,1.0,1.0,1.0,1.0,1.0,CatBoost,534,0.182,1431
7,1,6,-0.16666666666666666,0.6666666666666667,0.3333333333333333,0.4166666666666667,0.0,0.0,RandomForest,535,0.508,1438
7,1,6,-0.16666666666666666,0.33333333333333337,0.2,0.4166666666666667,0.0,0.0,LightGBM,535,0.165,1438
7,1,6,0.0,0.6666666666666667,0.3333333333333333,0.5,0.0,0.0,XGBoost,535,0.884,1438
7,1,6,-0.16666666666666666,0.6666666666666667,0.3333333333333333,0.4166666666666667,0.0,0.0,CatBoost,535,0.182,1438
8,0,8,0.0,0.5,0.0,0.5,0.0,0.0,RandomForest,537,0.508,1445
8,0,8,0.0,0.5,0.0,0.5,0.0,0.0,LightGBM,537,0.165,1445
8,0,8,0.0,0.5,0.0,0.5,0.0,0.0,XGBoost,537,0.149,1445
8,0,8,0.0,0.5,0.0,0.5,0.0,0.0,CatBoost,537,0.182,1445
11,2,9,0.769800358919501,1.0,1.0,0.9444444444444444,0.8,0.9428090415820634,RandomForest,540,0.378,1453
11,2,9,0.3888888888888889,0.9444444444444444,0.8333333333333333,0.6944444444444444,0.5,0.6666666666666666,LightGBM,540,0.165,1453
11,2,9,1.0,1.0,1.0,1.0,1.0,1.0,XGBoost,540,0.149,1453
11,2,9,0.6236095644623235,1.0,1.0,0.8888888888888888,0.6666666666666666,0.8819171036881969,CatBoost,540,0.182,1453
16,1,15,0.53748384988657,0.9333333333333333,0.5,0.9333333333333333,0.5,0.9309493362512627,RandomForest,541,0.508,1464
16,1,15,0.4472135954999579,1.0,1.0,0.9,0.4,0.8944271909999159,LightGBM,541,0.165,1464
16,1,15,0.4472135954999579,0.8666666666666667,0.3333333333333333,0.9,0.4,0.8944271909999159,XGBoost,541,0.149,1464
16,1,15,0.4472135954999579,0.9333333333333333,0.5,0.9,0.4,0.8944271909999159,CatBoost,541,0.182,1464
20,1,19,-0.05263157894736842,0.9473684210526315,0.5,0.47368421052631576,0.0,0.0,RandomForest,562,0.263,1480
20,1,19,-0.05263157894736842,0.9473684210526316,0.5,0.47368421052631576,0.0,0.0,LightGBM,562,0.165,1480
20,1,19,0.6882472016116853,0.9473684210526316,0.5,0.9736842105263157,0.6666666666666666,0.9733285267845752,XGBoost,562,0.149,1480
20,1,19,0.0,0.9473684210526316,0.5,0.5,0.0,0.0,CatBoost,562,0.182,1480
7,1,6,0.0,1.0,1.0,0.5,0.0,0.0,RandomForest,563,0.508,1500
7,1,6,1.0,1.0,1.0,1.0,1.0,1.0,LightGBM,563,0.165,1500
7,1,6,1.0,1.0,1.0,1.0,1.0,1.0,XGBoost,563,0.149,1500
7,1,6,1.0,1.0,1.0,1.0,1.0,1.0,CatBoost,563,0.182,1500
1,1,0,0.0,0.5,1.0,0.5,0.0,0.0,RandomForest,565,0.263,1507
1,1,0,0.0,0.5,1.0,0.5,0.0,0.0,LightGBM,565,0.165,1507
1,1,0,0.0,0.5,1.0,0.5,0.0,0.0,XGBoost,565,0.149,1507
1,1,0,0.0,0.5,1.0,0.5,0.0,0.0,CatBoost,565,0.182,1507
5,1,4,1.0,1.0,1.0,1.0,1.0,1.0,RandomForest,568,0.263,1508
5,1,4,0.0,1.0,1.0,0.5,0.0,0.0,LightGBM,568,0.165,1508
5,1,4,1.0,1.0,1.0,1.0,1.0,1.0,XGBoost,568,0.149,1508
5,1,4,1.0,1.0,1.0,1.0,1.0,1.0,CatBoost,568,0.182,1508
9,0,9,0.0,0.5,0.0,0.5,0.0,0.0,RandomForest,574,0.263,1513
9,0,9,0.0,0.5,0.0,0.5,0.0,0.0,LightGBM,574,0.165,1513
9,0,9,0.0,0.5,0.0,0.5,0.0,0.0,XGBoost,574,0.149,1513
9,0,9,0.0,0.5,0.0,0.5,0.0,0.0,CatBoost,574,0.182,1513
4,1,3,1.0,1.0,1.0,1.0,1.0,1.0,RandomForest,575,0.263,1522
4,1,3,-0.3333333333333333,0.6666666666666667,0.5,0.3333333333333333,0.0,0.0,LightGBM,575,0.182,1522
4,1,3,0.5773502691896258,1.0,1.0,0.8333333333333333,0.6666666666666666,0.816496580927726,XGBoost,575,0.149,1522
4,1,3,1.0,1.0,1.0,1.0,1.0,1.0,CatBoost,575,0.182,1522
4,1,3,1.0,1.0,1.0,1.0,1.0,1.0,RandomForest,579,0.263,1526
4,1,3,0.0,1.0,1.0,0.5,0.0,0.0,LightGBM,579,0.182,1526
4,1,3,1.0,1.0,1.0,1.0,1.0,1.0,XGBoost,579,0.149,1526
4,1,3,1.0,1.0,1.0,1.0,1.0,1.0,CatBoost,579,0.182,1526
1,1,0,0.0,0.5,1.0,0.5,0.0,0.0,RandomForest,580,0.263,1530
1,1,0,0.0,0.5,1.0,0.5,0.0,0.0,LightGBM,580,0.182,1530
1,1,0,0.0,0.5,1.0,0.5,0.0,0.0,XGBoost,580,0.149,1530
1,1,0,0.0,0.5,1.0,0.5,0.0,0.0,CatBoost,580,0.182,1530
1,1,0,0.0,0.5,1.0,0.5,0.0,0.0,RandomForest,582,0.263,1531
1,1,0,0.0,0.5,1.0,0.5,0.0,0.0,LightGBM,582,0.182,1531
1,1,0,0.0,0.5,1.0,0.5,0.0,0.0,XGBoost,582,0.149,1531
1,1,0,0.0,0.5,1.0,0.5,0.0,0.0,CatBoost,582,0.182,1531
3,1,2,0.0,1.0,1.0,0.5,0.0,0.0,RandomForest,583,0.263,1532
3,1,2,1.0,1.0,1.0,1.0,1.0,1.0,LightGBM,583,0.182,1532
3,1,2,1.0,1.0,1.0,1.0,1.0,1.0,XGBoost,583,0.149,1532
3,1,2,1.0,1.0,1.0,1.0,1.0,1.0,CatBoost,583,0.182,1532
7,2,5,1.0,1.0,1.0,1.0,1.0,1.0,RandomForest,584,0.231,1535
7,2,5,1.0,1.0,1.0,1.0,1.0,1.0,LightGBM,584,0.182,1535
7,2,5,1.0,1.0,1.0,1.0,1.0,1.0,XGBoost,584,0.149,1535
7,2,5,1.0,1.0,1.0,1.0,1.0,1.0,CatBoost,584,0.182,1535
2,1,1,1.0,1.0,1.0,1.0,1.0,1.0,RandomForest,587,0.231,1542
2,1,1,1.0,1.0,1.0,1.0,1.0,1.0,LightGBM,587,0.182,1542
2,1,1,1.0,1.0,1.0,1.0,1.0,1.0,XGBoost,587,0.149,1542
2,1,1,1.0,1.0,1.0,1.0,1.0,1.0,CatBoost,587,0.182,1542
8,2,6,0.7453559924999299,1.0,1.0,0.9166666666666667,0.8,0.9128709291752769,RandomForest,589,0.231,1544
8,2,6,0.7453559924999299,1.0,1.0,0.9166666666666667,0.8,0.9128709291752769,LightGBM,589,0.182,1544
8,2,6,0.7453559924999299,1.0,1.0,0.9166666666666667,0.8,0.9128709291752769,XGBoost,589,0.149,1544
8,2,6,0.7453559924999299,1.0,1.0,0.9166666666666667,0.8,0.9128709291752769,CatBoost,589,0.182,1544
3,0,3,0.0,0.5,0.0,0.5,0.0,0.0,RandomForest,590,0.231,1552
3,0,3,0.0,0.5,0.0,0.5,0.0,0.0,LightGBM,590,0.28,1552
3,0,3,0.0,0.5,0.0,0.5,0.0,0.0,XGBoost,590,0.149,1552
3,0,3,0.0,0.5,0.0,0.5,0.0,0.0,CatBoost,590,0.182,1552
1,1,0,0.0,0.5,1.0,0.5,0.0,0.0,RandomForest,597,0.231,1555
1,1,0,0.0,0.5,1.0,0.5,0.0,0.0,LightGBM,597,0.182,1555
1,1,0,0.0,0.5,1.0,0.5,0.0,0.0,XGBoost,597,0.149,1555
1,1,0,0.0,0.5,1.0,0.5,0.0,0.0,CatBoost,597,0.182,1555
7,2,5,0.0,1.0,1.0,0.5,0.0,0.0,RandomForest,598,0.231,1556
7,2,5,0.0,0.5,0.3666666666666667,0.5,0.0,0.0,LightGBM,598,0.182,1556
7,2,5,0.0,0.8,0.5833333333333333,0.5,0.0,0.0,XGBoost,598,0.149,1556
7,2,5,0.0,0.5,0.3666666666666667,0.5,0.0,0.0,CatBoost,598,0.182,1556
6,0,6,0.0,0.5,0.0,0.5,0.0,0.0,RandomForest,601,0.231,1563
6,0,6,0.0,0.5,0.0,0.5,0.0,0.0,LightGBM,601,0.182,1563
6,0,6,0.0,0.5,0.0,0.5,0.0,0.0,XGBoost,601,0.149,1563
6,0,6,0.0,0.5,0.0,0.5,0.0,0.0,CatBoost,601,0.182,1563
12,1,11,0.0,1.0,1.0,0.5,0.0,0.0,RandomForest,605,0.231,1569
12,1,11,0.0,1.0,1.0,0.5,0.0,0.0,LightGBM,605,0.28,1569
12,1,11,0.0,0.9090909090909091,0.5,0.5,0.0,0.0,XGBoost,605,0.149,1569
12,1,11,0.0,1.0,1.0,0.5,0.0,0.0,CatBoost,605,0.182,1569
7,0,7,0.0,0.5,0.0,0.5,0.0,0.0,RandomForest,606,0.231,1581
7,0,7,0.0,0.5,0.0,0.5,0.0,0.0,LightGBM,606,0.28,1581
7,0,7,0.0,0.5,0.0,0.5,0.0,0.0,XGBoost,606,0.116,1581
7,0,7,0.0,0.5,0.0,0.5,0.0,0.0,CatBoost,606,0.182,1581
13,2,11,0.4090909090909091,0.9090909090909091,0.75,0.7045454545454546,0.5,0.674199862463242,RandomForest,613,0.247,1588
13,2,11,0.4090909090909091,0.8636363636363635,0.5,0.7045454545454546,0.5,0.674199862463242,LightGBM,613,0.28,1588
13,2,11,0.6396021490668313,0.9545454545454545,0.8333333333333333,0.9090909090909092,0.6666666666666666,0.9045340337332909,XGBoost,613,0.116,1588
13,2,11,0.778498944161523,0.9545454545454545,0.8333333333333333,0.9545454545454546,0.8,0.9534625892455924,CatBoost,613,0.182,1588
2,0,2,0.0,0.5,0.0,0.5,0.0,0.0,RandomForest,616,0.247,1601
2,0,2,0.0,0.5,0.0,0.5,0.0,0.0,LightGBM,616,0.28,1601
2,0,2,0.0,0.5,0.0,0.5,0.0,0.0,XGBoost,616,0.133,1601
2,0,2,0.0,0.5,0.0,0.5,0.0,0.0,CatBoost,616,0.182,1601
21,3,18,0.33113308926626095,0.9074074074074076,0.6666666666666667,0.6388888888888888,0.4,0.5610836076867821,RandomForest,627,0.231,1603
21,3,18,0.5477225575051662,0.8518518518518519,0.6111111111111112,0.6666666666666666,0.5,0.5773502691896257,LightGBM,627,0.28,1603
21,3,18,0.4950737714883372,0.8888888888888891,0.6428571428571428,0.7777777777777777,0.5714285714285714,0.769800358919501,XGBoost,627,0.133,1603
21,3,18,0.2222222222222222,0.8703703703703703,0.625,0.611111111111111,0.3333333333333333,0.5443310539518174,CatBoost,627,0.182,1603
14,2,12,0.5477225575051662,1.0,1.0,0.875,0.5714285714285714,0.8660254037844386,RandomForest,629,0.116,1624
14,2,12,1.0,1.0,1.0,1.0,1.0,1.0,LightGBM,629,0.28,1624
14,2,12,0.7817359599705717,1.0,1.0,0.9583333333333333,0.8,0.9574271077563381,XGBoost,629,0.133,1624
14,2,12,0.7817359599705717,1.0,1.0,0.9583333333333333,0.8,0.9574271077563381,CatBoost,629,0.182,1624
12,2,10,1.0,1.0,1.0,1.0,1.0,1.0,RandomForest,630,0.312,1638
12,2,10,1.0,1.0,1.0,1.0,1.0,1.0,LightGBM,630,0.28,1638
12,2,10,0.7745966692414834,1.0,1.0,0.95,0.8,0.9486832980505138,XGBoost,630,0.133,1638
12,2,10,1.0,1.0,1.0,1.0,1.0,1.0,CatBoost,630,0.329,1638
2,0,2,0.0,0.5,0.0,0.5,0.0,0.0,RandomForest,631,0.312,1650
2,0,2,0.0,0.5,0.0,0.5,0.0,0.0,LightGBM,631,0.28,1650
2,0,2,0.0,0.5,0.0,0.5,0.0,0.0,XGBoost,631,0.165,1650
2,0,2,0.0,0.5,0.0,0.5,0.0,0.0,CatBoost,631,0.329,1650
2,0,2,0.0,0.5,0.0,0.5,0.0,0.0,RandomForest,632,0.312,1652
2,0,2,0.0,0.5,0.0,0.5,0.0,0.0,LightGBM,632,0.28,1652
2,0,2,0.0,0.5,0.0,0.5,0.0,0.0,XGBoost,632,0.165,1652
2,0,2,0.0,0.5,0.0,0.5,0.0,0.0,CatBoost,632,0.329,1652
2,0,2,0.0,0.5,0.0,0.5,0.0,0.0,RandomForest,633,0.312,1654
2,0,2,0.0,0.5,0.0,0.5,0.0,0.0,LightGBM,633,0.28,1654
2,0,2,0.0,0.5,0.0,0.5,0.0,0.0,XGBoost,633,0.165,1654
2,0,2,0.0,0.5,0.0,0.5,0.0,0.0,CatBoost,633,0.329,1654
6,4,2,0.25,0.625,0.8041666666666667,0.625,0.75,0.6123724356957945,RandomForest,637,0.312,1656
6,4,2,0.0,0.75,0.9166666666666666,0.5,0.0,0.0,LightGBM,637,0.28,1656
6,4,2,0.0,0.625,0.8541666666666666,0.5,0.0,0.0,XGBoost,637,0.165,1656
6,4,2,-0.6324555320336759,0.5,0.6791666666666667,0.25,0.0,0.0,CatBoost,637,0.182,1656
2,0,2,0.0,0.5,0.0,0.5,0.0,0.0,RandomForest,638,0.312,1662
2,0,2,0.0,0.5,0.0,0.5,0.0,0.0,LightGBM,638,0.28,1662
2,0,2,0.0,0.5,0.0,0.5,0.0,0.0,XGBoost,638,0.165,1662
2,0,2,0.0,0.5,0.0,0.5,0.0,0.0,CatBoost,638,0.312,1662
11,1,10,-0.1,0.9,0.5,0.45,0.0,0.0,RandomForest,645,0.312,1664
11,1,10,-0.1,0.7999999999999999,0.3333333333333333,0.45,0.0,0.0,LightGBM,645,0.28,1664
11,1,10,-0.1,0.9,0.5,0.45,0.0,0.0,XGBoost,645,0.165,1664
11,1,10,0.6708203932499369,0.9,0.5,0.95,0.6666666666666666,0.9486832980505138,CatBoost,645,0.182,1664
16,1,15,0.53748384988657,1.0,1.0,0.9333333333333333,0.5,0.9309493362512627,RandomForest,647,0.247,1675
16,1,15,0.6831300510639733,1.0,1.0,0.9666666666666667,0.6666666666666666,0.9660917830792959,LightGBM,647,0.28,1675
16,1,15,0.53748384988657,1.0,1.0,0.9333333333333333,0.5,0.9309493362512627,XGBoost,647,0.133,1675
16,1,15,0.53748384988657,1.0,1.0,0.9333333333333333,0.5,0.9309493362512627,CatBoost,647,0.182,1675
2,2,0,0.0,0.5,1.0,0.5,0.0,0.0,RandomForest,648,0.247,1691
2,2,0,0.0,0.5,1.0,0.5,0.0,0.0,LightGBM,648,0.28,1691
2,2,0,0.0,0.5,1.0,0.5,0.0,0.0,XGBoost,648,0.133,1691
2,2,0,0.0,0.5,1.0,0.5,0.0,0.0,CatBoost,648,0.182,1691
7,2,5,0.3,0.9,0.8333333333333333,0.65,0.5,0.6324555320336759,RandomForest,649,0.247,1693
7,2,5,0.3,0.9,0.8333333333333333,0.65,0.5,0.6324555320336759,LightGBM,649,0.28,1693
7,2,5,0.3,0.7,0.7,0.65,0.5,0.6324555320336759,XGBoost,649,0.133,1693
7,2,5,0.3,0.7,0.7,0.65,0.5,0.6324555320336759,CatBoost,649,0.182,1693
8,0,8,0.0,0.5,0.0,0.5,0.0,0.0,RandomForest,671,0.247,1700
8,0,8,0.0,0.5,0.0,0.5,0.0,0.0,LightGBM,671,0.28,1700
8,0,8,0.0,0.5,0.0,0.5,0.0,0.0,XGBoost,671,0.198,1700
8,0,8,0.0,0.5,0.0,0.5,0.0,0.0,CatBoost,671,0.182,1700
11,3,8,0.769800358919501,1.0,1.0,0.8333333333333333,0.8,0.816496580927726,RandomForest,672,0.247,1708
11,3,8,0.5163977794943222,0.7083333333333334,0.6095238095238096,0.6666666666666666,0.5,0.5773502691896257,LightGBM,672,0.28,1708
11,3,8,0.5163977794943222,0.75,0.6333333333333333,0.6666666666666666,0.5,0.5773502691896257,XGBoost,672,0.198,1708
11,3,8,0.769800358919501,0.875,0.8333333333333333,0.8333333333333333,0.8,0.816496580927726,CatBoost,672,0.182,1708
1,1,0,0.0,0.5,1.0,0.5,0.0,0.0,RandomForest,673,0.247,1719
1,1,0,0.0,0.5,1.0,0.5,0.0,0.0,LightGBM,673,0.28,1719
1,1,0,0.0,0.5,1.0,0.5,0.0,0.0,XGBoost,673,0.312,1719
1,1,0,0.0,0.5,1.0,0.5,0.0,0.0,CatBoost,673,0.198,1719
1,1,0,0.0,0.5,1.0,0.5,0.0,0.0,RandomForest,677,0.247,1720
1,1,0,0.0,0.5,1.0,0.5,0.0,0.0,LightGBM,677,0.28,1720
1,1,0,0.0,0.5,1.0,0.5,0.0,0.0,XGBoost,677,0.312,1720
1,1,0,0.0,0.5,1.0,0.5,0.0,0.0,CatBoost,677,0.198,1720
2,0,2,0.0,0.5,0.0,0.5,0.0,0.0,RandomForest,679,0.247,1721
2,0,2,0.0,0.5,0.0,0.5,0.0,0.0,LightGBM,679,0.28,1721
2,0,2,0.0,0.5,0.0,0.5,0.0,0.0,XGBoost,679,0.198,1721
2,0,2,0.0,0.5,0.0,0.5,0.0,0.0,CatBoost,679,0.198,1721
9,2,7,1.0,1.0,1.0,1.0,1.0,1.0,RandomForest,680,0.247,1723
9,2,7,0.6614378277661476,1.0,1.0,0.75,0.6666666666666666,0.7071067811865476,LightGBM,680,0.28,1723
9,2,7,1.0,1.0,1.0,1.0,1.0,1.0,XGBoost,680,0.133,1723
9,2,7,1.0,1.0,1.0,1.0,1.0,1.0,CatBoost,680,0.198,1723
5,2,3,0.6123724356957946,0.8333333333333334,0.8333333333333333,0.75,0.6666666666666666,0.7071067811865476,RandomForest,687,0.247,1732
5,2,3,0.0,1.0,1.0,0.5,0.0,0.0,LightGBM,687,0.28,1732
5,2,3,0.0,1.0,1.0,0.5,0.0,0.0,XGBoost,687,0.133,1732
5,2,3,0.6123724356957946,1.0,1.0,0.75,0.6666666666666666,0.7071067811865476,CatBoost,687,0.198,1732
7,1,6,1.0,1.0,1.0,1.0,1.0,1.0,RandomForest,688,0.247,1737
7,1,6,0.0,1.0,1.0,0.5,0.0,0.0,LightGBM,688,0.28,1737
7,1,6,1.0,1.0,1.0,1.0,1.0,1.0,XGBoost,688,0.133,1737
7,1,6,1.0,1.0,1.0,1.0,1.0,1.0,CatBoost,688,0.198,1737
8,2,6,1.0,1.0,1.0,1.0,1.0,1.0,RandomForest,689,0.247,1744
8,2,6,1.0,1.0,1.0,1.0,1.0,1.0,LightGBM,689,0.28,1744
8,2,6,1.0,1.0,1.0,1.0,1.0,1.0,XGBoost,689,0.133,1744
8,2,6,1.0,1.0,1.0,1.0,1.0,1.0,CatBoost,689,0.198,1744
9,2,7,0.5976143046671968,1.0,1.0,0.8571428571428572,0.6666666666666666,0.8451542547285166,RandomForest,690,0.247,1752
9,2,7,1.0,1.0,1.0,1.0,1.0,1.0,LightGBM,690,0.214,1752
9,2,7,0.7559289460184544,1.0,1.0,0.9285714285714286,0.8,0.9258200997725514,XGBoost,690,0.133,1752
9,2,7,0.5976143046671968,1.0,1.0,0.8571428571428572,0.6666666666666666,0.8451542547285166,CatBoost,690,0.198,1752
1,1,0,0.0,0.5,1.0,0.5,0.0,0.0,RandomForest,691,0.247,1761
1,1,0,0.0,0.5,1.0,0.5,0.0,0.0,LightGBM,691,0.214,1761
1,1,0,0.0,0.5,1.0,0.5,0.0,0.0,XGBoost,691,0.133,1761
1,1,0,0.0,0.5,1.0,0.5,0.0,0.0,CatBoost,691,0.198,1761
6,1,5,0.6324555320336759,1.0,1.0,0.9,0.6666666666666666,0.8944271909999159,RandomForest,692,0.247,1762
6,1,5,0.6324555320336759,1.0,1.0,0.9,0.6666666666666666,0.8944271909999159,LightGBM,692,0.214,1762
6,1,5,0.6324555320336759,1.0,1.0,0.9,0.6666666666666666,0.8944271909999159,XGBoost,692,0.133,1762
6,1,5,0.6324555320336759,1.0,1.0,0.9,0.6666666666666666,0.8944271909999159,CatBoost,692,0.198,1762
5,1,4,0.4082482904638631,1.0,1.0,0.75,0.5,0.7071067811865476,RandomForest,693,0.247,1768
5,1,4,0.6123724356957946,1.0,1.0,0.875,0.6666666666666666,0.8660254037844386,LightGBM,693,0.247,1768
5,1,4,0.4082482904638631,1.0,1.0,0.75,0.5,0.7071067811865476,XGBoost,693,0.133,1768
5,1,4,0.6123724356957946,1.0,1.0,0.875,0.6666666666666666,0.8660254037844386,CatBoost,693,0.198,1768
2,0,2,0.0,0.5,0.0,0.5,0.0,0.0,RandomForest,701,0.247,1773
2,0,2,0.0,0.5,0.0,0.5,0.0,0.0,LightGBM,701,0.247,1773
2,0,2,0.0,0.5,0.0,0.5,0.0,0.0,XGBoost,701,0.133,1773
2,0,2,0.0,0.5,0.0,0.5,0.0,0.0,CatBoost,701,0.198,1773
5,1,4,0.4082482904638631,1.0,1.0,0.75,0.5,0.7071067811865476,RandomForest,702,0.247,1775
5,1,4,-0.25,0.75,0.5,0.375,0.0,0.0,LightGBM,702,0.247,1775
5,1,4,0.4082482904638631,1.0,1.0,0.75,0.5,0.7071067811865476,XGBoost,702,0.133,1775
5,1,4,0.4082482904638631,1.0,1.0,0.75,0.5,0.7071067811865476,CatBoost,702,0.312,1775
4,1,3,0.5773502691896258,1.0,1.0,0.8333333333333333,0.6666666666666666,0.816496580927726,RandomForest,703,0.247,1780
4,1,3,0.5773502691896258,1.0,1.0,0.8333333333333333,0.6666666666666666,0.816496580927726,LightGBM,703,0.247,1780
4,1,3,0.5773502691896258,1.0,1.0,0.8333333333333333,0.6666666666666666,0.816496580927726,XGBoost,703,0.133,1780
4,1,3,0.5773502691896258,1.0,1.0,0.8333333333333333,0.6666666666666666,0.816496580927726,CatBoost,703,0.312,1780
1,1,0,0.0,0.5,1.0,0.5,0.0,0.0,RandomForest,705,0.247,1784
1,1,0,0.0,0.5,1.0,0.5,0.0,0.0,LightGBM,705,0.361,1784
1,1,0,0.0,0.5,1.0,0.5,0.0,0.0,XGBoost,705,0.133,1784
1,1,0,0.0,0.5,1.0,0.5,0.0,0.0,CatBoost,705,0.198,1784
3,0,3,0.0,0.5,0.0,0.5,0.0,0.0,RandomForest,706,0.247,1785
3,0,3,0.0,0.5,0.0,0.5,0.0,0.0,LightGBM,706,0.361,1785
3,0,3,0.0,0.5,0.0,0.5,0.0,0.0,XGBoost,706,0.133,1785
3,0,3,0.0,0.5,0.0,0.5,0.0,0.0,CatBoost,706,0.198,1785
5,1,4,1.0,1.0,1.0,1.0,1.0,1.0,RandomForest,707,0.247,1788
5,1,4,1.0,1.0,1.0,1.0,1.0,1.0,LightGBM,707,0.361,1788
5,1,4,1.0,1.0,1.0,1.0,1.0,1.0,XGBoost,707,0.133,1788
5,1,4,1.0,1.0,1.0,1.0,1.0,1.0,CatBoost,707,0.198,1788
4,1,3,0.0,0.0,0.25,0.5,0.0,0.0,RandomForest,709,0.247,1793
4,1,3,-0.3333333333333333,0.0,0.25,0.3333333333333333,0.0,0.0,LightGBM,709,0.361,1793
4,1,3,-0.5773502691896258,0.0,0.25,0.16666666666666666,0.0,0.0,XGBoost,709,0.133,1793
4,1,3,0.0,0.0,0.25,0.5,0.0,0.0,CatBoost,709,0.508,1793
1,1,0,0.0,0.5,1.0,0.5,0.0,0.0,RandomForest,710,0.247,1797
1,1,0,0.0,0.5,1.0,0.5,0.0,0.0,LightGBM,710,0.41,1797
1,1,0,0.0,0.5,1.0,0.5,0.0,0.0,XGBoost,710,0.312,1797
1,1,0,0.0,0.5,1.0,0.5,0.0,0.0,CatBoost,710,0.508,1797
1,1,0,0.0,0.5,1.0,0.5,0.0,0.0,RandomForest,711,0.247,1798
1,1,0,0.0,0.5,1.0,0.5,0.0,0.0,LightGBM,711,0.41,1798
1,1,0,0.0,0.5,1.0,0.5,0.0,0.0,XGBoost,711,0.312,1798
1,1,0,0.0,0.5,1.0,0.5,0.0,0.0,CatBoost,711,0.508,1798
2,2,0,0.0,0.5,1.0,0.5,0.0,0.0,RandomForest,712,0.247,1799
2,2,0,0.0,0.5,1.0,0.5,0.0,0.0,LightGBM,712,0.41,1799
2,2,0,0.0,0.5,1.0,0.5,0.0,0.0,XGBoost,712,0.312,1799
2,2,0,0.0,0.5,1.0,0.5,0.0,0.0,CatBoost,712,0.508,1799
1,1,0,0.0,0.5,1.0,0.5,0.0,0.0,RandomForest,713,0.247,1801
1,1,0,0.0,0.5,1.0,0.5,0.0,0.0,LightGBM,713,0.41,1801
1,1,0,0.0,0.5,1.0,0.5,0.0,0.0,XGBoost,713,0.214,1801
1,1,0,0.0,0.5,1.0,0.5,0.0,0.0,CatBoost,713,0.508,1801
5,1,4,0.0,1.0,1.0,0.5,0.0,0.0,RandomForest,714,0.247,1802
5,1,4,0.0,1.0,1.0,0.5,0.0,0.0,LightGBM,714,0.41,1802
5,1,4,0.0,1.0,1.0,0.5,0.0,0.0,XGBoost,714,0.312,1802
5,1,4,1.0,1.0,1.0,1.0,1.0,1.0,CatBoost,714,0.198,1802
2,0,2,0.0,0.5,0.0,0.5,0.0,0.0,RandomForest,715,0.247,1807
2,0,2,0.0,0.5,0.0,0.5,0.0,0.0,LightGBM,715,0.41,1807
2,0,2,0.0,0.5,0.0,0.5,0.0,0.0,XGBoost,715,0.198,1807
2,0,2,0.0,0.5,0.0,0.5,0.0,0.0,CatBoost,715,0.198,1807
1,0,1,0.0,0.5,0.0,0.5,0.0,0.0,RandomForest,716,0.247,1809
1,0,1,0.0,0.5,0.0,0.5,0.0,0.0,LightGBM,716,0.41,1809
1,0,1,0.0,0.5,0.0,0.5,0.0,0.0,XGBoost,716,0.198,1809
1,0,1,0.0,0.5,0.0,0.5,0.0,0.0,CatBoost,716,0.296,1809
2,2,0,0.0,0.5,1.0,0.5,0.0,0.0,RandomForest,717,0.247,1810
2,2,0,0.0,0.5,1.0,0.5,0.0,0.0,LightGBM,717,0.41,1810
2,2,0,0.0,0.5,1.0,0.5,0.0,0.0,XGBoost,717,0.524,1810
2,2,0,0.0,0.5,1.0,0.5,0.0,0.0,CatBoost,717,0.296,1810
4,1,3,0.5773502691896258,1.0,1.0,0.8333333333333333,0.6666666666666666,0.816496580927726,RandomForest,718,0.247,1812
4,1,3,0.0,0.33333333333333337,0.3333333333333333,0.5,0.0,0.0,LightGBM,718,0.41,1812
4,1,3,0.0,0.33333333333333337,0.3333333333333333,0.5,0.0,0.0,XGBoost,718,0.476,1812
4,1,3,1.0,1.0,1.0,1.0,1.0,1.0,CatBoost,718,0.296,1812
4,1,3,0.5773502691896258,1.0,1.0,0.8333333333333333,0.6666666666666666,0.816496580927726,RandomForest,720,0.247,1816
4,1,3,1.0,1.0,1.0,1.0,1.0,1.0,LightGBM,720,0.41,1816
4,1,3,1.0,1.0,1.0,1.0,1.0,1.0,XGBoost,720,0.476,1816
4,1,3,1.0,1.0,1.0,1.0,1.0,1.0,CatBoost,720,0.296,1816
4,0,4,0.0,0.5,0.0,0.5,0.0,0.0,RandomForest,721,0.296,1820
4,0,4,0.0,0.5,0.0,0.5,0.0,0.0,LightGBM,721,0.41,1820
4,0,4,0.0,0.5,0.0,0.5,0.0,0.0,XGBoost,721,0.476,1820
4,0,4,0.0,0.5,0.0,0.5,0.0,0.0,CatBoost,721,0.296,1820
3,0,3,0.0,0.5,0.0,0.5,0.0,0.0,RandomForest,722,0.296,1824
3,0,3,0.0,0.5,0.0,0.5,0.0,0.0,LightGBM,722,0.41,1824
3,0,3,0.0,0.5,0.0,0.5,0.0,0.0,XGBoost,722,0.476,1824
3,0,3,0.0,0.5,0.0,0.5,0.0,0.0,CatBoost,722,0.296,1824
5,1,4,0.6123724356957946,1.0,1.0,0.875,0.6666666666666666,0.8660254037844386,RandomForest,724,0.296,1827
5,1,4,1.0,1.0,1.0,1.0,1.0,1.0,LightGBM,724,0.41,1827
5,1,4,1.0,1.0,1.0,1.0,1.0,1.0,XGBoost,724,0.476,1827
5,1,4,0.6123724356957946,1.0,1.0,0.875,0.6666666666666666,0.8660254037844386,CatBoost,724,0.296,1827
1,1,0,0.0,0.5,1.0,0.5,0.0,0.0,RandomForest,725,0.296,1832
1,1,0,0.0,0.5,1.0,0.5,0.0,0.0,LightGBM,725,0.41,1832
1,1,0,0.0,0.5,1.0,0.5,0.0,0.0,XGBoost,725,0.476,1832
1,1,0,0.0,0.5,1.0,0.5,0.0,0.0,CatBoost,725,0.296,1832
2,0,2,0.0,0.5,0.0,0.5,0.0,0.0,RandomForest,727,0.296,1833
2,0,2,0.0,0.5,0.0,0.5,0.0,0.0,LightGBM,727,0.41,1833
2,0,2,0.0,0.5,0.0,0.5,0.0,0.0,XGBoost,727,0.476,1833
2,0,2,0.0,0.5,0.0,0.5,0.0,0.0,CatBoost,727,0.296,1833
21,3,18,0.4950737714883372,0.9444444444444444,0.8333333333333333,0.7777777777777777,0.5714285714285714,0.769800358919501,RandomForest,728,0.296,1835
21,3,18,0.4950737714883372,0.9444444444444445,0.8333333333333333,0.7777777777777777,0.5714285714285714,0.769800358919501,LightGBM,728,0.41,1835
21,3,18,0.4950737714883372,0.9259259259259259,0.8095238095238095,0.7777777777777777,0.5714285714285714,0.769800358919501,XGBoost,728,0.476,1835
21,3,18,0.4950737714883372,0.962962962962963,0.8666666666666667,0.7777777777777777,0.5714285714285714,0.769800358919501,CatBoost,728,0.296,1835
4,0,4,0.0,0.5,0.0,0.5,0.0,0.0,RandomForest,730,0.296,1856
4,0,4,0.0,0.5,0.0,0.5,0.0,0.0,LightGBM,730,0.41,1856
4,0,4,0.0,0.5,0.0,0.5,0.0,0.0,XGBoost,730,0.476,1856
4,0,4,0.0,0.5,0.0,0.5,0.0,0.0,CatBoost,730,0.296,1856
27,0,27,0.0,0.5,0.0,0.5,0.0,0.0,RandomForest,731,0.296,1860
27,0,27,0.0,0.5,0.0,0.5,0.0,0.0,LightGBM,731,0.41,1860
27,0,27,0.0,0.5,0.0,0.5,0.0,0.0,XGBoost,731,0.476,1860
27,0,27,0.0,0.5,0.0,0.5,0.0,0.0,CatBoost,731,0.296,1860
3,3,0,0.0,0.5,1.0,0.5,0.0,0.0,RandomForest,735,0.476,1887
3,3,0,0.0,0.5,1.0,0.5,0.0,0.0,LightGBM,735,0.753,1887
3,3,0,0.0,0.5,1.0,0.5,0.0,0.0,XGBoost,735,0.769,1887
3,3,0,0.0,0.5,1.0,0.5,0.0,0.0,CatBoost,735,0.9,1887
7,3,4,0.75,0.75,0.6388888888888888,0.875,0.8571428571428571,0.8660254037844386,RandomForest,736,0.443,1890
7,3,4,0.75,0.75,0.6388888888888888,0.875,0.8571428571428571,0.8660254037844386,LightGBM,736,0.476,1890
7,3,4,0.5477225575051661,0.75,0.6388888888888888,0.75,0.75,0.7071067811865476,XGBoost,736,0.476,1890
7,3,4,0.75,0.75,0.6388888888888888,0.875,0.8571428571428571,0.8660254037844386,CatBoost,736,0.9,1890
18,2,16,1.0,1.0,1.0,1.0,1.0,1.0,RandomForest,738,0.443,1897
18,2,16,0.6859943405700353,1.0,1.0,0.75,0.6666666666666666,0.7071067811865476,LightGBM,738,0.476,1897
18,2,16,-0.08574929257125441,0.9375,0.5833333333333333,0.46875,0.0,0.0,XGBoost,738,0.476,1897
18,2,16,0.0,1.0,1.0,0.5,0.0,0.0,CatBoost,738,0.9,1897
13,0,13,0.0,0.5,0.0,0.5,0.0,0.0,RandomForest,739,0.443,1915
13,0,13,0.0,0.5,0.0,0.5,0.0,0.0,LightGBM,739,0.639,1915
13,0,13,0.0,0.5,0.0,0.5,0.0,0.0,XGBoost,739,0.818,1915
13,0,13,0.0,0.5,0.0,0.5,0.0,0.0,CatBoost,739,0.524,1915
4,1,3,0.5773502691896258,1.0,1.0,0.8333333333333333,0.6666666666666666,0.816496580927726,RandomForest,740,0.443,1928
4,1,3,1.0,1.0,1.0,1.0,1.0,1.0,LightGBM,740,0.639,1928
4,1,3,1.0,1.0,1.0,1.0,1.0,1.0,XGBoost,740,0.818,1928
4,1,3,1.0,1.0,1.0,1.0,1.0,1.0,CatBoost,740,0.9,1928
11,1,10,1.0,1.0,1.0,1.0,1.0,1.0,RandomForest,742,0.443,1932
11,1,10,1.0,1.0,1.0,1.0,1.0,1.0,LightGBM,742,0.639,1932
11,1,10,1.0,1.0,1.0,1.0,1.0,1.0,XGBoost,742,0.818,1932
11,1,10,1.0,1.0,1.0,1.0,1.0,1.0,CatBoost,742,0.9,1932
5,1,4,0.4082482904638631,0.5,0.3333333333333333,0.75,0.5,0.7071067811865476,RandomForest,745,0.443,1943
5,1,4,0.4082482904638631,0.5,0.3333333333333333,0.75,0.5,0.7071067811865476,LightGBM,745,0.639,1943
5,1,4,0.4082482904638631,0.5,0.3333333333333333,0.75,0.5,0.7071067811865476,XGBoost,745,0.818,1943
5,1,4,-0.4082482904638631,0.5,0.3333333333333333,0.25,0.0,0.0,CatBoost,745,0.9,1943
2,0,2,0.0,0.5,0.0,0.5,0.0,0.0,RandomForest,748,0.443,1948
2,0,2,0.0,0.5,0.0,0.5,0.0,0.0,LightGBM,748,0.786,1948
2,0,2,0.0,0.5,0.0,0.5,0.0,0.0,XGBoost,748,0.818,1948
2,0,2,0.0,0.5,0.0,0.5,0.0,0.0,CatBoost,748,0.9,1948
4,0,4,0.0,0.5,0.0,0.5,0.0,0.0,RandomForest,749,0.443,1950
4,0,4,0.0,0.5,0.0,0.5,0.0,0.0,LightGBM,749,0.786,1950
4,0,4,0.0,0.5,0.0,0.5,0.0,0.0,XGBoost,749,0.818,1950
4,0,4,0.0,0.5,0.0,0.5,0.0,0.0,CatBoost,749,0.9,1950
10,1,9,0.408248290463863,0.6666666666666667,0.25,0.8333333333333333,0.4,0.816496580927726,RandomForest,754,0.443,1954
10,1,9,-0.21821789023599236,0.5555555555555556,0.2,0.3333333333333333,0.0,0.0,LightGBM,754,0.786,1954
10,1,9,-0.21821789023599236,0.6666666666666667,0.25,0.3333333333333333,0.0,0.0,XGBoost,754,0.818,1954
10,1,9,-0.21821789023599236,0.6666666666666667,0.25,0.3333333333333333,0.0,0.0,CatBoost,754,0.9,1954
2,0,2,0.0,0.5,0.0,0.5,0.0,0.0,RandomForest,756,0.443,1964
2,0,2,0.0,0.5,0.0,0.5,0.0,0.0,LightGBM,756,0.639,1964
2,0,2,0.0,0.5,0.0,0.5,0.0,0.0,XGBoost,756,0.884,1964
2,0,2,0.0,0.5,0.0,0.5,0.0,0.0,CatBoost,756,0.524,1964
4,3,1,-0.3333333333333333,0.6666666666666666,0.9166666666666665,0.3333333333333333,0.6666666666666666,0.0,RandomForest,757,0.443,1966
4,3,1,-0.5773502691896258,0.3333333333333333,0.8055555555555556,0.16666666666666666,0.4,0.0,LightGBM,757,0.639,1966
4,3,1,0.3333333333333333,0.6666666666666666,0.9166666666666665,0.6666666666666666,0.5,0.5773502691896257,XGBoost,757,0.884,1966
4,3,1,-0.3333333333333333,0.6666666666666666,0.9166666666666665,0.3333333333333333,0.6666666666666666,0.0,CatBoost,757,0.524,1966
14,1,13,0.2773500981126146,0.9230769230769231,0.5,0.7692307692307692,0.25,0.7337993857053428,RandomForest,758,0.443,1970
14,1,13,0.3721042037676254,0.7692307692307692,0.25,0.8461538461538461,0.3333333333333333,0.8320502943378437,LightGBM,758,0.476,1970
14,1,13,0.43852900965351466,0.7692307692307692,0.25,0.8846153846153846,0.4,0.8770580193070292,XGBoost,758,0.867,1970
14,1,13,0.32025630761017426,0.9230769230769231,0.5,0.8076923076923077,0.2857142857142857,0.7844645405527362,CatBoost,758,0.524,1970
6,1,5,0.4472135954999579,1.0,1.0,0.8,0.5,0.7745966692414834,RandomForest,761,0.443,1984
6,1,5,1.0,1.0,1.0,1.0,1.0,1.0,LightGBM,761,0.476,1984
6,1,5,1.0,1.0,1.0,1.0,1.0,1.0,XGBoost,761,0.867,1984
6,1,5,1.0,1.0,1.0,1.0,1.0,1.0,CatBoost,761,0.541,1984
2,0,2,0.0,0.5,0.0,0.5,0.0,0.0,RandomForest,762,0.443,1990
2,0,2,0.0,0.5,0.0,0.5,0.0,0.0,LightGBM,762,0.476,1990
2,0,2,0.0,0.5,0.0,0.5,0.0,0.0,XGBoost,762,0.867,1990
2,0,2,0.0,0.5,0.0,0.5,0.0,0.0,CatBoost,762,0.541,1990
13,1,12,0.5270462766947299,1.0,1.0,0.9166666666666667,0.5,0.9128709291752769,RandomForest,765,0.443,1992
13,1,12,0.67700320038633,1.0,1.0,0.9583333333333333,0.6666666666666666,0.9574271077563381,LightGBM,765,0.476,1992
13,1,12,0.67700320038633,1.0,1.0,0.9583333333333333,0.6666666666666666,0.9574271077563381,XGBoost,765,0.867,1992
13,1,12,0.5270462766947299,1.0,1.0,0.9166666666666667,0.5,0.9128709291752769,CatBoost,765,0.541,1992
5,0,5,0.0,0.5,0.0,0.5,0.0,0.0,RandomForest,766,0.443,2005
5,0,5,0.0,0.5,0.0,0.5,0.0,0.0,LightGBM,766,0.476,2005
5,0,5,0.0,0.5,0.0,0.5,0.0,0.0,XGBoost,766,0.867,2005
5,0,5,0.0,0.5,0.0,0.5,0.0,0.0,CatBoost,766,0.704,2005
2,0,2,0.0,0.5,0.0,0.5,0.0,0.0,RandomForest,768,0.443,2010
2,0,2,0.0,0.5,0.0,0.5,0.0,0.0,LightGBM,768,0.476,2010
2,0,2,0.0,0.5,0.0,0.5,0.0,0.0,XGBoost,768,0.867,2010
2,0,2,0.0,0.5,0.0,0.5,0.0,0.0,CatBoost,768,0.704,2010
11,3,8,0.769800358919501,1.0,1.0,0.8333333333333333,0.8,0.816496580927726,RandomForest,769,0.459,2012
11,3,8,0.5163977794943222,1.0,1.0,0.6666666666666666,0.5,0.5773502691896257,LightGBM,769,0.476,2012
11,3,8,0.5163977794943222,0.9583333333333334,0.9166666666666665,0.6666666666666666,0.5,0.5773502691896257,XGBoost,769,0.867,2012
11,3,8,0.5163977794943222,1.0,1.0,0.6666666666666666,0.5,0.5773502691896257,CatBoost,769,0.704,2012
2,1,1,0.0,0.0,0.5,0.5,0.0,0.0,RandomForest,770,0.459,2023
2,1,1,0.0,0.0,0.5,0.5,0.0,0.0,LightGBM,770,0.476,2023
2,1,1,0.0,0.0,0.5,0.5,0.0,0.0,XGBoost,770,0.867,2023
2,1,1,0.0,0.0,0.5,0.5,0.0,0.0,CatBoost,770,0.573,2023
23,1,22,0.6908492797077574,1.0,1.0,0.9772727272727273,0.6666666666666666,0.9770084209183945,RandomForest,773,0.459,2025
23,1,22,0.6908492797077574,1.0,1.0,0.9772727272727273,0.6666666666666666,0.9770084209183945,LightGBM,773,0.476,2025
23,1,22,1.0,1.0,1.0,1.0,1.0,1.0,XGBoost,773,0.867,2025
23,1,22,0.6908492797077574,1.0,1.0,0.9772727272727273,0.6666666666666666,0.9770084209183945,CatBoost,773,0.573,2025
1,1,0,0.0,0.5,1.0,0.5,0.0,0.0,RandomForest,774,0.459,2048
1,1,0,0.0,0.5,1.0,0.5,0.0,0.0,LightGBM,774,0.476,2048
1,1,0,0.0,0.5,1.0,0.5,0.0,0.0,XGBoost,774,0.867,2048
1,1,0,0.0,0.5,1.0,0.5,0.0,0.0,CatBoost,774,0.573,2048
5,0,5,0.0,0.5,0.0,0.5,0.0,0.0,RandomForest,776,0.459,2049
5,0,5,0.0,0.5,0.0,0.5,0.0,0.0,LightGBM,776,0.476,2049
5,0,5,0.0,0.5,0.0,0.5,0.0,0.0,XGBoost,776,0.867,2049
5,0,5,0.0,0.5,0.0,0.5,0.0,0.0,CatBoost,776,0.573,2049
5,3,2,0.6123724356957946,1.0,1.0,0.75,0.8571428571428571,0.7071067811865476,RandomForest,777,0.459,2054
5,3,2,0.6666666666666666,1.0,1.0,0.8333333333333333,0.8,0.816496580927726,LightGBM,777,0.476,2054
5,3,2,0.6666666666666666,1.0,1.0,0.8333333333333333,0.8,0.816496580927726,XGBoost,777,0.867,2054
5,3,2,0.6123724356957946,1.0,1.0,0.75,0.8571428571428571,0.7071067811865476,CatBoost,777,0.573,2054
21,3,18,1.0,1.0,1.0,1.0,1.0,1.0,RandomForest,781,0.655,2059
21,3,18,0.7302967433402215,0.9814814814814814,0.9166666666666665,0.9444444444444444,0.75,0.9428090415820634,LightGBM,781,0.476,2059
21,3,18,0.8416254115301732,0.9814814814814814,0.9166666666666665,0.9722222222222222,0.8571428571428571,0.97182531580755,XGBoost,781,0.867,2059
21,3,18,0.7302967433402215,1.0,1.0,0.9444444444444444,0.75,0.9428090415820634,CatBoost,781,0.704,2059
5,1,4,0.0,0.5,0.3333333333333333,0.5,0.0,0.0,RandomForest,784,0.655,2080
5,1,4,-0.25,0.75,0.5,0.375,0.0,0.0,LightGBM,784,0.394,2080
5,1,4,-0.25,0.75,0.5,0.375,0.0,0.0,XGBoost,784,0.867,2080
5,1,4,-0.25,0.25,0.25,0.375,0.0,0.0,CatBoost,784,0.573,2080
15,1,14,1.0,1.0,1.0,1.0,1.0,1.0,RandomForest,786,0.655,2085
15,1,14,1.0,1.0,1.0,1.0,1.0,1.0,LightGBM,786,0.361,2085
15,1,14,1.0,1.0,1.0,1.0,1.0,1.0,XGBoost,786,0.884,2085
15,1,14,1.0,1.0,1.0,1.0,1.0,1.0,CatBoost,786,0.704,2085
5,1,4,0.0,1.0,1.0,0.5,0.0,0.0,RandomForest,788,0.655,2100
5,1,4,0.0,1.0,1.0,0.5,0.0,0.0,LightGBM,788,0.786,2100
5,1,4,0.0,1.0,1.0,0.5,0.0,0.0,XGBoost,788,0.867,2100
5,1,4,0.0,0.5,0.3333333333333333,0.5,0.0,0.0,CatBoost,788,0.867,2100
2,0,2,0.0,0.5,0.0,0.5,0.0,0.0,RandomForest,791,0.655,2105
2,0,2,0.0,0.5,0.0,0.5,0.0,0.0,LightGBM,791,0.361,2105
2,0,2,0.0,0.5,0.0,0.5,0.0,0.0,XGBoost,791,0.867,2105
2,0,2,0.0,0.5,0.0,0.5,0.0,0.0,CatBoost,791,0.867,2105
7,2,5,0.6454972243679028,1.0,1.0,0.75,0.6666666666666666,0.7071067811865476,RandomForest,795,0.655,2107
7,2,5,0.6454972243679028,1.0,1.0,0.75,0.6666666666666666,0.7071067811865476,LightGBM,795,0.361,2107
7,2,5,0.6454972243679028,0.9,0.8333333333333333,0.75,0.6666666666666666,0.7071067811865476,XGBoost,795,0.867,2107
7,2,5,0.6454972243679028,1.0,1.0,0.75,0.6666666666666666,0.7071067811865476,CatBoost,795,0.867,2107
12,2,10,0.674199862463242,0.9500000000000001,0.8333333333333333,0.75,0.6666666666666666,0.7071067811865476,RandomForest,796,0.655,2114
12,2,10,0.674199862463242,0.9500000000000001,0.8333333333333333,0.75,0.6666666666666666,0.7071067811865476,LightGBM,796,0.786,2114
12,2,10,0.674199862463242,1.0,1.0,0.75,0.6666666666666666,0.7071067811865476,XGBoost,796,0.884,2114
12,2,10,0.674199862463242,1.0,1.0,0.75,0.6666666666666666,0.7071067811865476,CatBoost,796,0.867,2114
3,3,0,0.0,0.5,1.0,0.5,0.0,0.0,RandomForest,797,0.655,2126
3,3,0,0.0,0.5,1.0,0.5,0.0,0.0,LightGBM,797,0.361,2126
3,3,0,0.0,0.5,1.0,0.5,0.0,0.0,XGBoost,797,0.884,2126
3,3,0,0.0,0.5,1.0,0.5,0.0,0.0,CatBoost,797,0.867,2126
9,3,6,0.7559289460184544,0.8333333333333333,0.8333333333333333,0.8333333333333333,0.8,0.816496580927726,RandomForest,798,0.655,2129
9,3,6,0.5,0.6666666666666667,0.5317460317460317,0.75,0.6666666666666666,0.7453559924999299,LightGBM,798,0.329,2129
9,3,6,0.31622776601683794,0.8333333333333333,0.8333333333333333,0.6666666666666666,0.5714285714285714,0.6666666666666666,XGBoost,798,0.508,2129
9,3,6,0.5,0.7222222222222222,0.7916666666666666,0.75,0.6666666666666666,0.7453559924999299,CatBoost,798,0.737,2129
36,3,33,1.0,1.0,1.0,1.0,1.0,1.0,RandomForest,799,0.655,2138
36,3,33,0.7507571935295484,0.9696969696969696,0.7555555555555555,0.9696969696969697,0.75,0.9692233691951198,LightGBM,799,0.329,2138
36,3,33,0.8528028654224418,0.9797979797979798,0.8055555555555556,0.9848484848484849,0.8571428571428571,0.9847319278346619,XGBoost,799,0.508,2138
36,3,33,0.5606119105813882,1.0,1.0,0.6666666666666666,0.5,0.5773502691896257,CatBoost,799,0.867,2138
13,1,12,0.0,1.0,1.0,0.5,0.0,0.0,RandomForest,800,0.655,2174
13,1,12,1.0,1.0,1.0,1.0,1.0,1.0,LightGBM,800,0.231,2174
13,1,12,1.0,1.0,1.0,1.0,1.0,1.0,XGBoost,800,0.508,2174
13,1,12,0.0,1.0,1.0,0.5,0.0,0.0,CatBoost,800,0.867,2174
10,3,7,0.7637626158259734,1.0,1.0,0.8333333333333333,0.8,0.816496580927726,RandomForest,801,0.655,2187
10,3,7,0.5091750772173156,1.0,1.0,0.6666666666666666,0.5,0.5773502691896257,LightGBM,801,0.867,2187
10,3,7,0.7637626158259734,1.0,1.0,0.8333333333333333,0.8,0.816496580927726,XGBoost,801,0.508,2187
10,3,7,0.7637626158259734,1.0,1.0,0.8333333333333333,0.8,0.816496580927726,CatBoost,801,0.9,2187
19,1,18,-0.12171612389003691,0.6666666666666667,0.14285714285714285,0.3888888888888889,0.0,0.0,RandomForest,803,0.655,2197
19,1,18,-0.12171612389003691,0.33333333333333337,0.07692307692307693,0.3888888888888889,0.0,0.0,LightGBM,803,0.231,2197
19,1,18,-0.12171612389003691,0.33333333333333337,0.07692307692307693,0.3888888888888889,0.0,0.0,XGBoost,803,0.508,2197
19,1,18,-0.08084520834544433,0.38888888888888884,0.08333333333333333,0.4444444444444444,0.0,0.0,CatBoost,803,0.9,2197
3,2,1,0.0,0.0,0.5833333333333333,0.5,0.0,0.0,RandomForest,805,0.655,2216
3,2,1,0.0,0.0,0.5833333333333333,0.5,0.0,0.0,LightGBM,805,0.231,2216
3,2,1,0.0,0.0,0.5833333333333333,0.5,0.0,0.0,XGBoost,805,0.508,2216
3,2,1,0.0,0.0,0.5833333333333333,0.5,0.0,0.0,CatBoost,805,0.427,2216
4,2,2,0.5773502691896258,1.0,1.0,0.75,0.6666666666666666,0.7071067811865476,RandomForest,808,0.655,2219
4,2,2,0.5773502691896258,0.5,0.5833333333333333,0.75,0.8,0.7071067811865476,LightGBM,808,0.231,2219
4,2,2,0.0,0.5,0.5833333333333333,0.5,0.6666666666666666,0.0,XGBoost,808,0.508,2219
4,2,2,0.0,0.75,0.8333333333333333,0.5,0.0,0.0,CatBoost,808,0.9,2219
6,1,5,0.0,1.0,1.0,0.5,0.0,0.0,RandomForest,809,0.655,2223
6,1,5,0.0,1.0,1.0,0.5,0.0,0.0,LightGBM,809,0.231,2223
6,1,5,1.0,1.0,1.0,1.0,1.0,1.0,XGBoost,809,0.508,2223
6,1,5,0.0,1.0,1.0,0.5,0.0,0.0,CatBoost,809,0.427,2223
7,0,7,0.0,0.5,0.0,0.5,0.0,0.0,RandomForest,810,0.655,2229
7,0,7,0.0,0.5,0.0,0.5,0.0,0.0,LightGBM,810,0.231,2229
7,0,7,0.0,0.5,0.0,0.5,0.0,0.0,XGBoost,810,0.508,2229
7,0,7,0.0,0.5,0.0,0.5,0.0,0.0,CatBoost,810,0.427,2229
13,2,11,0.67700320038633,1.0,1.0,0.75,0.6666666666666666,0.7071067811865476,RandomForest,813,0.655,2236
13,2,11,1.0,1.0,1.0,1.0,1.0,1.0,LightGBM,813,0.231,2236
13,2,11,1.0,1.0,1.0,1.0,1.0,1.0,XGBoost,813,0.508,2236
13,2,11,1.0,1.0,1.0,1.0,1.0,1.0,CatBoost,813,0.427,2236
2,0,2,0.0,0.5,0.0,0.5,0.0,0.0,RandomForest,814,0.492,2249
2,0,2,0.0,0.5,0.0,0.5,0.0,0.0,LightGBM,814,0.231,2249
2,0,2,0.0,0.5,0.0,0.5,0.0,0.0,XGBoost,814,0.508,2249
2,0,2,0.0,0.5,0.0,0.5,0.0,0.0,CatBoost,814,0.427,2249
7,1,6,0.6454972243679028,1.0,1.0,0.9166666666666667,0.6666666666666666,0.9128709291752769,RandomForest,815,0.492,2251
7,1,6,0.47140452079103173,1.0,1.0,0.8333333333333333,0.5,0.816496580927726,LightGBM,815,0.231,2251
7,1,6,0.6454972243679028,1.0,1.0,0.9166666666666667,0.6666666666666666,0.9128709291752769,XGBoost,815,0.508,2251
7,1,6,0.6454972243679028,1.0,1.0,0.9166666666666667,0.6666666666666666,0.9128709291752769,CatBoost,815,0.427,2251
7,2,5,0.0,1.0,1.0,0.5,0.0,0.0,RandomForest,817,0.492,2258
7,2,5,0.0,1.0,1.0,0.5,0.0,0.0,LightGBM,817,0.231,2258
7,2,5,0.0,1.0,1.0,0.5,0.0,0.0,XGBoost,817,0.508,2258
7,2,5,0.0,1.0,1.0,0.5,0.0,0.0,CatBoost,817,0.427,2258
8,2,6,0.6546536707079772,0.9166666666666667,0.8333333333333333,0.75,0.6666666666666666,0.7071067811865476,RandomForest,819,0.443,2265
8,2,6,0.3333333333333333,0.8333333333333334,0.5833333333333333,0.6666666666666667,0.5,0.6454972243679028,LightGBM,819,0.231,2265
8,2,6,0.3333333333333333,0.8333333333333334,0.5833333333333333,0.6666666666666667,0.5,0.6454972243679028,XGBoost,819,0.508,2265
8,2,6,0.3333333333333333,0.8333333333333334,0.5833333333333333,0.6666666666666667,0.5,0.6454972243679028,CatBoost,819,0.427,2265
2,2,0,0.0,0.5,1.0,0.5,0.0,0.0,RandomForest,820,0.443,2273
2,2,0,0.0,0.5,1.0,0.5,0.0,0.0,LightGBM,820,0.231,2273
2,2,0,0.0,0.5,1.0,0.5,0.0,0.0,XGBoost,820,0.508,2273
2,2,0,0.0,0.5,1.0,0.5,0.0,0.0,CatBoost,820,0.427,2273
5,1,4,0.4082482904638631,1.0,1.0,0.75,0.5,0.7071067811865476,RandomForest,821,0.443,2275
5,1,4,0.4082482904638631,0.75,0.5,0.75,0.5,0.7071067811865476,LightGBM,821,0.231,2275
5,1,4,0.6123724356957946,1.0,1.0,0.875,0.6666666666666666,0.8660254037844386,XGBoost,821,0.508,2275
5,1,4,0.4082482904638631,0.75,0.5,0.75,0.5,0.7071067811865476,CatBoost,821,0.427,2275
1,1,0,0.0,0.5,1.0,0.5,0.0,0.0,RandomForest,822,0.655,2280
1,1,0,0.0,0.5,1.0,0.5,0.0,0.0,LightGBM,822,0.231,2280
1,1,0,0.0,0.5,1.0,0.5,0.0,0.0,XGBoost,822,0.508,2280
1,1,0,0.0,0.5,1.0,0.5,0.0,0.0,CatBoost,822,0.427,2280
13,2,11,1.0,1.0,1.0,1.0,1.0,1.0,RandomForest,823,0.655,2281
13,2,11,1.0,1.0,1.0,1.0,1.0,1.0,LightGBM,823,0.231,2281
13,2,11,1.0,1.0,1.0,1.0,1.0,1.0,XGBoost,823,0.508,2281
13,2,11,1.0,1.0,1.0,1.0,1.0,1.0,CatBoost,823,0.427,2281
6,3,3,0.7071067811865476,1.0,1.0,0.8333333333333333,0.8,0.816496580927726,RandomForest,824,0.655,2294
6,3,3,0.7071067811865476,1.0,1.0,0.8333333333333333,0.8,0.816496580927726,LightGBM,824,0.231,2294
6,3,3,1.0,1.0,1.0,1.0,1.0,1.0,XGBoost,824,0.508,2294
6,3,3,1.0,1.0,1.0,1.0,1.0,1.0,CatBoost,824,0.427,2294
5,2,3,-0.16666666666666666,0.33333333333333337,0.45,0.41666666666666663,0.4,0.408248290463863,RandomForest,826,0.394,2300
5,2,3,-0.6123724356957946,0.5,0.7,0.25,0.3333333333333333,0.0,LightGBM,826,0.231,2300
5,2,3,0.6123724356957946,0.5,0.7,0.75,0.6666666666666666,0.7071067811865476,XGBoost,826,0.508,2300
5,2,3,0.6123724356957946,0.5,0.7,0.75,0.6666666666666666,0.7071067811865476,CatBoost,826,0.427,2300
5,3,2,0.0,0.6666666666666666,0.8666666666666667,0.5,0.75,0.0,RandomForest,828,0.247,2305
5,3,2,-0.4082482904638631,0.6666666666666666,0.8666666666666667,0.3333333333333333,0.5714285714285714,0.0,LightGBM,828,0.263,2305
5,3,2,-0.4082482904638631,0.6666666666666666,0.8666666666666667,0.3333333333333333,0.5714285714285714,0.0,XGBoost,828,0.443,2305
5,3,2,-0.4082482904638631,0.6666666666666666,0.8666666666666667,0.3333333333333333,0.5714285714285714,0.0,CatBoost,828,0.427,2305
3,1,2,1.0,1.0,1.0,1.0,1.0,1.0,RandomForest,829,0.247,2310
3,1,2,1.0,1.0,1.0,1.0,1.0,1.0,LightGBM,829,0.263,2310
3,1,2,1.0,1.0,1.0,1.0,1.0,1.0,XGBoost,829,0.443,2310
3,1,2,1.0,1.0,1.0,1.0,1.0,1.0,CatBoost,829,0.427,2310
20,3,17,0.5144957554275266,1.0,1.0,0.8529411764705883,0.5454545454545454,0.8401680504168059,RandomForest,830,0.247,2313
20,3,17,0.8401680504168059,1.0,1.0,0.9705882352941176,0.8571428571428571,0.9701425001453319,LightGBM,830,0.263,2313
20,3,17,1.0,1.0,1.0,1.0,1.0,1.0,XGBoost,830,0.443,2313
20,3,17,0.7276068751089989,1.0,1.0,0.9411764705882353,0.75,0.9393364366277243,CatBoost,830,0.427,2313
16,2,14,0.30261376633440124,0.7857142857142856,0.39285714285714285,0.6785714285714286,0.4,0.6546536707079771,RandomForest,831,0.492,2333
16,2,14,0.6546536707079772,0.8928571428571429,0.5,0.9285714285714286,0.6666666666666666,0.9258200997725514,LightGBM,831,0.655,2333
16,2,14,0.30261376633440124,0.8571428571428571,0.45,0.6785714285714286,0.4,0.6546536707079771,XGBoost,831,0.573,2333
16,2,14,0.30261376633440124,0.8571428571428571,0.45,0.6785714285714286,0.4,0.6546536707079771,CatBoost,831,0.573,2333
5,2,3,1.0,1.0,1.0,1.0,1.0,1.0,RandomForest,833,0.769,2349
5,2,3,1.0,1.0,1.0,1.0,1.0,1.0,LightGBM,833,0.655,2349
5,2,3,1.0,1.0,1.0,1.0,1.0,1.0,XGBoost,833,0.573,2349
5,2,3,1.0,1.0,1.0,1.0,1.0,1.0,CatBoost,833,0.573,2349
22,3,19,0.7958224257542214,1.0,1.0,0.8333333333333333,0.8,0.816496580927726,RandomForest,834,0.769,2354
22,3,19,0.7958224257542214,1.0,1.0,0.8333333333333333,0.8,0.816496580927726,LightGBM,834,0.655,2354
22,3,19,1.0,1.0,1.0,1.0,1.0,1.0,XGBoost,834,0.573,2354
22,3,19,1.0,1.0,1.0,1.0,1.0,1.0,CatBoost,834,0.573,2354
9,0,9,0.0,0.5,0.0,0.5,0.0,0.0,RandomForest,835,0.492,2376
9,0,9,0.0,0.5,0.0,0.5,0.0,0.0,LightGBM,835,0.655,2376
9,0,9,0.0,0.5,0.0,0.5,0.0,0.0,XGBoost,835,0.573,2376
9,0,9,0.0,0.5,0.0,0.5,0.0,0.0,CatBoost,835,0.573,2376
9,0,9,0.0,0.5,0.0,0.5,0.0,0.0,RandomForest,836,0.492,2385
9,0,9,0.0,0.5,0.0,0.5,0.0,0.0,LightGBM,836,0.655,2385
9,0,9,0.0,0.5,0.0,0.5,0.0,0.0,XGBoost,836,0.573,2385
9,0,9,0.0,0.5,0.0,0.5,0.0,0.0,CatBoost,836,0.573,2385
6,0,6,0.0,0.5,0.0,0.5,0.0,0.0,RandomForest,838,0.769,2394
6,0,6,0.0,0.5,0.0,0.5,0.0,0.0,LightGBM,838,0.655,2394
6,0,6,0.0,0.5,0.0,0.5,0.0,0.0,XGBoost,838,0.573,2394
6,0,6,0.0,0.5,0.0,0.5,0.0,0.0,CatBoost,838,0.573,2394
15,6,9,0.7385489458759964,0.8148148148148148,0.8722222222222222,0.8333333333333333,0.8,0.816496580927726,RandomForest,840,0.769,2400
15,6,9,0.7385489458759964,0.7777777777777778,0.8306878306878307,0.8333333333333333,0.8,0.816496580927726,LightGBM,840,0.655,2400
15,6,9,0.5773502691896257,0.7777777777777778,0.8306878306878307,0.7777777777777777,0.7272727272727273,0.769800358919501,XGBoost,840,0.557,2400
15,6,9,0.5773502691896257,0.7777777777777779,0.8374999999999999,0.7777777777777777,0.7272727272727273,0.769800358919501,CatBoost,840,0.573,2400
20,2,18,1.0,1.0,1.0,1.0,1.0,1.0,RandomForest,842,0.769,2415
20,2,18,1.0,1.0,1.0,1.0,1.0,1.0,LightGBM,842,0.655,2415
20,2,18,0.7934920476158722,1.0,1.0,0.9722222222222222,0.8,0.97182531580755,XGBoost,842,0.606,2415
20,2,18,0.5773502691896257,1.0,1.0,0.9166666666666667,0.5714285714285714,0.9128709291752769,CatBoost,842,0.573,2415
10,4,6,0.16666666666666666,0.6666666666666666,0.7361111111111112,0.5833333333333333,0.5,0.5773502691896257,RandomForest,843,0.688,2435
10,4,6,0.16666666666666666,0.6666666666666667,0.7321428571428572,0.5833333333333333,0.5,0.5773502691896257,LightGBM,843,0.655,2435
10,4,6,0.16666666666666666,0.625,0.7182539682539683,0.5833333333333333,0.5,0.5773502691896257,XGBoost,843,0.737,2435
10,4,6,0.0,0.7083333333333334,0.75,0.5,0.4444444444444444,0.5,CatBoost,843,0.671,2435
11,1,10,0.4183300132670378,1.0,1.0,0.85,0.4,0.8366600265340756,RandomForest,844,0.688,2445
11,1,10,0.4183300132670378,1.0,1.0,0.85,0.4,0.8366600265340756,LightGBM,844,0.655,2445
11,1,10,0.4183300132670378,1.0,1.0,0.85,0.4,0.8366600265340756,XGBoost,844,0.737,2445
11,1,10,0.6708203932499369,1.0,1.0,0.95,0.6666666666666666,0.9486832980505138,CatBoost,844,0.867,2445
2,2,0,0.0,0.5,1.0,0.5,0.0,0.0,RandomForest,847,0.688,2456
2,2,0,0.0,0.5,1.0,0.5,0.0,0.0,LightGBM,847,0.72,2456
2,2,0,0.0,0.5,1.0,0.5,0.0,0.0,XGBoost,847,0.737,2456
2,2,0,0.0,0.5,1.0,0.5,0.0,0.0,CatBoost,847,0.867,2456
11,3,8,0.769800358919501,1.0,1.0,0.8333333333333333,0.8,0.816496580927726,RandomForest,848,0.688,2458
11,3,8,0.5163977794943222,0.9166666666666666,0.8666666666666667,0.6666666666666666,0.5,0.5773502691896257,LightGBM,848,0.72,2458
11,3,8,0.5163977794943222,1.0,1.0,0.6666666666666666,0.5,0.5773502691896257,XGBoost,848,0.737,2458
11,3,8,0.5163977794943222,1.0,1.0,0.6666666666666666,0.5,0.5773502691896257,CatBoost,848,0.867,2458
11,1,10,1.0,1.0,1.0,1.0,1.0,1.0,RandomForest,849,0.688,2469
11,1,10,1.0,1.0,1.0,1.0,1.0,1.0,LightGBM,849,0.72,2469
11,1,10,1.0,1.0,1.0,1.0,1.0,1.0,XGBoost,849,0.737,2469
11,1,10,1.0,1.0,1.0,1.0,1.0,1.0,CatBoost,849,0.867,2469
3,2,1,0.5,1.0,1.0,0.75,0.6666666666666666,0.7071067811865476,RandomForest,850,0.688,2480
3,2,1,0.5,1.0,1.0,0.75,0.6666666666666666,0.7071067811865476,LightGBM,850,0.851,2480
3,2,1,0.5,1.0,1.0,0.75,0.6666666666666666,0.7071067811865476,XGBoost,850,0.737,2480
3,2,1,0.5,1.0,1.0,0.75,0.6666666666666666,0.7071067811865476,CatBoost,850,0.671,2480
1,1,0,0.0,0.5,1.0,0.5,0.0,0.0,RandomForest,851,0.688,2483
1,1,0,0.0,0.5,1.0,0.5,0.0,0.0,LightGBM,851,0.851,2483
1,1,0,0.0,0.5,1.0,0.5,0.0,0.0,XGBoost,851,0.737,2483
1,1,0,0.0,0.5,1.0,0.5,0.0,0.0,CatBoost,851,0.671,2483
8,1,7,0.0,1.0,1.0,0.5,0.0,0.0,RandomForest,854,0.688,2484
8,1,7,0.0,1.0,1.0,0.5,0.0,0.0,LightGBM,854,0.851,2484
8,1,7,0.0,1.0,1.0,0.5,0.0,0.0,XGBoost,854,0.737,2484
8,1,7,0.0,1.0,1.0,0.5,0.0,0.0,CatBoost,854,0.671,2484
9,1,8,0.0,1.0,1.0,0.5,0.0,0.0,RandomForest,855,0.688,2492
9,1,8,1.0,1.0,1.0,1.0,1.0,1.0,LightGBM,855,0.655,2492
9,1,8,1.0,1.0,1.0,1.0,1.0,1.0,XGBoost,855,0.737,2492
9,1,8,0.0,0.625,0.25,0.5,0.0,0.0,CatBoost,855,0.884,2492
17,0,17,0.0,0.5,0.0,0.5,0.0,0.0,RandomForest,856,0.688,2501
17,0,17,0.0,0.5,0.0,0.5,0.0,0.0,LightGBM,856,0.655,2501
17,0,17,0.0,0.5,0.0,0.5,0.0,0.0,XGBoost,856,0.737,2501
17,0,17,0.0,0.5,0.0,0.5,0.0,0.0,CatBoost,856,0.884,2501
15,1,14,0.6813851438692469,1.0,1.0,0.9642857142857143,0.6666666666666666,0.9636241116594315,RandomForest,857,0.688,2518
15,1,14,0.6813851438692469,1.0,1.0,0.9642857142857143,0.6666666666666666,0.9636241116594315,LightGBM,857,0.655,2518
15,1,14,0.6813851438692469,1.0,1.0,0.9642857142857143,0.6666666666666666,0.9636241116594315,XGBoost,857,0.606,2518
15,1,14,1.0,1.0,1.0,1.0,1.0,1.0,CatBoost,857,0.884,2518
28,2,26,1.0,1.0,1.0,1.0,1.0,1.0,RandomForest,858,0.786,2533
28,2,26,0.8006407690254357,1.0,1.0,0.9807692307692308,0.8,0.9805806756909202,LightGBM,858,0.639,2533
28,2,26,0.6793662204867574,1.0,1.0,0.9615384615384616,0.6666666666666666,0.9607689228305228,XGBoost,858,0.639,2533
28,2,26,1.0,1.0,1.0,1.0,1.0,1.0,CatBoost,858,0.884,2533
11,1,10,0.6708203932499369,1.0,1.0,0.95,0.6666666666666666,0.9486832980505138,RandomForest,859,0.786,2561
11,1,10,0.5163977794943222,1.0,1.0,0.9,0.5,0.8944271909999159,LightGBM,859,0.639,2561
11,1,10,0.5163977794943222,1.0,1.0,0.9,0.5,0.8944271909999159,XGBoost,859,0.639,2561
11,1,10,0.6708203932499369,1.0,1.0,0.95,0.6666666666666666,0.9486832980505138,CatBoost,859,0.884,2561
23,0,23,0.0,0.5,0.0,0.5,0.0,0.0,RandomForest,860,0.802,2572
23,0,23,0.0,0.5,0.0,0.5,0.0,0.0,LightGBM,860,0.802,2572
23,0,23,0.0,0.5,0.0,0.5,0.0,0.0,XGBoost,860,0.639,2572
23,0,23,0.0,0.5,0.0,0.5,0.0,0.0,CatBoost,860,0.9,2572
1,0,1,0.0,0.5,0.0,0.5,0.0,0.0,RandomForest,861,0.802,2595
1,0,1,0.0,0.5,0.0,0.5,0.0,0.0,LightGBM,861,0.802,2595
1,0,1,0.0,0.5,0.0,0.5,0.0,0.0,XGBoost,861,0.802,2595
1,0,1,0.0,0.5,0.0,0.5,0.0,0.0,CatBoost,861,0.9,2595
15,1,14,0.0,1.0,1.0,0.5,0.0,0.0,RandomForest,864,0.802,2596
15,1,14,0.0,1.0,1.0,0.5,0.0,0.0,LightGBM,864,0.802,2596
15,1,14,0.0,1.0,1.0,0.5,0.0,0.0,XGBoost,864,0.802,2596
15,1,14,0.0,1.0,1.0,0.5,0.0,0.0,CatBoost,864,0.9,2596
20,1,19,1.0,1.0,1.0,1.0,1.0,1.0,RandomForest,866,0.884,2611
20,1,19,1.0,1.0,1.0,1.0,1.0,1.0,LightGBM,866,0.802,2611
20,1,19,1.0,1.0,1.0,1.0,1.0,1.0,XGBoost,866,0.753,2611
20,1,19,1.0,1.0,1.0,1.0,1.0,1.0,CatBoost,866,0.9,2611
14,1,13,1.0,1.0,1.0,1.0,1.0,1.0,RandomForest,869,0.884,2631
14,1,13,1.0,1.0,1.0,1.0,1.0,1.0,LightGBM,869,0.802,2631
14,1,13,1.0,1.0,1.0,1.0,1.0,1.0,XGBoost,869,0.753,2631
14,1,13,1.0,1.0,1.0,1.0,1.0,1.0,CatBoost,869,0.9,2631
18,2,16,1.0,1.0,1.0,1.0,1.0,1.0,RandomForest,877,0.884,2645
18,2,16,1.0,1.0,1.0,1.0,1.0,1.0,LightGBM,877,0.802,2645
18,2,16,1.0,1.0,1.0,1.0,1.0,1.0,XGBoost,877,0.753,2645
18,2,16,1.0,1.0,1.0,1.0,1.0,1.0,CatBoost,877,0.9,2645
2,1,1,0.0,1.0,1.0,0.5,0.0,0.0,RandomForest,889,0.802,2663
2,1,1,0.0,1.0,1.0,0.5,0.0,0.0,LightGBM,889,0.802,2663
2,1,1,0.0,1.0,1.0,0.5,0.0,0.0,XGBoost,889,0.884,2663
2,1,1,0.0,1.0,1.0,0.5,0.0,0.0,CatBoost,889,0.9,2663
4,1,3,0.0,0.6666666666666667,0.5,0.5,0.0,0.0,RandomForest,899,0.802,2665
4,1,3,0.5773502691896258,0.6666666666666667,0.5,0.8333333333333333,0.6666666666666666,0.816496580927726,LightGBM,899,0.802,2665
4,1,3,1.0,1.0,1.0,1.0,1.0,1.0,XGBoost,899,0.884,2665
4,1,3,0.0,1.0,1.0,0.5,0.0,0.0,CatBoost,899,0.9,2665
2,2,0,0.0,0.5,1.0,0.5,0.0,0.0,RandomForest,900,0.802,2669
2,2,0,0.0,0.5,1.0,0.5,0.0,0.0,LightGBM,900,0.59,2669
2,2,0,0.0,0.5,1.0,0.5,0.0,0.0,XGBoost,900,0.884,2669
2,2,0,0.0,0.5,1.0,0.5,0.0,0.0,CatBoost,900,0.9,2669
6,1,5,1.0,1.0,1.0,1.0,1.0,1.0,RandomForest,903,0.802,2671
6,1,5,0.4472135954999579,0.8,0.5,0.8,0.5,0.7745966692414834,LightGBM,903,0.59,2671
6,1,5,1.0,1.0,1.0,1.0,1.0,1.0,XGBoost,903,0.884,2671
6,1,5,1.0,1.0,1.0,1.0,1.0,1.0,CatBoost,903,0.884,2671
10,2,8,0.375,0.875,0.5833333333333333,0.6875,0.5,0.6614378277661477,RandomForest,904,0.802,2677
10,2,8,0.375,0.875,0.75,0.6875,0.5,0.6614378277661477,LightGBM,904,0.59,2677
10,2,8,0.375,0.875,0.5833333333333333,0.6875,0.5,0.6614378277661477,XGBoost,904,0.884,2677
10,2,8,0.375,0.875,0.5833333333333333,0.6875,0.5,0.6614378277661477,CatBoost,904,0.884,2677
2,0,2,0.0,0.5,0.0,0.5,0.0,0.0,RandomForest,905,0.802,2687
2,0,2,0.0,0.5,0.0,0.5,0.0,0.0,LightGBM,905,0.59,2687
2,0,2,0.0,0.5,0.0,0.5,0.0,0.0,XGBoost,905,0.884,2687
2,0,2,0.0,0.5,0.0,0.5,0.0,0.0,CatBoost,905,0.884,2687
1,1,0,0.0,0.5,1.0,0.5,0.0,0.0,RandomForest,906,0.802,2689
1,1,0,0.0,0.5,1.0,0.5,0.0,0.0,LightGBM,906,0.59,2689
1,1,0,0.0,0.5,1.0,0.5,0.0,0.0,XGBoost,906,0.884,2689
1,1,0,0.0,0.5,1.0,0.5,0.0,0.0,CatBoost,906,0.884,2689
12,2,10,0.4,0.9500000000000001,0.8333333333333333,0.7,0.5,0.6708203932499369,RandomForest,907,0.802,2690
12,2,10,0.4,0.9500000000000001,0.8333333333333333,0.7,0.5,0.6708203932499369,LightGBM,907,0.59,2690
12,2,10,0.4,0.9500000000000001,0.8333333333333333,0.7,0.5,0.6708203932499369,XGBoost,907,0.884,2690
12,2,10,0.4,0.9500000000000001,0.8333333333333333,0.7,0.5,0.6708203932499369,CatBoost,907,0.884,2690
25,1,24,0.5527707983925666,1.0,1.0,0.9583333333333333,0.5,0.9574271077563381,RandomForest,912,0.802,2702
25,1,24,0.408248290463863,1.0,1.0,0.9166666666666667,0.3333333333333333,0.9128709291752769,LightGBM,912,0.802,2702
25,1,24,0.5527707983925666,1.0,1.0,0.9583333333333333,0.5,0.9574271077563381,XGBoost,912,0.884,2702
25,1,24,0.5527707983925666,1.0,1.0,0.9583333333333333,0.5,0.9574271077563381,CatBoost,912,0.884,2702
24,1,23,0.0,0.8695652173913043,0.25,0.5,0.0,0.0,RandomForest,914,0.867,2727
24,1,23,0.0,0.9130434782608696,0.3333333333333333,0.5,0.0,0.0,LightGBM,914,0.769,2727
24,1,23,0.0,0.9130434782608696,0.3333333333333333,0.5,0.0,0.0,XGBoost,914,0.884,2727
24,1,23,0.0,0.8695652173913043,0.25,0.5,0.0,0.0,CatBoost,914,0.818,2727
4,0,4,0.0,0.5,0.0,0.5,0.0,0.0,RandomForest,921,0.867,2751
4,0,4,0.0,0.5,0.0,0.5,0.0,0.0,LightGBM,921,0.884,2751
4,0,4,0.0,0.5,0.0,0.5,0.0,0.0,XGBoost,921,0.884,2751
4,0,4,0.0,0.5,0.0,0.5,0.0,0.0,CatBoost,921,0.818,2751
20,2,18,1.0,1.0,1.0,1.0,1.0,1.0,RandomForest,927,0.867,2755
20,2,18,0.6882472016116853,1.0,1.0,0.75,0.6666666666666666,0.7071067811865476,LightGBM,927,0.884,2755
20,2,18,0.6882472016116853,1.0,1.0,0.75,0.6666666666666666,0.7071067811865476,XGBoost,927,0.884,2755
20,2,18,1.0,1.0,1.0,1.0,1.0,1.0,CatBoost,927,0.818,2755
7,3,4,0.47140452079103173,0.75,0.8333333333333333,0.6666666666666666,0.5,0.5773502691896257,RandomForest,928,0.867,2775
7,3,4,0.47140452079103173,0.6666666666666666,0.8095238095238095,0.6666666666666666,0.5,0.5773502691896257,LightGBM,928,0.59,2775
7,3,4,0.47140452079103173,0.75,0.8333333333333333,0.6666666666666666,0.5,0.5773502691896257,XGBoost,928,0.867,2775
7,3,4,0.47140452079103173,0.75,0.8333333333333333,0.6666666666666666,0.5,0.5773502691896257,CatBoost,928,0.818,2775
4,2,2,0.0,0.75,0.8333333333333333,0.5,0.0,0.0,RandomForest,929,0.867,2782
4,2,2,0.5773502691896258,0.5,0.75,0.75,0.6666666666666666,0.7071067811865476,LightGBM,929,0.443,2782
4,2,2,0.0,0.75,0.8333333333333333,0.5,0.0,0.0,XGBoost,929,0.867,2782
4,2,2,0.0,0.75,0.8333333333333333,0.5,0.0,0.0,CatBoost,929,0.818,2782
5,1,4,1.0,1.0,1.0,1.0,1.0,1.0,RandomForest,934,0.867,2786
5,1,4,1.0,1.0,1.0,1.0,1.0,1.0,LightGBM,934,0.443,2786
5,1,4,1.0,1.0,1.0,1.0,1.0,1.0,XGBoost,934,0.867,2786
5,1,4,1.0,1.0,1.0,1.0,1.0,1.0,CatBoost,934,0.818,2786
16,2,14,0.6831300510639733,0.8214285714285714,0.6428571428571428,0.75,0.6666666666666666,0.7071067811865476,RandomForest,935,0.867,2791
16,2,14,0.6831300510639733,0.8571428571428572,0.6666666666666666,0.75,0.6666666666666666,0.7071067811865476,LightGBM,935,0.443,2791
16,2,14,0.6831300510639733,0.8214285714285714,0.6428571428571428,0.75,0.6666666666666666,0.7071067811865476,XGBoost,935,0.867,2791
16,2,14,0.6831300510639733,0.75,0.6111111111111112,0.75,0.6666666666666666,0.7071067811865476,CatBoost,935,0.818,2791
4,2,2,0.0,1.0,1.0,0.5,0.0,0.0,RandomForest,936,0.867,2807
4,2,2,0.5773502691896258,1.0,1.0,0.75,0.6666666666666666,0.7071067811865476,LightGBM,936,0.443,2807
4,2,2,0.0,1.0,1.0,0.5,0.0,0.0,XGBoost,936,0.867,2807
4,2,2,0.0,1.0,1.0,0.5,0.0,0.0,CatBoost,936,0.818,2807
1,1,0,0.0,0.5,1.0,0.5,0.0,0.0,RandomForest,937,0.867,2811
1,1,0,0.0,0.5,1.0,0.5,0.0,0.0,LightGBM,937,0.443,2811
1,1,0,0.0,0.5,1.0,0.5,0.0,0.0,XGBoost,937,0.867,2811
1,1,0,0.0,0.5,1.0,0.5,0.0,0.0,CatBoost,937,0.818,2811
10,3,7,0.5091750772173156,0.7619047619047619,0.7916666666666666,0.6666666666666666,0.5,0.5773502691896257,RandomForest,940,0.867,2812
10,3,7,0.2182178902359924,0.7619047619047619,0.6666666666666667,0.6190476190476191,0.5,0.6172133998483676,LightGBM,940,0.443,2812
10,3,7,0.7637626158259734,0.8571428571428571,0.8333333333333333,0.8333333333333333,0.8,0.816496580927726,XGBoost,940,0.867,2812
10,3,7,0.7637626158259734,0.8571428571428571,0.8333333333333333,0.8333333333333333,0.8,0.816496580927726,CatBoost,940,0.818,2812
3,2,1,1.0,1.0,1.0,1.0,1.0,1.0,RandomForest,946,0.753,2822
3,2,1,0.0,0.5,0.8333333333333333,0.5,0.8,0.0,LightGBM,946,0.116,2822
3,2,1,0.5,0.5,0.8333333333333333,0.75,0.6666666666666666,0.7071067811865476,XGBoost,946,0.867,2822
3,2,1,1.0,1.0,1.0,1.0,1.0,1.0,CatBoost,946,0.818,2822
1,1,0,0.0,0.5,1.0,0.5,0.0,0.0,RandomForest,954,0.753,2825
1,1,0,0.0,0.5,1.0,0.5,0.0,0.0,LightGBM,954,0.116,2825
1,1,0,0.0,0.5,1.0,0.5,0.0,0.0,XGBoost,954,0.867,2825
1,1,0,0.0,0.5,1.0,0.5,0.0,0.0,CatBoost,954,0.818,2825
3,0,3,0.0,0.5,0.0,0.5,0.0,0.0,RandomForest,956,0.753,2826
3,0,3,0.0,0.5,0.0,0.5,0.0,0.0,LightGBM,956,0.116,2826
3,0,3,0.0,0.5,0.0,0.5,0.0,0.0,XGBoost,956,0.867,2826
3,0,3,0.0,0.5,0.0,0.5,0.0,0.0,CatBoost,956,0.818,2826
6,2,4,0.7071067811865476,0.875,0.8333333333333333,0.875,0.8,0.8660254037844386,RandomForest,958,0.753,2829
6,2,4,0.31622776601683794,1.0,1.0,0.625,0.5714285714285714,0.5,LightGBM,958,0.1,2829
6,2,4,1.0,1.0,1.0,1.0,1.0,1.0,XGBoost,958,0.867,2829
6,2,4,0.7071067811865476,1.0,1.0,0.875,0.8,0.8660254037844386,CatBoost,958,0.818,2829
2,0,2,0.0,0.5,0.0,0.5,0.0,0.0,RandomForest,960,0.753,2835
2,0,2,0.0,0.5,0.0,0.5,0.0,0.0,LightGBM,960,0.1,2835
2,0,2,0.0,0.5,0.0,0.5,0.0,0.0,XGBoost,960,0.867,2835
2,0,2,0.0,0.5,0.0,0.5,0.0,0.0,CatBoost,960,0.818,2835
2,0,2,0.0,0.5,0.0,0.5,0.0,0.0,RandomForest,962,0.753,2837
2,0,2,0.0,0.5,0.0,0.5,0.0,0.0,LightGBM,962,0.1,2837
2,0,2,0.0,0.5,0.0,0.5,0.0,0.0,XGBoost,962,0.867,2837
2,0,2,0.0,0.5,0.0,0.5,0.0,0.0,CatBoost,962,0.818,2837
1,1,0,0.0,0.5,1.0,0.5,0.0,0.0,RandomForest,968,0.753,2839
1,1,0,0.0,0.5,1.0,0.5,0.0,0.0,LightGBM,968,0.72,2839
1,1,0,0.0,0.5,1.0,0.5,0.0,0.0,XGBoost,968,0.867,2839
1,1,0,0.0,0.5,1.0,0.5,0.0,0.0,CatBoost,968,0.818,2839
3,0,3,0.0,0.5,0.0,0.5,0.0,0.0,RandomForest,974,0.753,2840
3,0,3,0.0,0.5,0.0,0.5,0.0,0.0,LightGBM,974,0.72,2840
3,0,3,0.0,0.5,0.0,0.5,0.0,0.0,XGBoost,974,0.867,2840
3,0,3,0.0,0.5,0.0,0.5,0.0,0.0,CatBoost,974,0.818,2840
1,1,0,0.0,0.5,1.0,0.5,0.0,0.0,RandomForest,977,0.753,2843
1,1,0,0.0,0.5,1.0,0.5,0.0,0.0,LightGBM,977,0.72,2843
1,1,0,0.0,0.5,1.0,0.5,0.0,0.0,XGBoost,977,0.867,2843
1,1,0,0.0,0.5,1.0,0.5,0.0,0.0,CatBoost,977,0.818,2843
3,1,2,0.0,0.0,0.3333333333333333,0.5,0.0,0.0,RandomForest,981,0.753,2844
3,1,2,0.0,0.0,0.3333333333333333,0.5,0.0,0.0,LightGBM,981,0.72,2844
3,1,2,0.0,0.0,0.3333333333333333,0.5,0.0,0.0,XGBoost,981,0.867,2844
3,1,2,0.0,0.0,0.3333333333333333,0.5,0.0,0.0,CatBoost,981,0.818,2844
6,3,3,0.7071067811865476,0.6666666666666666,0.8333333333333333,0.8333333333333333,0.8,0.816496580927726,RandomForest,984,0.753,2847
6,3,3,0.0,0.6666666666666667,0.7555555555555555,0.5,0.4,0.4714045207910317,LightGBM,984,0.72,2847
6,3,3,0.3333333333333333,0.5555555555555556,0.7222222222222222,0.6666666666666666,0.6666666666666666,0.6666666666666666,XGBoost,984,0.867,2847
6,3,3,0.7071067811865476,0.7777777777777778,0.8666666666666667,0.8333333333333333,0.8,0.816496580927726,CatBoost,984,0.818,2847
19,0,19,0.0,0.5,0.0,0.5,0.0,0.0,RandomForest,990,0.753,2853
19,0,19,0.0,0.5,0.0,0.5,0.0,0.0,LightGBM,990,0.476,2853
19,0,19,0.0,0.5,0.0,0.5,0.0,0.0,XGBoost,990,0.867,2853
19,0,19,0.0,0.5,0.0,0.5,0.0,0.0,CatBoost,990,0.818,2853
