n,n_pos,n_neg,mcc,auc_roc,pr_auc,balanced_acc,f1,gmean,model,Revision,threshold,train_size,TP,TN,FP,FN,sensitivity,specificity
14,0,14,0.0,0.5,0.0,0.5,0.0,0.0,RandomForest,163,0.5,41,,,,,,
14,0,14,0.0,0.5,0.0,0.5,0.0,0.0,LightGBM,163,0.5,41,,,,,,
14,0,14,0.0,0.5,0.0,0.5,0.0,0.0,XGBoost,163,0.5,41,,,,,,
14,0,14,0.0,0.5,0.0,0.5,0.0,0.0,CatBoost,163,0.5,41,,,,,,
8,0,8,0.0,0.5,0.0,0.5,0.0,0.0,RandomForest,187,0.5,55,,,,,,
8,0,8,0.0,0.5,0.0,0.5,0.0,0.0,LightGBM,187,0.5,55,,,,,,
8,0,8,0.0,0.5,0.0,0.5,0.0,0.0,XGBoost,187,0.5,55,,,,,,
8,0,8,0.0,0.5,0.0,0.5,0.0,0.0,CatBoost,187,0.5,55,,,,,,
10,0,10,0.0,0.5,0.0,0.5,0.0,0.0,RandomForest,190,0.5,63,,,,,,
10,0,10,0.0,0.5,0.0,0.5,0.0,0.0,LightGBM,190,0.5,63,,,,,,
10,0,10,0.0,0.5,0.0,0.5,0.0,0.0,XGBoost,190,0.5,63,,,,,,
10,0,10,0.0,0.5,0.0,0.5,0.0,0.0,CatBoost,190,0.5,63,,,,,,
2,0,2,0.0,0.5,0.0,0.5,0.0,0.0,RandomForest,200,0.5,73,,,,,,
2,0,2,0.0,0.5,0.0,0.5,0.0,0.0,LightGBM,200,0.5,73,,,,,,
2,0,2,0.0,0.5,0.0,0.5,0.0,0.0,XGBoost,200,0.5,73,,,,,,
2,0,2,0.0,0.5,0.0,0.5,0.0,0.0,CatBoost,200,0.5,73,,,,,,
1,1,0,0.0,0.5,1.0,0.5,0.0,0.0,RandomForest,201,0.5,75,,,,,,
1,1,0,0.0,0.5,1.0,0.5,0.0,0.0,LightGBM,201,0.5,75,,,,,,
1,1,0,0.0,0.5,1.0,0.5,0.0,0.0,XGBoost,201,0.5,75,,,,,,
1,1,0,0.0,0.5,1.0,0.5,0.0,0.0,CatBoost,201,0.5,75,,,,,,
3,0,3,0.0,0.5,0.0,0.5,0.0,0.0,RandomForest,218,0.345,76,,,,,,
3,0,3,0.0,0.5,0.0,0.5,0.0,0.0,LightGBM,218,0.149,76,,,,,,
3,0,3,0.0,0.5,0.0,0.5,0.0,0.0,XGBoost,218,0.835,76,,,,,,
3,0,3,0.0,0.5,0.0,0.5,0.0,0.0,CatBoost,218,0.133,76,,,,,,
1,0,1,0.0,0.5,0.0,0.5,0.0,0.0,RandomForest,258,0.345,79,,,,,,
1,0,1,0.0,0.5,0.0,0.5,0.0,0.0,LightGBM,258,0.149,79,,,,,,
1,0,1,0.0,0.5,0.0,0.5,0.0,0.0,XGBoost,258,0.835,79,,,,,,
1,0,1,0.0,0.5,0.0,0.5,0.0,0.0,CatBoost,258,0.133,79,,,,,,
2,1,1,0.0,1.0,1.0,0.5,0.6666666666666666,0.0,RandomForest,259,0.345,80,1.0,0.0,1.0,0.0,1.0,0.0
2,1,1,0.0,1.0,1.0,0.5,0.0,0.0,LightGBM,259,0.165,80,0.0,1.0,0.0,1.0,0.0,1.0
2,1,1,0.0,1.0,1.0,0.5,0.0,0.0,XGBoost,259,0.835,80,0.0,1.0,0.0,1.0,0.0,1.0
2,1,1,1.0,1.0,1.0,1.0,1.0,1.0,CatBoost,259,0.133,80,1.0,1.0,0.0,0.0,1.0,1.0
2,1,1,0.0,1.0,1.0,0.5,0.6666666666666666,0.0,RandomForest,260,0.345,82,1.0,0.0,1.0,0.0,1.0,0.0
2,1,1,1.0,1.0,1.0,1.0,1.0,1.0,LightGBM,260,0.165,82,1.0,1.0,0.0,0.0,1.0,1.0
2,1,1,0.0,1.0,1.0,0.5,0.6666666666666666,0.0,XGBoost,260,0.541,82,1.0,0.0,1.0,0.0,1.0,0.0
2,1,1,0.0,0.0,0.5,0.5,0.6666666666666666,0.0,CatBoost,260,0.133,82,1.0,0.0,1.0,0.0,1.0,0.0
5,4,1,0.6123724356957946,1.0,1.0,0.875,0.8571428571428571,0.8660254037844386,RandomForest,267,0.459,84,3.0,1.0,0.0,1.0,0.75,1.0
5,4,1,0.4082482904638631,1.0,1.0,0.75,0.6666666666666666,0.7071067811865476,LightGBM,267,0.165,84,2.0,1.0,0.0,2.0,0.5,1.0
5,4,1,0.0,0.5,0.8875,0.5,0.0,0.0,XGBoost,267,0.9,84,0.0,1.0,0.0,4.0,0.0,1.0
5,4,1,-0.25,0.75,0.95,0.375,0.75,0.0,CatBoost,267,0.133,84,3.0,0.0,1.0,1.0,0.75,0.0
13,0,13,0.0,0.5,0.0,0.5,0.0,0.0,RandomForest,273,0.459,89,,,,,,
13,0,13,0.0,0.5,0.0,0.5,0.0,0.0,LightGBM,273,0.165,89,,,,,,
13,0,13,0.0,0.5,0.0,0.5,0.0,0.0,XGBoost,273,0.149,89,,,,,,
13,0,13,0.0,0.5,0.0,0.5,0.0,0.0,CatBoost,273,0.133,89,,,,,,
1,1,0,0.0,0.5,1.0,0.5,0.0,0.0,RandomForest,274,0.459,102,,,,,,
1,1,0,0.0,0.5,1.0,0.5,0.0,0.0,LightGBM,274,0.165,102,,,,,,
1,1,0,0.0,0.5,1.0,0.5,0.0,0.0,XGBoost,274,0.165,102,,,,,,
1,1,0,0.0,0.5,1.0,0.5,0.0,0.0,CatBoost,274,0.149,102,,,,,,
12,10,2,0.7745966692414834,1.0,0.9999999999999999,0.95,0.9473684210526315,0.9486832980505138,RandomForest,282,0.459,103,9.0,2.0,0.0,1.0,0.9,1.0
12,10,2,0.7745966692414834,1.0,0.9999999999999999,0.95,0.9473684210526315,0.9486832980505138,LightGBM,282,0.165,103,9.0,2.0,0.0,1.0,0.9,1.0
12,10,2,1.0,1.0,1.0,1.0,1.0,1.0,XGBoost,282,0.165,103,10.0,2.0,0.0,0.0,1.0,1.0
12,10,2,1.0,1.0,0.9999999999999999,1.0,1.0,1.0,CatBoost,282,0.149,103,10.0,2.0,0.0,0.0,1.0,1.0
1,0,1,0.0,0.5,0.0,0.5,0.0,0.0,RandomForest,289,0.459,115,,,,,,
1,0,1,0.0,0.5,0.0,0.5,0.0,0.0,LightGBM,289,0.802,115,,,,,,
1,0,1,0.0,0.5,0.0,0.5,0.0,0.0,XGBoost,289,0.263,115,,,,,,
1,0,1,0.0,0.5,0.0,0.5,0.0,0.0,CatBoost,289,0.149,115,,,,,,
3,1,2,0.0,1.0,1.0,0.5,0.0,0.0,RandomForest,331,0.459,116,0.0,2.0,0.0,1.0,0.0,1.0
3,1,2,0.0,1.0,1.0,0.5,0.0,0.0,LightGBM,331,0.802,116,0.0,2.0,0.0,1.0,0.0,1.0
3,1,2,0.0,1.0,1.0,0.5,0.0,0.0,XGBoost,331,0.345,116,0.0,2.0,0.0,1.0,0.0,1.0
3,1,2,0.0,1.0,1.0,0.5,0.0,0.0,CatBoost,331,0.149,116,0.0,2.0,0.0,1.0,0.0,1.0
11,2,9,0.0,0.888888888888889,0.5833333333333333,0.5,0.0,0.0,RandomForest,333,0.459,119,0.0,9.0,0.0,2.0,0.0,1.0
11,2,9,0.0,0.888888888888889,0.5833333333333333,0.5,0.0,0.0,LightGBM,333,0.802,119,0.0,9.0,0.0,2.0,0.0,1.0
11,2,9,0.0,0.888888888888889,0.5833333333333333,0.5,0.0,0.0,XGBoost,333,0.345,119,0.0,9.0,0.0,2.0,0.0,1.0
11,2,9,0.0,0.888888888888889,0.75,0.5,0.0,0.0,CatBoost,333,0.149,119,0.0,9.0,0.0,2.0,0.0,1.0
1,1,0,0.0,0.5,1.0,0.5,0.0,0.0,RandomForest,338,0.459,130,,,,,,
1,1,0,0.0,0.5,1.0,0.5,0.0,0.0,LightGBM,338,0.802,130,,,,,,
1,1,0,0.0,0.5,1.0,0.5,0.0,0.0,XGBoost,338,0.737,130,,,,,,
1,1,0,0.0,0.5,1.0,0.5,0.0,0.0,CatBoost,338,0.149,130,,,,,,
3,0,3,0.0,0.5,0.0,0.5,0.0,0.0,RandomForest,345,0.459,131,,,,,,
3,0,3,0.0,0.5,0.0,0.5,0.0,0.0,LightGBM,345,0.165,131,,,,,,
3,0,3,0.0,0.5,0.0,0.5,0.0,0.0,XGBoost,345,0.345,131,,,,,,
3,0,3,0.0,0.5,0.0,0.5,0.0,0.0,CatBoost,345,0.149,131,,,,,,
12,2,10,0.4,0.9,0.5833333333333333,0.7,0.5,0.6708203932499369,RandomForest,346,0.459,134,1.0,9.0,1.0,1.0,0.5,0.9
12,2,10,0.674199862463242,0.8,0.6666666666666666,0.75,0.6666666666666666,0.7071067811865476,LightGBM,346,0.165,134,1.0,10.0,0.0,1.0,0.5,1.0
12,2,10,0.0,0.9,0.5833333333333333,0.5,0.0,0.0,XGBoost,346,0.737,134,0.0,10.0,0.0,2.0,0.0,1.0
12,2,10,0.0,0.9500000000000001,0.8333333333333333,0.5,0.0,0.0,CatBoost,346,0.802,134,0.0,10.0,0.0,2.0,0.0,1.0
6,1,5,0.0,0.6,0.3333333333333333,0.5,0.0,0.0,RandomForest,374,0.459,146,0.0,5.0,0.0,1.0,0.0,1.0
6,1,5,-0.2,0.6,0.3333333333333333,0.4,0.0,0.0,LightGBM,374,0.165,146,0.0,4.0,1.0,1.0,0.0,0.8
6,1,5,-0.31622776601683794,0.6,0.3333333333333333,0.3,0.0,0.0,XGBoost,374,0.345,146,0.0,3.0,2.0,1.0,0.0,0.6
6,1,5,-0.2,0.6,0.3333333333333333,0.4,0.0,0.0,CatBoost,374,0.802,146,0.0,4.0,1.0,1.0,0.0,0.8
1,1,0,0.0,0.5,1.0,0.5,0.0,0.0,RandomForest,377,0.459,152,,,,,,
1,1,0,0.0,0.5,1.0,0.5,0.0,0.0,LightGBM,377,0.165,152,,,,,,
1,1,0,0.0,0.5,1.0,0.5,0.0,0.0,XGBoost,377,0.361,152,,,,,,
1,1,0,0.0,0.5,1.0,0.5,0.0,0.0,CatBoost,377,0.149,152,,,,,,
3,1,2,1.0,1.0,1.0,1.0,1.0,1.0,RandomForest,380,0.459,153,1.0,2.0,0.0,0.0,1.0,1.0
3,1,2,1.0,1.0,1.0,1.0,1.0,1.0,LightGBM,380,0.165,153,1.0,2.0,0.0,0.0,1.0,1.0
3,1,2,1.0,1.0,1.0,1.0,1.0,1.0,XGBoost,380,0.361,153,1.0,2.0,0.0,0.0,1.0,1.0
3,1,2,1.0,1.0,1.0,1.0,1.0,1.0,CatBoost,380,0.149,153,1.0,2.0,0.0,0.0,1.0,1.0
1,1,0,0.0,0.5,1.0,0.5,0.0,0.0,RandomForest,381,0.459,156,,,,,,
1,1,0,0.0,0.5,1.0,0.5,0.0,0.0,LightGBM,381,0.165,156,,,,,,
1,1,0,0.0,0.5,1.0,0.5,0.0,0.0,XGBoost,381,0.737,156,,,,,,
1,1,0,0.0,0.5,1.0,0.5,0.0,0.0,CatBoost,381,0.149,156,,,,,,
2,1,1,1.0,1.0,1.0,1.0,1.0,1.0,RandomForest,386,0.459,157,1.0,1.0,0.0,0.0,1.0,1.0
2,1,1,1.0,1.0,1.0,1.0,1.0,1.0,LightGBM,386,0.165,157,1.0,1.0,0.0,0.0,1.0,1.0
2,1,1,0.0,1.0,1.0,0.5,0.0,0.0,XGBoost,386,0.737,157,0.0,1.0,0.0,1.0,0.0,1.0
2,1,1,1.0,1.0,1.0,1.0,1.0,1.0,CatBoost,386,0.149,157,1.0,1.0,0.0,0.0,1.0,1.0
2,2,0,0.0,0.5,1.0,0.5,0.0,0.0,RandomForest,390,0.459,159,,,,,,
2,2,0,0.0,0.5,1.0,0.5,0.0,0.0,LightGBM,390,0.165,159,,,,,,
2,2,0,0.0,0.5,1.0,0.5,0.0,0.0,XGBoost,390,0.361,159,,,,,,
2,2,0,0.0,0.5,1.0,0.5,0.0,0.0,CatBoost,390,0.149,159,,,,,,
2,2,0,0.0,0.5,1.0,0.5,0.0,0.0,RandomForest,391,0.459,161,,,,,,
2,2,0,0.0,0.5,1.0,0.5,0.0,0.0,LightGBM,391,0.165,161,,,,,,
2,2,0,0.0,0.5,1.0,0.5,0.0,0.0,XGBoost,391,0.361,161,,,,,,
2,2,0,0.0,0.5,1.0,0.5,0.0,0.0,CatBoost,391,0.149,161,,,,,,
1,1,0,0.0,0.5,1.0,0.5,0.0,0.0,RandomForest,393,0.459,163,,,,,,
1,1,0,0.0,0.5,1.0,0.5,0.0,0.0,LightGBM,393,0.165,163,,,,,,
1,1,0,0.0,0.5,1.0,0.5,0.0,0.0,XGBoost,393,0.361,163,,,,,,
1,1,0,0.0,0.5,1.0,0.5,0.0,0.0,CatBoost,393,0.149,163,,,,,,
2,2,0,0.0,0.5,1.0,0.5,0.0,0.0,RandomForest,400,0.459,164,,,,,,
2,2,0,0.0,0.5,1.0,0.5,0.0,0.0,LightGBM,400,0.165,164,,,,,,
2,2,0,0.0,0.5,1.0,0.5,0.0,0.0,XGBoost,400,0.361,164,,,,,,
2,2,0,0.0,0.5,1.0,0.5,0.0,0.0,CatBoost,400,0.149,164,,,,,,
1,1,0,0.0,0.5,1.0,0.5,0.0,0.0,RandomForest,402,0.459,166,,,,,,
1,1,0,0.0,0.5,1.0,0.5,0.0,0.0,LightGBM,402,0.165,166,,,,,,
1,1,0,0.0,0.5,1.0,0.5,0.0,0.0,XGBoost,402,0.361,166,,,,,,
1,1,0,0.0,0.5,1.0,0.5,0.0,0.0,CatBoost,402,0.149,166,,,,,,
3,0,3,0.0,0.5,0.0,0.5,0.0,0.0,RandomForest,417,0.459,167,,,,,,
3,0,3,0.0,0.5,0.0,0.5,0.0,0.0,LightGBM,417,0.165,167,,,,,,
3,0,3,0.0,0.5,0.0,0.5,0.0,0.0,XGBoost,417,0.361,167,,,,,,
3,0,3,0.0,0.5,0.0,0.5,0.0,0.0,CatBoost,417,0.802,167,,,,,,
3,0,3,0.0,0.5,0.0,0.5,0.0,0.0,RandomForest,420,0.459,170,,,,,,
3,0,3,0.0,0.5,0.0,0.5,0.0,0.0,LightGBM,420,0.165,170,,,,,,
3,0,3,0.0,0.5,0.0,0.5,0.0,0.0,XGBoost,420,0.361,170,,,,,,
3,0,3,0.0,0.5,0.0,0.5,0.0,0.0,CatBoost,420,0.802,170,,,,,,
1,0,1,0.0,0.5,0.0,0.5,0.0,0.0,RandomForest,423,0.459,173,,,,,,
1,0,1,0.0,0.5,0.0,0.5,0.0,0.0,LightGBM,423,0.165,173,,,,,,
1,0,1,0.0,0.5,0.0,0.5,0.0,0.0,XGBoost,423,0.361,173,,,,,,
1,0,1,0.0,0.5,0.0,0.5,0.0,0.0,CatBoost,423,0.541,173,,,,,,
3,0,3,0.0,0.5,0.0,0.5,0.0,0.0,RandomForest,424,0.459,174,,,,,,
3,0,3,0.0,0.5,0.0,0.5,0.0,0.0,LightGBM,424,0.165,174,,,,,,
3,0,3,0.0,0.5,0.0,0.5,0.0,0.0,XGBoost,424,0.361,174,,,,,,
3,0,3,0.0,0.5,0.0,0.5,0.0,0.0,CatBoost,424,0.541,174,,,,,,
1,1,0,0.0,0.5,1.0,0.5,0.0,0.0,RandomForest,425,0.459,177,,,,,,
1,1,0,0.0,0.5,1.0,0.5,0.0,0.0,LightGBM,425,0.165,177,,,,,,
1,1,0,0.0,0.5,1.0,0.5,0.0,0.0,XGBoost,425,0.361,177,,,,,,
1,1,0,0.0,0.5,1.0,0.5,0.0,0.0,CatBoost,425,0.541,177,,,,,,
104,0,104,0.0,0.5,0.0,0.5,0.0,0.0,RandomForest,443,0.459,178,,,,,,
104,0,104,0.0,0.5,0.0,0.5,0.0,0.0,LightGBM,443,0.165,178,,,,,,
104,0,104,0.0,0.5,0.0,0.5,0.0,0.0,XGBoost,443,0.361,178,,,,,,
104,0,104,0.0,0.5,0.0,0.5,0.0,0.0,CatBoost,443,0.802,178,,,,,,
1,1,0,0.0,0.5,1.0,0.5,0.0,0.0,RandomForest,455,0.476,282,,,,,,
1,1,0,0.0,0.5,1.0,0.5,0.0,0.0,LightGBM,455,0.443,282,,,,,,
1,1,0,0.0,0.5,1.0,0.5,0.0,0.0,XGBoost,455,0.737,282,,,,,,
1,1,0,0.0,0.5,1.0,0.5,0.0,0.0,CatBoost,455,0.818,282,,,,,,
5,3,2,0.6123724356957946,0.6666666666666666,0.8055555555555556,0.75,0.8571428571428571,0.7071067811865476,RandomForest,461,0.476,283,3.0,1.0,1.0,0.0,1.0,0.5
5,3,2,0.6123724356957946,0.6666666666666666,0.8055555555555556,0.75,0.8571428571428571,0.7071067811865476,LightGBM,461,0.443,283,3.0,1.0,1.0,0.0,1.0,0.5
5,3,2,0.16666666666666666,0.6666666666666666,0.8055555555555556,0.5833333333333333,0.6666666666666666,0.5773502691896257,XGBoost,461,0.737,283,2.0,1.0,1.0,1.0,0.6667,0.5
5,3,2,0.6123724356957946,1.0,1.0,0.75,0.8571428571428571,0.7071067811865476,CatBoost,461,0.818,283,3.0,1.0,1.0,0.0,1.0,0.5
2,2,0,0.0,0.5,1.0,0.5,0.0,0.0,RandomForest,467,0.492,288,,,,,,
2,2,0,0.0,0.5,1.0,0.5,0.0,0.0,LightGBM,467,0.443,288,,,,,,
2,2,0,0.0,0.5,1.0,0.5,0.0,0.0,XGBoost,467,0.737,288,,,,,,
2,2,0,0.0,0.5,1.0,0.5,0.0,0.0,CatBoost,467,0.818,288,,,,,,
18,1,17,0.24253562503633297,0.9411764705882353,0.5,0.7647058823529411,0.2,0.7276068751089989,RandomForest,468,0.492,290,1.0,9.0,8.0,0.0,1.0,0.5294
18,1,17,0.2711630722733202,0.7647058823529411,0.2,0.7941176470588236,0.2222222222222222,0.7669649888473704,LightGBM,468,0.443,290,1.0,10.0,7.0,0.0,1.0,0.5882
18,1,17,0.2711630722733202,0.9411764705882353,0.5,0.7941176470588236,0.2222222222222222,0.7669649888473704,XGBoost,468,0.737,290,1.0,10.0,7.0,0.0,1.0,0.5882
18,1,17,0.39107694443752145,1.0,1.0,0.8823529411764706,0.3333333333333333,0.8744746321952062,CatBoost,468,0.818,290,1.0,13.0,4.0,0.0,1.0,0.7647
1,1,0,0.0,0.5,1.0,0.5,0.0,0.0,RandomForest,469,0.492,308,,,,,,
1,1,0,0.0,0.5,1.0,0.5,0.0,0.0,LightGBM,469,0.443,308,,,,,,
1,1,0,0.0,0.5,1.0,0.5,0.0,0.0,XGBoost,469,0.361,308,,,,,,
1,1,0,0.0,0.5,1.0,0.5,0.0,0.0,CatBoost,469,0.818,308,,,,,,
22,2,20,0.0,0.625,0.3125,0.5,0.0,0.0,RandomForest,470,0.492,309,0.0,20.0,0.0,2.0,0.0,1.0
22,2,20,0.0,0.875,0.3666666666666667,0.5,0.0,0.0,LightGBM,470,0.443,309,0.0,20.0,0.0,2.0,0.0,1.0
22,2,20,0.0,0.675,0.19090909090909092,0.5,0.0,0.0,XGBoost,470,0.361,309,0.0,20.0,0.0,2.0,0.0,1.0
22,2,20,0.0,0.625,0.19642857142857142,0.5,0.0,0.0,CatBoost,470,0.818,309,0.0,20.0,0.0,2.0,0.0,1.0
3,1,2,-0.5,0.5,0.5,0.25,0.0,0.0,RandomForest,474,0.492,331,0.0,1.0,1.0,1.0,0.0,0.5
3,1,2,-0.5,0.0,0.3333333333333333,0.25,0.0,0.0,LightGBM,474,0.443,331,0.0,1.0,1.0,1.0,0.0,0.5
3,1,2,0.0,0.0,0.3333333333333333,0.5,0.0,0.0,XGBoost,474,0.524,331,0.0,2.0,0.0,1.0,0.0,1.0
3,1,2,0.0,0.0,0.3333333333333333,0.5,0.0,0.0,CatBoost,474,0.818,331,0.0,2.0,0.0,1.0,0.0,1.0
77,1,76,0.2969139517382807,0.9736842105263158,0.3333333333333333,0.9407894736842105,0.18181818181818182,0.9389243565742775,RandomForest,475,0.361,334,1.0,67.0,9.0,0.0,1.0,0.8816
77,1,76,0.3627381250550058,0.9473684210526315,0.2,0.9605263157894737,0.25,0.9597148699373931,LightGBM,475,0.508,334,1.0,70.0,6.0,0.0,1.0,0.9211
77,1,76,0.3945906161909643,0.9473684210526316,0.2,0.9671052631578947,0.2857142857142857,0.9665456669582609,XGBoost,475,0.524,334,1.0,71.0,5.0,0.0,1.0,0.9342
77,1,76,0.4900322223562124,0.9605263157894737,0.25,0.9802631578947368,0.4,0.9800644447124248,CatBoost,475,0.818,334,1.0,73.0,3.0,0.0,1.0,0.9605
23,3,20,0.23333333333333334,0.9,0.4777777777777778,0.6166666666666667,0.3333333333333333,0.5477225575051661,RandomForest,476,0.361,411,1.0,18.0,2.0,2.0,0.3333,0.9
23,3,20,0.0,0.8666666666666666,0.41111111111111115,0.5,0.0,0.0,LightGBM,476,0.9,411,0.0,20.0,0.0,3.0,0.0,1.0
23,3,20,0.0,0.9166666666666667,0.5333333333333333,0.5,0.0,0.0,XGBoost,476,0.524,411,0.0,20.0,0.0,3.0,0.0,1.0
23,3,20,0.0,0.9500000000000001,0.7555555555555555,0.5,0.0,0.0,CatBoost,476,0.818,411,0.0,20.0,0.0,3.0,0.0,1.0
26,0,26,0.0,0.5,0.0,0.5,0.0,0.0,RandomForest,477,0.345,434,,,,,,
26,0,26,0.0,0.5,0.0,0.5,0.0,0.0,LightGBM,477,0.867,434,,,,,,
26,0,26,0.0,0.5,0.0,0.5,0.0,0.0,XGBoost,477,0.361,434,,,,,,
26,0,26,0.0,0.5,0.0,0.5,0.0,0.0,CatBoost,477,0.802,434,,,,,,
2,0,2,0.0,0.5,0.0,0.5,0.0,0.0,RandomForest,479,0.345,460,,,,,,
2,0,2,0.0,0.5,0.0,0.5,0.0,0.0,LightGBM,479,0.867,460,,,,,,
2,0,2,0.0,0.5,0.0,0.5,0.0,0.0,XGBoost,479,0.361,460,,,,,,
2,0,2,0.0,0.5,0.0,0.5,0.0,0.0,CatBoost,479,0.867,460,,,,,,
1,1,0,0.0,0.5,1.0,0.5,0.0,0.0,RandomForest,483,0.345,462,,,,,,
1,1,0,0.0,0.5,1.0,0.5,0.0,0.0,LightGBM,483,0.867,462,,,,,,
1,1,0,0.0,0.5,1.0,0.5,0.0,0.0,XGBoost,483,0.361,462,,,,,,
1,1,0,0.0,0.5,1.0,0.5,0.0,0.0,CatBoost,483,0.867,462,,,,,,
2,2,0,0.0,0.5,1.0,0.5,0.0,0.0,RandomForest,489,0.345,463,,,,,,
2,2,0,0.0,0.5,1.0,0.5,0.0,0.0,LightGBM,489,0.867,463,,,,,,
2,2,0,0.0,0.5,1.0,0.5,0.0,0.0,XGBoost,489,0.361,463,,,,,,
2,2,0,0.0,0.5,1.0,0.5,0.0,0.0,CatBoost,489,0.867,463,,,,,,
1,1,0,0.0,0.5,1.0,0.5,0.0,0.0,RandomForest,492,0.345,465,,,,,,
1,1,0,0.0,0.5,1.0,0.5,0.0,0.0,LightGBM,492,0.867,465,,,,,,
1,1,0,0.0,0.5,1.0,0.5,0.0,0.0,XGBoost,492,0.361,465,,,,,,
1,1,0,0.0,0.5,1.0,0.5,0.0,0.0,CatBoost,492,0.867,465,,,,,,
1,1,0,0.0,0.5,1.0,0.5,0.0,0.0,RandomForest,493,0.345,466,,,,,,
1,1,0,0.0,0.5,1.0,0.5,0.0,0.0,LightGBM,493,0.867,466,,,,,,
1,1,0,0.0,0.5,1.0,0.5,0.0,0.0,XGBoost,493,0.361,466,,,,,,
1,1,0,0.0,0.5,1.0,0.5,0.0,0.0,CatBoost,493,0.769,466,,,,,,
3,3,0,0.0,0.5,1.0,0.5,0.0,0.0,RandomForest,523,0.345,467,,,,,,
3,3,0,0.0,0.5,1.0,0.5,0.0,0.0,LightGBM,523,0.737,467,,,,,,
3,3,0,0.0,0.5,1.0,0.5,0.0,0.0,XGBoost,523,0.361,467,,,,,,
3,3,0,0.0,0.5,1.0,0.5,0.0,0.0,CatBoost,523,0.737,467,,,,,,
1,1,0,0.0,0.5,1.0,0.5,0.0,0.0,RandomForest,525,0.345,470,,,,,,
1,1,0,0.0,0.5,1.0,0.5,0.0,0.0,LightGBM,525,0.737,470,,,,,,
1,1,0,0.0,0.5,1.0,0.5,0.0,0.0,XGBoost,525,0.361,470,,,,,,
1,1,0,0.0,0.5,1.0,0.5,0.0,0.0,CatBoost,525,0.737,470,,,,,,
2,2,0,0.0,0.5,1.0,0.5,0.0,0.0,RandomForest,526,0.345,471,,,,,,
2,2,0,0.0,0.5,1.0,0.5,0.0,0.0,LightGBM,526,0.1,471,,,,,,
2,2,0,0.0,0.5,1.0,0.5,0.0,0.0,XGBoost,526,0.361,471,,,,,,
2,2,0,0.0,0.5,1.0,0.5,0.0,0.0,CatBoost,526,0.1,471,,,,,,
5,2,3,0.4082482904638631,0.6666666666666667,0.75,0.6666666666666666,0.6666666666666666,0.5773502691896257,RandomForest,529,0.345,473,2.0,1.0,2.0,0.0,1.0,0.3333
5,2,3,0.4082482904638631,0.6666666666666667,0.5833333333333333,0.6666666666666666,0.6666666666666666,0.5773502691896257,LightGBM,529,0.1,473,2.0,1.0,2.0,0.0,1.0,0.3333
5,2,3,0.4082482904638631,0.8333333333333334,0.8333333333333333,0.6666666666666666,0.6666666666666666,0.5773502691896257,XGBoost,529,0.361,473,2.0,1.0,2.0,0.0,1.0,0.3333
5,2,3,-0.16666666666666666,0.6666666666666667,0.75,0.41666666666666663,0.4,0.408248290463863,CatBoost,529,0.867,473,1.0,1.0,2.0,1.0,0.5,0.3333
4,3,1,0.3333333333333333,1.0,1.0,0.6666666666666666,0.5,0.5773502691896257,RandomForest,536,0.345,478,1.0,1.0,0.0,2.0,0.3333,1.0
4,3,1,0.0,1.0,1.0,0.5,0.0,0.0,LightGBM,536,0.1,478,0.0,1.0,0.0,3.0,0.0,1.0
4,3,1,0.0,0.6666666666666666,0.9166666666666665,0.5,0.0,0.0,XGBoost,536,0.361,478,0.0,1.0,0.0,3.0,0.0,1.0
4,3,1,0.3333333333333333,1.0,1.0,0.6666666666666666,0.5,0.5773502691896257,CatBoost,536,0.1,478,1.0,1.0,0.0,2.0,0.3333,1.0
1,1,0,0.0,0.5,1.0,0.5,0.0,0.0,RandomForest,544,0.345,482,,,,,,
1,1,0,0.0,0.5,1.0,0.5,0.0,0.0,LightGBM,544,0.1,482,,,,,,
1,1,0,0.0,0.5,1.0,0.5,0.0,0.0,XGBoost,544,0.361,482,,,,,,
1,1,0,0.0,0.5,1.0,0.5,0.0,0.0,CatBoost,544,0.1,482,,,,,,
1,1,0,0.0,0.5,1.0,0.5,0.0,0.0,RandomForest,557,0.345,483,,,,,,
1,1,0,0.0,0.5,1.0,0.5,0.0,0.0,LightGBM,557,0.1,483,,,,,,
1,1,0,0.0,0.5,1.0,0.5,0.0,0.0,XGBoost,557,0.361,483,,,,,,
1,1,0,0.0,0.5,1.0,0.5,0.0,0.0,CatBoost,557,0.1,483,,,,,,
2,2,0,0.0,0.5,1.0,0.5,0.0,0.0,RandomForest,568,0.345,484,,,,,,
2,2,0,0.0,0.5,1.0,0.5,0.0,0.0,LightGBM,568,0.1,484,,,,,,
2,2,0,0.0,0.5,1.0,0.5,0.0,0.0,XGBoost,568,0.361,484,,,,,,
2,2,0,0.0,0.5,1.0,0.5,0.0,0.0,CatBoost,568,0.1,484,,,,,,
1,1,0,0.0,0.5,1.0,0.5,0.0,0.0,RandomForest,571,0.345,486,,,,,,
1,1,0,0.0,0.5,1.0,0.5,0.0,0.0,LightGBM,571,0.1,486,,,,,,
1,1,0,0.0,0.5,1.0,0.5,0.0,0.0,XGBoost,571,0.361,486,,,,,,
1,1,0,0.0,0.5,1.0,0.5,0.0,0.0,CatBoost,571,0.1,486,,,,,,
22,4,18,0.769800358919501,0.9722222222222222,0.9166666666666666,0.9444444444444444,0.8,0.9428090415820634,RandomForest,574,0.345,487,4.0,16.0,2.0,0.0,1.0,0.8889
22,4,18,0.5665577237325317,0.9027777777777778,0.6678571428571429,0.8611111111111112,0.6153846153846154,0.8498365855987975,LightGBM,574,0.1,487,4.0,13.0,5.0,0.0,1.0,0.7222
22,4,18,0.6900655593423543,0.986111111111111,0.95,0.9166666666666667,0.7272727272727273,0.9128709291752769,XGBoost,574,0.361,487,4.0,15.0,3.0,0.0,1.0,0.8333
22,4,18,0.18731716231633883,0.9166666666666667,0.6916666666666667,0.5833333333333334,0.34782608695652173,0.408248290463863,CatBoost,574,0.1,487,4.0,3.0,15.0,0.0,1.0,0.1667
2,1,1,1.0,1.0,1.0,1.0,1.0,1.0,RandomForest,576,0.345,509,1.0,1.0,0.0,0.0,1.0,1.0
2,1,1,0.0,1.0,1.0,0.5,0.6666666666666666,0.0,LightGBM,576,0.1,509,1.0,0.0,1.0,0.0,1.0,0.0
2,1,1,1.0,1.0,1.0,1.0,1.0,1.0,XGBoost,576,0.361,509,1.0,1.0,0.0,0.0,1.0,1.0
2,1,1,0.0,1.0,1.0,0.5,0.6666666666666666,0.0,CatBoost,576,0.182,509,1.0,0.0,1.0,0.0,1.0,0.0
1,1,0,0.0,0.5,1.0,0.5,0.0,0.0,RandomForest,579,0.345,511,,,,,,
1,1,0,0.0,0.5,1.0,0.5,0.0,0.0,LightGBM,579,0.1,511,,,,,,
1,1,0,0.0,0.5,1.0,0.5,0.0,0.0,XGBoost,579,0.361,511,,,,,,
1,1,0,0.0,0.5,1.0,0.5,0.0,0.0,CatBoost,579,0.182,511,,,,,,
24,2,22,0.5222329678670935,0.9545454545454545,0.75,0.9090909090909092,0.5,0.9045340337332909,RandomForest,586,0.345,512,2.0,18.0,4.0,0.0,1.0,0.8182
24,2,22,0.674199862463242,0.9545454545454545,0.75,0.9545454545454546,0.6666666666666666,0.9534625892455924,LightGBM,586,0.1,512,2.0,20.0,2.0,0.0,1.0,0.9091
24,2,22,0.5222329678670935,0.9545454545454546,0.75,0.9090909090909092,0.5,0.9045340337332909,XGBoost,586,0.361,512,2.0,18.0,4.0,0.0,1.0,0.8182
24,2,22,0.42640143271122083,0.9318181818181818,0.7,0.8636363636363636,0.4,0.8528028654224418,CatBoost,586,0.182,512,2.0,16.0,6.0,0.0,1.0,0.7273
1,1,0,0.0,0.5,1.0,0.5,0.0,0.0,RandomForest,598,0.28,536,,,,,,
1,1,0,0.0,0.5,1.0,0.5,0.0,0.0,LightGBM,598,0.1,536,,,,,,
1,1,0,0.0,0.5,1.0,0.5,0.0,0.0,XGBoost,598,0.312,536,,,,,,
1,1,0,0.0,0.5,1.0,0.5,0.0,0.0,CatBoost,598,0.182,536,,,,,,
25,1,24,0.5527707983925666,1.0,1.0,0.9583333333333333,0.5,0.9574271077563381,RandomForest,630,0.28,537,1.0,22.0,2.0,0.0,1.0,0.9167
25,1,24,1.0,0.9999999999999999,1.0,1.0,1.0,1.0,LightGBM,630,0.1,537,1.0,24.0,0.0,0.0,1.0,1.0
25,1,24,0.6922186552431729,1.0,1.0,0.9791666666666667,0.6666666666666666,0.9789450103725609,XGBoost,630,0.312,537,1.0,23.0,1.0,0.0,1.0,0.9583
25,1,24,1.0,1.0,1.0,1.0,1.0,1.0,CatBoost,630,0.443,537,1.0,24.0,0.0,0.0,1.0,1.0
5,2,3,1.0,1.0,1.0,1.0,1.0,1.0,RandomForest,634,0.28,562,2.0,3.0,0.0,0.0,1.0,1.0
5,2,3,0.6123724356957946,0.5,0.7,0.75,0.6666666666666666,0.7071067811865476,LightGBM,634,0.1,562,1.0,3.0,0.0,1.0,0.5,1.0
5,2,3,0.6123724356957946,0.5,0.7,0.75,0.6666666666666666,0.7071067811865476,XGBoost,634,0.312,562,1.0,3.0,0.0,1.0,0.5,1.0
5,2,3,0.6123724356957946,1.0,1.0,0.75,0.6666666666666666,0.7071067811865476,CatBoost,634,0.443,562,1.0,3.0,0.0,1.0,0.5,1.0
8,1,7,0.6546536707079772,1.0,1.0,0.9285714285714286,0.6666666666666666,0.9258200997725514,RandomForest,635,0.28,567,1.0,6.0,1.0,0.0,1.0,0.8571
8,1,7,1.0,1.0,1.0,1.0,1.0,1.0,LightGBM,635,0.1,567,1.0,7.0,0.0,0.0,1.0,1.0
8,1,7,0.6546536707079772,0.8571428571428572,0.5,0.9285714285714286,0.6666666666666666,0.9258200997725514,XGBoost,635,0.312,567,1.0,6.0,1.0,0.0,1.0,0.8571
8,1,7,0.0,1.0,1.0,0.5,0.0,0.0,CatBoost,635,0.443,567,0.0,7.0,0.0,1.0,0.0,1.0
15,1,14,0.6813851438692469,1.0,1.0,0.9642857142857143,0.6666666666666666,0.9636241116594315,RandomForest,636,0.28,575,1.0,13.0,1.0,0.0,1.0,0.9286
15,1,14,0.5345224838248488,1.0,1.0,0.9285714285714286,0.5,0.9258200997725514,LightGBM,636,0.1,575,1.0,12.0,2.0,0.0,1.0,0.8571
15,1,14,1.0,1.0,1.0,1.0,1.0,1.0,XGBoost,636,0.312,575,1.0,14.0,0.0,0.0,1.0,1.0
15,1,14,1.0,1.0,1.0,1.0,1.0,1.0,CatBoost,636,0.41,575,1.0,14.0,0.0,0.0,1.0,1.0
14,1,13,1.0,1.0,1.0,1.0,1.0,1.0,RandomForest,637,0.28,590,1.0,13.0,0.0,0.0,1.0,1.0
14,1,13,0.0,0.9230769230769231,0.5,0.5,0.0,0.0,LightGBM,637,0.116,590,0.0,13.0,0.0,1.0,0.0,1.0
14,1,13,0.0,0.9230769230769231,0.5,0.5,0.0,0.0,XGBoost,637,0.312,590,0.0,13.0,0.0,1.0,0.0,1.0
14,1,13,0.0,0.9230769230769231,0.5,0.5,0.0,0.0,CatBoost,637,0.41,590,0.0,13.0,0.0,1.0,0.0,1.0
36,4,32,0.7905694150420948,0.984375,0.8875,0.96875,0.8,0.9682458365518543,RandomForest,644,0.28,604,4.0,30.0,2.0,0.0,1.0,0.9375
36,4,32,0.7905694150420948,0.9765625,0.8541666666666666,0.96875,0.8,0.9682458365518543,LightGBM,644,0.116,604,4.0,30.0,2.0,0.0,1.0,0.9375
36,4,32,0.7905694150420948,0.9765625,0.8541666666666666,0.96875,0.8,0.9682458365518543,XGBoost,644,0.312,604,4.0,30.0,2.0,0.0,1.0,0.9375
36,4,32,0.7905694150420948,0.9921875,0.95,0.96875,0.8,0.9682458365518543,CatBoost,644,0.41,604,4.0,30.0,2.0,0.0,1.0,0.9375
10,4,6,0.6666666666666666,1.0,1.0,0.8333333333333333,0.8,0.816496580927726,RandomForest,656,0.28,640,4.0,4.0,2.0,0.0,1.0,0.6667
10,4,6,0.6666666666666666,1.0,1.0,0.8333333333333333,0.8,0.816496580927726,LightGBM,656,0.116,640,4.0,4.0,2.0,0.0,1.0,0.6667
10,4,6,0.816496580927726,1.0,1.0,0.9166666666666667,0.8888888888888888,0.9128709291752769,XGBoost,656,0.312,640,4.0,5.0,1.0,0.0,1.0,0.8333
10,4,6,0.816496580927726,1.0,1.0,0.9166666666666667,0.8888888888888888,0.9128709291752769,CatBoost,656,0.41,640,4.0,5.0,1.0,0.0,1.0,0.8333
21,6,15,0.4472135954999579,1.0,1.0,0.7333333333333334,0.6,0.6831300510639732,RandomForest,657,0.28,650,6.0,7.0,8.0,0.0,1.0,0.4667
21,6,15,0.6633249580710799,0.9888888888888889,0.976190476190476,0.8666666666666667,0.75,0.8563488385776752,LightGBM,657,0.116,650,6.0,11.0,4.0,0.0,1.0,0.7333
21,6,15,0.6633249580710799,0.9777777777777779,0.9583333333333333,0.8666666666666667,0.75,0.8563488385776752,XGBoost,657,0.312,650,6.0,11.0,4.0,0.0,1.0,0.7333
21,6,15,0.7302967433402214,1.0,1.0,0.9,0.8,0.8944271909999159,CatBoost,657,0.41,650,6.0,12.0,3.0,0.0,1.0,0.8
36,3,33,0.6136964857512032,0.9393939393939393,0.6333333333333333,0.9393939393939394,0.6,0.937436866561092,RandomForest,658,0.345,671,3.0,29.0,4.0,0.0,1.0,0.8788
36,3,33,0.4601415057116587,0.9393939393939393,0.6333333333333333,0.7878787878787878,0.5,0.7784989441615229,LightGBM,658,0.116,671,2.0,30.0,3.0,1.0,0.6667,0.9091
36,3,33,0.2727272727272727,0.9191919191919192,0.44285714285714284,0.6363636363636364,0.3333333333333333,0.5595813731096785,XGBoost,658,0.427,671,1.0,31.0,2.0,2.0,0.3333,0.9394
36,3,33,0.4601415057116587,0.9393939393939393,0.6333333333333333,0.7878787878787878,0.5,0.7784989441615229,CatBoost,658,0.41,671,2.0,30.0,3.0,1.0,0.6667,0.9091
37,3,34,0.7514691493021795,0.9901960784313726,0.9166666666666665,0.9705882352941176,0.75,0.9701425001453319,RandomForest,659,0.427,707,3.0,32.0,2.0,0.0,1.0,0.9412
37,3,34,0.8531946884917816,1.0,1.0,0.9852941176470589,0.8571428571428571,0.985184366143778,LightGBM,659,0.116,707,3.0,33.0,1.0,0.0,1.0,0.9706
37,3,34,0.7514691493021795,1.0,1.0,0.9705882352941176,0.75,0.9701425001453319,XGBoost,659,0.427,707,3.0,32.0,2.0,0.0,1.0,0.9412
37,3,34,0.7514691493021795,1.0,1.0,0.9705882352941176,0.75,0.9701425001453319,CatBoost,659,0.345,707,3.0,32.0,2.0,0.0,1.0,0.9412
15,3,12,0.7844645405527361,1.0,1.0,0.8333333333333333,0.8,0.816496580927726,RandomForest,663,0.492,744,2.0,12.0,0.0,1.0,0.6667,1.0
15,3,12,0.7844645405527361,1.0,1.0,0.8333333333333333,0.8,0.816496580927726,LightGBM,663,0.72,744,2.0,12.0,0.0,1.0,0.6667,1.0
15,3,12,0.7844645405527361,1.0,1.0,0.8333333333333333,0.8,0.816496580927726,XGBoost,663,0.867,744,2.0,12.0,0.0,1.0,0.6667,1.0
15,3,12,0.7844645405527361,1.0,1.0,0.8333333333333333,0.8,0.816496580927726,CatBoost,663,0.557,744,2.0,12.0,0.0,1.0,0.6667,1.0
26,2,24,0.6928203230275508,0.9583333333333333,0.75,0.75,0.6666666666666666,0.7071067811865476,RandomForest,664,0.492,759,1.0,24.0,0.0,1.0,0.5,1.0
26,2,24,0.6928203230275508,0.9791666666666666,0.8333333333333333,0.75,0.6666666666666666,0.7071067811865476,LightGBM,664,0.72,759,1.0,24.0,0.0,1.0,0.5,1.0
26,2,24,0.6928203230275508,0.9791666666666667,0.8333333333333333,0.75,0.6666666666666666,0.7071067811865476,XGBoost,664,0.867,759,1.0,24.0,0.0,1.0,0.5,1.0
26,2,24,0.6928203230275508,0.9791666666666667,0.8333333333333333,0.75,0.6666666666666666,0.7071067811865476,CatBoost,664,0.557,759,1.0,24.0,0.0,1.0,0.5,1.0
9,0,9,0.0,0.5,0.0,0.5,0.0,0.0,RandomForest,666,0.443,785,,,,,,
9,0,9,0.0,0.5,0.0,0.5,0.0,0.0,LightGBM,666,0.72,785,,,,,,
9,0,9,0.0,0.5,0.0,0.5,0.0,0.0,XGBoost,666,0.867,785,,,,,,
9,0,9,0.0,0.5,0.0,0.5,0.0,0.0,CatBoost,666,0.557,785,,,,,,
1,1,0,0.0,0.5,1.0,0.5,0.0,0.0,RandomForest,667,0.443,794,,,,,,
1,1,0,0.0,0.5,1.0,0.5,0.0,0.0,LightGBM,667,0.72,794,,,,,,
1,1,0,0.0,0.5,1.0,0.5,0.0,0.0,XGBoost,667,0.867,794,,,,,,
1,1,0,0.0,0.5,1.0,0.5,0.0,0.0,CatBoost,667,0.557,794,,,,,,
1,1,0,0.0,0.5,1.0,0.5,0.0,0.0,RandomForest,668,0.443,795,,,,,,
1,1,0,0.0,0.5,1.0,0.5,0.0,0.0,LightGBM,668,0.72,795,,,,,,
1,1,0,0.0,0.5,1.0,0.5,0.0,0.0,XGBoost,668,0.671,795,,,,,,
1,1,0,0.0,0.5,1.0,0.5,0.0,0.0,CatBoost,668,0.557,795,,,,,,
1,1,0,0.0,0.5,1.0,0.5,0.0,0.0,RandomForest,669,0.443,796,,,,,,
1,1,0,0.0,0.5,1.0,0.5,0.0,0.0,LightGBM,669,0.72,796,,,,,,
1,1,0,0.0,0.5,1.0,0.5,0.0,0.0,XGBoost,669,0.671,796,,,,,,
1,1,0,0.0,0.5,1.0,0.5,0.0,0.0,CatBoost,669,0.557,796,,,,,,
2,2,0,0.0,0.5,1.0,0.5,0.0,0.0,RandomForest,670,0.443,797,,,,,,
2,2,0,0.0,0.5,1.0,0.5,0.0,0.0,LightGBM,670,0.72,797,,,,,,
2,2,0,0.0,0.5,1.0,0.5,0.0,0.0,XGBoost,670,0.671,797,,,,,,
2,2,0,0.0,0.5,1.0,0.5,0.0,0.0,CatBoost,670,0.557,797,,,,,,
3,2,1,0.0,1.0,1.0,0.5,0.8,0.0,RandomForest,672,0.443,799,2.0,0.0,1.0,0.0,1.0,0.0
3,2,1,0.0,1.0,1.0,0.5,0.8,0.0,LightGBM,672,0.72,799,2.0,0.0,1.0,0.0,1.0,0.0
3,2,1,0.0,0.5,0.8333333333333333,0.5,0.8,0.0,XGBoost,672,0.671,799,2.0,0.0,1.0,0.0,1.0,0.0
3,2,1,0.0,1.0,1.0,0.5,0.8,0.0,CatBoost,672,0.557,799,2.0,0.0,1.0,0.0,1.0,0.0
2,2,0,0.0,0.5,1.0,0.5,0.0,0.0,RandomForest,675,0.443,802,,,,,,
2,2,0,0.0,0.5,1.0,0.5,0.0,0.0,LightGBM,675,0.9,802,,,,,,
2,2,0,0.0,0.5,1.0,0.5,0.0,0.0,XGBoost,675,0.671,802,,,,,,
2,2,0,0.0,0.5,1.0,0.5,0.0,0.0,CatBoost,675,0.557,802,,,,,,
1,1,0,0.0,0.5,1.0,0.5,0.0,0.0,RandomForest,680,0.443,804,,,,,,
1,1,0,0.0,0.5,1.0,0.5,0.0,0.0,LightGBM,680,0.9,804,,,,,,
1,1,0,0.0,0.5,1.0,0.5,0.0,0.0,XGBoost,680,0.671,804,,,,,,
1,1,0,0.0,0.5,1.0,0.5,0.0,0.0,CatBoost,680,0.557,804,,,,,,
1,1,0,0.0,0.5,1.0,0.5,0.0,0.0,RandomForest,681,0.443,805,,,,,,
1,1,0,0.0,0.5,1.0,0.5,0.0,0.0,LightGBM,681,0.9,805,,,,,,
1,1,0,0.0,0.5,1.0,0.5,0.0,0.0,XGBoost,681,0.671,805,,,,,,
1,1,0,0.0,0.5,1.0,0.5,0.0,0.0,CatBoost,681,0.557,805,,,,,,
1,1,0,0.0,0.5,1.0,0.5,0.0,0.0,RandomForest,691,0.443,806,,,,,,
1,1,0,0.0,0.5,1.0,0.5,0.0,0.0,LightGBM,691,0.9,806,,,,,,
1,1,0,0.0,0.5,1.0,0.5,0.0,0.0,XGBoost,691,0.671,806,,,,,,
1,1,0,0.0,0.5,1.0,0.5,0.0,0.0,CatBoost,691,0.557,806,,,,,,
3,1,2,0.0,1.0,1.0,0.5,0.5,0.0,RandomForest,696,0.443,807,1.0,0.0,2.0,0.0,1.0,0.0
3,1,2,1.0,1.0,1.0,1.0,1.0,1.0,LightGBM,696,0.9,807,1.0,2.0,0.0,0.0,1.0,1.0
3,1,2,0.5,1.0,1.0,0.75,0.6666666666666666,0.7071067811865476,XGBoost,696,0.671,807,1.0,1.0,1.0,0.0,1.0,0.5
3,1,2,0.0,1.0,1.0,0.5,0.5,0.0,CatBoost,696,0.557,807,1.0,0.0,2.0,0.0,1.0,0.0
5,3,2,1.0,1.0,1.0,1.0,1.0,1.0,RandomForest,697,0.573,810,3.0,2.0,0.0,0.0,1.0,1.0
5,3,2,0.4082482904638631,1.0,1.0,0.6666666666666666,0.5,0.5773502691896257,LightGBM,697,0.9,810,1.0,2.0,0.0,2.0,0.3333,1.0
5,3,2,0.0,1.0,1.0,0.5,0.75,0.0,XGBoost,697,0.671,810,3.0,0.0,2.0,0.0,1.0,0.0
5,3,2,0.0,1.0,1.0,0.5,0.75,0.0,CatBoost,697,0.557,810,3.0,0.0,2.0,0.0,1.0,0.0
9,7,2,0.47809144373375745,0.8571428571428571,0.9682539682539683,0.7857142857142857,0.7272727272727273,0.7559289460184544,RandomForest,698,0.573,815,4.0,2.0,0.0,3.0,0.5714,1.0
9,7,2,0.5976143046671968,0.8571428571428571,0.9682539682539683,0.8571428571428572,0.8333333333333334,0.8451542547285166,LightGBM,698,0.263,815,5.0,2.0,0.0,2.0,0.7143,1.0
9,7,2,0.47809144373375745,0.8571428571428571,0.9682539682539683,0.7857142857142857,0.7272727272727273,0.7559289460184544,XGBoost,698,0.769,815,4.0,2.0,0.0,3.0,0.5714,1.0
9,7,2,0.5976143046671968,1.0,1.0,0.8571428571428572,0.8333333333333334,0.8451542547285166,CatBoost,698,0.557,815,5.0,2.0,0.0,2.0,0.7143,1.0
31,1,30,0.695221787153807,1.0,1.0,0.9833333333333334,0.6666666666666666,0.983192080250175,RandomForest,699,0.573,824,1.0,29.0,1.0,0.0,1.0,0.9667
31,1,30,0.695221787153807,1.0,1.0,0.9833333333333334,0.6666666666666666,0.983192080250175,LightGBM,699,0.263,824,1.0,29.0,1.0,0.0,1.0,0.9667
31,1,30,0.695221787153807,1.0,1.0,0.9833333333333334,0.6666666666666666,0.983192080250175,XGBoost,699,0.671,824,1.0,29.0,1.0,0.0,1.0,0.9667
31,1,30,0.695221787153807,1.0,1.0,0.9833333333333334,0.6666666666666666,0.983192080250175,CatBoost,699,0.524,824,1.0,29.0,1.0,0.0,1.0,0.9667
9,0,9,0.0,0.5,0.0,0.5,0.0,0.0,RandomForest,700,0.639,855,,,,,,
9,0,9,0.0,0.5,0.0,0.5,0.0,0.0,LightGBM,700,0.263,855,,,,,,
9,0,9,0.0,0.5,0.0,0.5,0.0,0.0,XGBoost,700,0.671,855,,,,,,
9,0,9,0.0,0.5,0.0,0.5,0.0,0.0,CatBoost,700,0.296,855,,,,,,
2,0,2,0.0,0.5,0.0,0.5,0.0,0.0,RandomForest,703,0.639,864,,,,,,
2,0,2,0.0,0.5,0.0,0.5,0.0,0.0,LightGBM,703,0.263,864,,,,,,
2,0,2,0.0,0.5,0.0,0.5,0.0,0.0,XGBoost,703,0.671,864,,,,,,
2,0,2,0.0,0.5,0.0,0.5,0.0,0.0,CatBoost,703,0.263,864,,,,,,
2,2,0,0.0,0.5,1.0,0.5,0.0,0.0,RandomForest,711,0.639,866,,,,,,
2,2,0,0.0,0.5,1.0,0.5,0.0,0.0,LightGBM,711,0.263,866,,,,,,
2,2,0,0.0,0.5,1.0,0.5,0.0,0.0,XGBoost,711,0.671,866,,,,,,
2,2,0,0.0,0.5,1.0,0.5,0.0,0.0,CatBoost,711,0.263,866,,,,,,
8,4,4,0.0,0.625,0.6916666666666667,0.5,0.6666666666666666,0.0,RandomForest,714,0.41,868,4.0,0.0,4.0,0.0,1.0,0.0
8,4,4,0.0,0.625,0.775,0.5,0.6,0.4330127018922193,LightGBM,714,0.263,868,3.0,1.0,3.0,1.0,0.75,0.25
8,4,4,0.0,0.75,0.8303571428571428,0.5,0.6,0.4330127018922193,XGBoost,714,0.671,868,3.0,1.0,3.0,1.0,0.75,0.25
8,4,4,0.0,0.5,0.65,0.5,0.6666666666666666,0.0,CatBoost,714,0.198,868,4.0,0.0,4.0,0.0,1.0,0.0
1,1,0,0.0,0.5,1.0,0.5,0.0,0.0,RandomForest,717,0.639,876,,,,,,
1,1,0,0.0,0.5,1.0,0.5,0.0,0.0,LightGBM,717,0.818,876,,,,,,
1,1,0,0.0,0.5,1.0,0.5,0.0,0.0,XGBoost,717,0.769,876,,,,,,
1,1,0,0.0,0.5,1.0,0.5,0.0,0.0,CatBoost,717,0.704,876,,,,,,
7,6,1,0.6454972243679028,1.0,1.0,0.9166666666666667,0.9090909090909091,0.9128709291752769,RandomForest,720,0.639,877,5.0,1.0,0.0,1.0,0.8333,1.0
7,6,1,0.6454972243679028,0.8333333333333334,0.976190476190476,0.9166666666666667,0.9090909090909091,0.9128709291752769,LightGBM,720,0.818,877,5.0,1.0,0.0,1.0,0.8333,1.0
7,6,1,0.47140452079103173,0.8333333333333334,0.976190476190476,0.8333333333333333,0.8,0.816496580927726,XGBoost,720,0.769,877,4.0,1.0,0.0,2.0,0.6667,1.0
7,6,1,0.6454972243679028,1.0,1.0,0.9166666666666667,0.9090909090909091,0.9128709291752769,CatBoost,720,0.704,877,5.0,1.0,0.0,1.0,0.8333,1.0
1,0,1,0.0,0.5,0.0,0.5,0.0,0.0,RandomForest,731,0.639,884,,,,,,
1,0,1,0.0,0.5,0.0,0.5,0.0,0.0,LightGBM,731,0.263,884,,,,,,
1,0,1,0.0,0.5,0.0,0.5,0.0,0.0,XGBoost,731,0.247,884,,,,,,
1,0,1,0.0,0.5,0.0,0.5,0.0,0.0,CatBoost,731,0.786,884,,,,,,
1,1,0,0.0,0.5,1.0,0.5,0.0,0.0,RandomForest,732,0.639,885,,,,,,
1,1,0,0.0,0.5,1.0,0.5,0.0,0.0,LightGBM,732,0.263,885,,,,,,
1,1,0,0.0,0.5,1.0,0.5,0.0,0.0,XGBoost,732,0.247,885,,,,,,
1,1,0,0.0,0.5,1.0,0.5,0.0,0.0,CatBoost,732,0.786,885,,,,,,
9,4,5,0.31622776601683794,0.85,0.8541666666666666,0.65,0.5714285714285714,0.6324555320336759,RandomForest,735,0.639,886,2.0,4.0,1.0,2.0,0.5,0.8
9,4,5,0.55,0.85,0.8041666666666667,0.775,0.75,0.7745966692414834,LightGBM,735,0.263,886,3.0,4.0,1.0,1.0,0.75,0.8
9,4,5,0.31622776601683794,0.8,0.8303571428571428,0.65,0.5714285714285714,0.6324555320336759,XGBoost,735,0.671,886,2.0,4.0,1.0,2.0,0.5,0.8
9,4,5,0.31622776601683794,0.85,0.8041666666666667,0.65,0.5714285714285714,0.6324555320336759,CatBoost,735,0.786,886,2.0,4.0,1.0,2.0,0.5,0.8
30,2,28,0.6948083337796511,1.0,1.0,0.75,0.6666666666666666,0.7071067811865476,RandomForest,737,0.639,895,1.0,28.0,0.0,1.0,0.5,1.0
30,2,28,0.6948083337796511,0.9999999999999999,1.0,0.75,0.6666666666666666,0.7071067811865476,LightGBM,737,0.263,895,1.0,28.0,0.0,1.0,0.5,1.0
30,2,28,0.6948083337796511,0.9999999999999999,1.0,0.75,0.6666666666666666,0.7071067811865476,XGBoost,737,0.671,895,1.0,28.0,0.0,1.0,0.5,1.0
30,2,28,1.0,0.9999999999999999,1.0,1.0,1.0,1.0,CatBoost,737,0.198,895,2.0,28.0,0.0,0.0,1.0,1.0
24,0,24,0.0,0.5,0.0,0.5,0.0,0.0,RandomForest,740,0.41,925,,,,,,
24,0,24,0.0,0.5,0.0,0.5,0.0,0.0,LightGBM,740,0.165,925,,,,,,
24,0,24,0.0,0.5,0.0,0.5,0.0,0.0,XGBoost,740,0.508,925,,,,,,
24,0,24,0.0,0.5,0.0,0.5,0.0,0.0,CatBoost,740,0.198,925,,,,,,
1,1,0,0.0,0.5,1.0,0.5,0.0,0.0,RandomForest,741,0.41,949,,,,,,
1,1,0,0.0,0.5,1.0,0.5,0.0,0.0,LightGBM,741,0.165,949,,,,,,
1,1,0,0.0,0.5,1.0,0.5,0.0,0.0,XGBoost,741,0.508,949,,,,,,
1,1,0,0.0,0.5,1.0,0.5,0.0,0.0,CatBoost,741,0.198,949,,,,,,
2,1,1,0.0,1.0,1.0,0.5,0.0,0.0,RandomForest,742,0.41,950,0.0,1.0,0.0,1.0,0.0,1.0
2,1,1,0.0,1.0,1.0,0.5,0.0,0.0,LightGBM,742,0.165,950,0.0,1.0,0.0,1.0,0.0,1.0
2,1,1,0.0,0.0,0.5,0.5,0.0,0.0,XGBoost,742,0.508,950,0.0,1.0,0.0,1.0,0.0,1.0
2,1,1,0.0,1.0,1.0,0.5,0.0,0.0,CatBoost,742,0.198,950,0.0,1.0,0.0,1.0,0.0,1.0
1,1,0,0.0,0.5,1.0,0.5,0.0,0.0,RandomForest,743,0.41,952,,,,,,
1,1,0,0.0,0.5,1.0,0.5,0.0,0.0,LightGBM,743,0.165,952,,,,,,
1,1,0,0.0,0.5,1.0,0.5,0.0,0.0,XGBoost,743,0.508,952,,,,,,
1,1,0,0.0,0.5,1.0,0.5,0.0,0.0,CatBoost,743,0.198,952,,,,,,
15,2,13,1.0,1.0,1.0,1.0,1.0,1.0,RandomForest,745,0.41,953,2.0,13.0,0.0,0.0,1.0,1.0
15,2,13,0.15384615384615385,1.0,1.0,0.5769230769230769,0.26666666666666666,0.3922322702763681,LightGBM,745,0.1,953,2.0,2.0,11.0,0.0,1.0,0.1538
15,2,13,0.15384615384615385,1.0,1.0,0.5769230769230769,0.26666666666666666,0.3922322702763681,XGBoost,745,0.182,953,2.0,2.0,11.0,0.0,1.0,0.1538
15,2,13,0.7844645405527361,1.0,1.0,0.9615384615384616,0.8,0.9607689228305228,CatBoost,745,0.198,953,2.0,12.0,1.0,0.0,1.0,0.9231
1,1,0,0.0,0.5,1.0,0.5,0.0,0.0,RandomForest,751,0.41,968,,,,,,
1,1,0,0.0,0.5,1.0,0.5,0.0,0.0,LightGBM,751,0.1,968,,,,,,
1,1,0,0.0,0.5,1.0,0.5,0.0,0.0,XGBoost,751,0.9,968,,,,,,
1,1,0,0.0,0.5,1.0,0.5,0.0,0.0,CatBoost,751,0.198,968,,,,,,
17,0,17,0.0,0.5,0.0,0.5,0.0,0.0,RandomForest,755,0.41,969,,,,,,
17,0,17,0.0,0.5,0.0,0.5,0.0,0.0,LightGBM,755,0.1,969,,,,,,
17,0,17,0.0,0.5,0.0,0.5,0.0,0.0,XGBoost,755,0.9,969,,,,,,
17,0,17,0.0,0.5,0.0,0.5,0.0,0.0,CatBoost,755,0.198,969,,,,,,
33,0,33,0.0,0.5,0.0,0.5,0.0,0.0,RandomForest,756,0.671,986,,,,,,
33,0,33,0.0,0.5,0.0,0.5,0.0,0.0,LightGBM,756,0.1,986,,,,,,
33,0,33,0.0,0.5,0.0,0.5,0.0,0.0,XGBoost,756,0.9,986,,,,,,
33,0,33,0.0,0.5,0.0,0.5,0.0,0.0,CatBoost,756,0.818,986,,,,,,
2,1,1,0.0,1.0,1.0,0.5,0.0,0.0,RandomForest,757,0.427,1019,0.0,1.0,0.0,1.0,0.0,1.0
2,1,1,0.0,1.0,1.0,0.5,0.0,0.0,LightGBM,757,0.116,1019,0.0,1.0,0.0,1.0,0.0,1.0
2,1,1,0.0,0.0,0.5,0.5,0.0,0.0,XGBoost,757,0.9,1019,0.0,1.0,0.0,1.0,0.0,1.0
2,1,1,0.0,1.0,1.0,0.5,0.0,0.0,CatBoost,757,0.72,1019,0.0,1.0,0.0,1.0,0.0,1.0
14,2,12,1.0,1.0,1.0,1.0,1.0,1.0,RandomForest,760,0.427,1021,2.0,12.0,0.0,0.0,1.0,1.0
14,2,12,1.0,1.0,1.0,1.0,1.0,1.0,LightGBM,760,0.116,1021,2.0,12.0,0.0,0.0,1.0,1.0
14,2,12,1.0,0.9999999999999999,1.0,1.0,1.0,1.0,XGBoost,760,0.9,1021,2.0,12.0,0.0,0.0,1.0,1.0
14,2,12,1.0,1.0,1.0,1.0,1.0,1.0,CatBoost,760,0.198,1021,2.0,12.0,0.0,0.0,1.0,1.0
6,3,3,0.4472135954999579,0.5555555555555556,0.7222222222222222,0.6666666666666666,0.5,0.5773502691896257,RandomForest,763,0.394,1035,1.0,3.0,0.0,2.0,0.3333,1.0
6,3,3,0.4472135954999579,1.0,1.0,0.6666666666666666,0.5,0.5773502691896257,LightGBM,763,0.116,1035,1.0,3.0,0.0,2.0,0.3333,1.0
6,3,3,0.4472135954999579,1.0,1.0,0.6666666666666666,0.5,0.5773502691896257,XGBoost,763,0.753,1035,1.0,3.0,0.0,2.0,0.3333,1.0
6,3,3,0.4472135954999579,0.7777777777777778,0.8666666666666667,0.6666666666666666,0.5,0.5773502691896257,CatBoost,763,0.198,1035,1.0,3.0,0.0,2.0,0.3333,1.0
2,0,2,0.0,0.5,0.0,0.5,0.0,0.0,RandomForest,770,0.394,1041,,,,,,
2,0,2,0.0,0.5,0.0,0.5,0.0,0.0,LightGBM,770,0.116,1041,,,,,,
2,0,2,0.0,0.5,0.0,0.5,0.0,0.0,XGBoost,770,0.753,1041,,,,,,
2,0,2,0.0,0.5,0.0,0.5,0.0,0.0,CatBoost,770,0.198,1041,,,,,,
4,1,3,0.0,1.0,1.0,0.5,0.4,0.0,RandomForest,774,0.28,1043,1.0,0.0,3.0,0.0,1.0,0.0
4,1,3,0.3333333333333333,1.0,1.0,0.6666666666666666,0.5,0.5773502691896257,LightGBM,774,0.116,1043,1.0,1.0,2.0,0.0,1.0,0.3333
4,1,3,1.0,1.0,1.0,1.0,1.0,1.0,XGBoost,774,0.818,1043,1.0,3.0,0.0,0.0,1.0,1.0
4,1,3,1.0,1.0,1.0,1.0,1.0,1.0,CatBoost,774,0.72,1043,1.0,3.0,0.0,0.0,1.0,1.0
2,1,1,0.0,1.0,1.0,0.5,0.6666666666666666,0.0,RandomForest,776,0.394,1047,1.0,0.0,1.0,0.0,1.0,0.0
2,1,1,0.0,1.0,1.0,0.5,0.6666666666666666,0.0,LightGBM,776,0.41,1047,1.0,0.0,1.0,0.0,1.0,0.0
2,1,1,0.0,0.0,0.5,0.5,0.6666666666666666,0.0,XGBoost,776,0.818,1047,1.0,0.0,1.0,0.0,1.0,0.0
2,1,1,0.0,1.0,1.0,0.5,0.6666666666666666,0.0,CatBoost,776,0.72,1047,1.0,0.0,1.0,0.0,1.0,0.0
7,3,4,0.3535533905932738,1.0,1.0,0.625,0.6666666666666666,0.5,RandomForest,777,0.394,1049,3.0,1.0,3.0,0.0,1.0,0.25
7,3,4,0.3535533905932738,0.75,0.6388888888888888,0.625,0.6666666666666666,0.5,LightGBM,777,0.41,1049,3.0,1.0,3.0,0.0,1.0,0.25
7,3,4,0.3535533905932738,1.0,1.0,0.625,0.6666666666666666,0.5,XGBoost,777,0.818,1049,3.0,1.0,3.0,0.0,1.0,0.25
7,3,4,0.3535533905932738,1.0,1.0,0.625,0.6666666666666666,0.5,CatBoost,777,0.72,1049,3.0,1.0,3.0,0.0,1.0,0.25
9,3,6,0.25,0.8333333333333334,0.7555555555555555,0.5833333333333334,0.5454545454545454,0.408248290463863,RandomForest,785,0.394,1056,3.0,1.0,5.0,0.0,1.0,0.1667
9,3,6,0.5,0.8333333333333333,0.8333333333333333,0.75,0.6666666666666666,0.7071067811865476,LightGBM,785,0.835,1056,3.0,3.0,3.0,0.0,1.0,0.5
9,3,6,0.7905694150420948,0.9444444444444444,0.9166666666666665,0.9166666666666667,0.8571428571428571,0.9128709291752769,XGBoost,785,0.818,1056,3.0,5.0,1.0,0.0,1.0,0.8333
9,3,6,0.5,0.7777777777777778,0.7222222222222222,0.75,0.6666666666666666,0.7071067811865476,CatBoost,785,0.72,1056,3.0,3.0,3.0,0.0,1.0,0.5
1,1,0,0.0,0.5,1.0,0.5,0.0,0.0,RandomForest,786,0.394,1065,,,,,,
1,1,0,0.0,0.5,1.0,0.5,0.0,0.0,LightGBM,786,0.835,1065,,,,,,
1,1,0,0.0,0.5,1.0,0.5,0.0,0.0,XGBoost,786,0.818,1065,,,,,,
1,1,0,0.0,0.5,1.0,0.5,0.0,0.0,CatBoost,786,0.72,1065,,,,,,
1,1,0,0.0,0.5,1.0,0.5,0.0,0.0,RandomForest,787,0.394,1066,,,,,,
1,1,0,0.0,0.5,1.0,0.5,0.0,0.0,LightGBM,787,0.835,1066,,,,,,
1,1,0,0.0,0.5,1.0,0.5,0.0,0.0,XGBoost,787,0.818,1066,,,,,,
1,1,0,0.0,0.5,1.0,0.5,0.0,0.0,CatBoost,787,0.72,1066,,,,,,
3,2,1,1.0,1.0,1.0,1.0,1.0,1.0,RandomForest,789,0.72,1067,2.0,1.0,0.0,0.0,1.0,1.0
3,2,1,0.5,0.5,0.8333333333333333,0.75,0.6666666666666666,0.7071067811865476,LightGBM,789,0.835,1067,1.0,1.0,0.0,1.0,0.5,1.0
3,2,1,0.5,0.5,0.8333333333333333,0.75,0.6666666666666666,0.7071067811865476,XGBoost,789,0.818,1067,1.0,1.0,0.0,1.0,0.5,1.0
3,2,1,0.5,0.5,0.8333333333333333,0.75,0.6666666666666666,0.7071067811865476,CatBoost,789,0.72,1067,1.0,1.0,0.0,1.0,0.5,1.0
30,3,27,0.8017837257372732,1.0,1.0,0.8333333333333333,0.8,0.816496580927726,RandomForest,791,0.737,1070,2.0,27.0,0.0,1.0,0.6667,1.0
30,3,27,0.5091750772173156,0.9753086419753086,0.8666666666666667,0.8888888888888888,0.5,0.8819171036881969,LightGBM,791,0.41,1070,3.0,21.0,6.0,0.0,1.0,0.7778
30,3,27,1.0,1.0,1.0,1.0,1.0,1.0,XGBoost,791,0.818,1070,3.0,27.0,0.0,0.0,1.0,1.0
30,3,27,0.6666666666666666,1.0,1.0,0.9444444444444444,0.6666666666666666,0.9428090415820634,CatBoost,791,0.72,1070,3.0,24.0,3.0,0.0,1.0,0.8889
30,3,27,1.0,1.0,1.0,1.0,1.0,1.0,RandomForest,793,0.72,1100,3.0,27.0,0.0,0.0,1.0,1.0
30,3,27,1.0,1.0,1.0,1.0,1.0,1.0,LightGBM,793,0.835,1100,3.0,27.0,0.0,0.0,1.0,1.0
30,3,27,1.0,1.0,1.0,1.0,1.0,1.0,XGBoost,793,0.818,1100,3.0,27.0,0.0,0.0,1.0,1.0
30,3,27,0.8017837257372732,1.0,1.0,0.8333333333333333,0.8,0.816496580927726,CatBoost,793,0.9,1100,2.0,27.0,0.0,1.0,0.6667,1.0
1,1,0,0.0,0.5,1.0,0.5,0.0,0.0,RandomForest,795,0.72,1130,,,,,,
1,1,0,0.0,0.5,1.0,0.5,0.0,0.0,LightGBM,795,0.835,1130,,,,,,
1,1,0,0.0,0.5,1.0,0.5,0.0,0.0,XGBoost,795,0.818,1130,,,,,,
1,1,0,0.0,0.5,1.0,0.5,0.0,0.0,CatBoost,795,0.867,1130,,,,,,
24,3,21,0.7977240352174656,0.9841269841269841,0.9166666666666666,0.8333333333333333,0.8,0.816496580927726,RandomForest,797,0.72,1131,2.0,21.0,0.0,1.0,0.6667,1.0
24,3,21,0.7977240352174656,0.9841269841269841,0.9166666666666666,0.8333333333333333,0.8,0.816496580927726,LightGBM,797,0.835,1131,2.0,21.0,0.0,1.0,0.6667,1.0
24,3,21,0.7977240352174656,0.9841269841269841,0.9166666666666666,0.8333333333333333,0.8,0.816496580927726,XGBoost,797,0.818,1131,2.0,21.0,0.0,1.0,0.6667,1.0
24,3,21,0.7977240352174656,0.9841269841269841,0.9166666666666666,0.8333333333333333,0.8,0.816496580927726,CatBoost,797,0.867,1131,2.0,21.0,0.0,1.0,0.6667,1.0
11,1,10,1.0,1.0,1.0,1.0,1.0,1.0,RandomForest,798,0.72,1155,1.0,10.0,0.0,0.0,1.0,1.0
11,1,10,1.0,1.0,1.0,1.0,1.0,1.0,LightGBM,798,0.835,1155,1.0,10.0,0.0,0.0,1.0,1.0
11,1,10,1.0,1.0,1.0,1.0,1.0,1.0,XGBoost,798,0.818,1155,1.0,10.0,0.0,0.0,1.0,1.0
11,1,10,1.0,1.0,1.0,1.0,1.0,1.0,CatBoost,798,0.867,1155,1.0,10.0,0.0,0.0,1.0,1.0
1,1,0,0.0,0.5,1.0,0.5,0.0,0.0,RandomForest,799,0.72,1166,,,,,,
1,1,0,0.0,0.5,1.0,0.5,0.0,0.0,LightGBM,799,0.835,1166,,,,,,
1,1,0,0.0,0.5,1.0,0.5,0.0,0.0,XGBoost,799,0.818,1166,,,,,,
1,1,0,0.0,0.5,1.0,0.5,0.0,0.0,CatBoost,799,0.884,1166,,,,,,
24,2,22,0.6915640748081247,0.9545454545454545,0.75,0.75,0.6666666666666666,0.7071067811865476,RandomForest,800,0.72,1167,1.0,22.0,0.0,1.0,0.5,1.0
24,2,22,0.6915640748081247,1.0,1.0,0.75,0.6666666666666666,0.7071067811865476,LightGBM,800,0.835,1167,1.0,22.0,0.0,1.0,0.5,1.0
24,2,22,0.6915640748081247,0.9772727272727273,0.8333333333333333,0.75,0.6666666666666666,0.7071067811865476,XGBoost,800,0.818,1167,1.0,22.0,0.0,1.0,0.5,1.0
24,2,22,0.6915640748081247,0.9545454545454545,0.75,0.75,0.6666666666666666,0.7071067811865476,CatBoost,800,0.884,1167,1.0,22.0,0.0,1.0,0.5,1.0
3,2,1,1.0,1.0,1.0,1.0,1.0,1.0,RandomForest,805,0.72,1191,2.0,1.0,0.0,0.0,1.0,1.0
3,2,1,0.0,1.0,1.0,0.5,0.8,0.0,LightGBM,805,0.835,1191,2.0,0.0,1.0,0.0,1.0,0.0
3,2,1,0.0,1.0,1.0,0.5,0.8,0.0,XGBoost,805,0.818,1191,2.0,0.0,1.0,0.0,1.0,0.0
3,2,1,1.0,1.0,1.0,1.0,1.0,1.0,CatBoost,805,0.884,1191,2.0,1.0,0.0,0.0,1.0,1.0
1,1,0,0.0,0.5,1.0,0.5,0.0,0.0,RandomForest,806,0.72,1194,,,,,,
1,1,0,0.0,0.5,1.0,0.5,0.0,0.0,LightGBM,806,0.835,1194,,,,,,
1,1,0,0.0,0.5,1.0,0.5,0.0,0.0,XGBoost,806,0.818,1194,,,,,,
1,1,0,0.0,0.5,1.0,0.5,0.0,0.0,CatBoost,806,0.884,1194,,,,,,
1,1,0,0.0,0.5,1.0,0.5,0.0,0.0,RandomForest,808,0.72,1195,,,,,,
1,1,0,0.0,0.5,1.0,0.5,0.0,0.0,LightGBM,808,0.835,1195,,,,,,
1,1,0,0.0,0.5,1.0,0.5,0.0,0.0,XGBoost,808,0.818,1195,,,,,,
1,1,0,0.0,0.5,1.0,0.5,0.0,0.0,CatBoost,808,0.884,1195,,,,,,
14,1,13,1.0,1.0,1.0,1.0,1.0,1.0,RandomForest,809,0.72,1196,1.0,13.0,0.0,0.0,1.0,1.0
14,1,13,1.0,1.0,1.0,1.0,1.0,1.0,LightGBM,809,0.835,1196,1.0,13.0,0.0,0.0,1.0,1.0
14,1,13,1.0,1.0,1.0,1.0,1.0,1.0,XGBoost,809,0.818,1196,1.0,13.0,0.0,0.0,1.0,1.0
14,1,13,1.0,1.0,1.0,1.0,1.0,1.0,CatBoost,809,0.884,1196,1.0,13.0,0.0,0.0,1.0,1.0
1,1,0,0.0,0.5,1.0,0.5,0.0,0.0,RandomForest,813,0.72,1210,,,,,,
1,1,0,0.0,0.5,1.0,0.5,0.0,0.0,LightGBM,813,0.835,1210,,,,,,
1,1,0,0.0,0.5,1.0,0.5,0.0,0.0,XGBoost,813,0.818,1210,,,,,,
1,1,0,0.0,0.5,1.0,0.5,0.0,0.0,CatBoost,813,0.884,1210,,,,,,
3,2,1,1.0,1.0,1.0,1.0,1.0,1.0,RandomForest,816,0.72,1211,2.0,1.0,0.0,0.0,1.0,1.0
3,2,1,1.0,1.0,1.0,1.0,1.0,1.0,LightGBM,816,0.835,1211,2.0,1.0,0.0,0.0,1.0,1.0
3,2,1,1.0,1.0,1.0,1.0,1.0,1.0,XGBoost,816,0.818,1211,2.0,1.0,0.0,0.0,1.0,1.0
3,2,1,1.0,1.0,1.0,1.0,1.0,1.0,CatBoost,816,0.884,1211,2.0,1.0,0.0,0.0,1.0,1.0
