revision,gcid,actual_label,pred_label,pred_proba,correct,threshold,nlines,totalChanges,totalUnchanged,stabilityIndex,changeProneness,lifespan,activePairs,meanWCS,maxWCS,minWCS,stronglyCoupledPairs,decoupledPairs,churn,distinctAuthors,majorAuthorProp,minorAuthorCount,pair_count_alive,max_co_change_count,sum_co_change_count,max_own_independent,sum_own_independent,mean_coupling_trend,min_coupling_trend,min_last_co_change_age,min_last_solo_change_age,mean_similarity,max_similarity,frac_same_file,mean_depth,mean_wcs_recent,max_wcs_recent,min_wcs_recent,max_solo_after_last_cochange,frac_is_spcp,class_size,mean_class_size,mean_same_author,mean_ir_decay_h10,mean_ir_decay_h20,mean_ir_decay_h30,mean_ir_decay_h50,mean_ir_decay_h75,mean_cs_decay_h10,mean_cs_decay_h20,mean_cs_decay_h30,mean_cs_decay_h50,mean_cs_decay_h75,mean_spcp_decay_h10,mean_spcp_decay_h20,mean_spcp_decay_h30,mean_spcp_decay_h50,mean_spcp_decay_h75
259,147,0,,,,0.5,17.0,1.0,247.0,0.9611,0.0039,256.0,0.0,0.0,0.0,0.0,0.0,0.0,0.0,0.0,0.0,0.0,0.0,0.0,0.0,0.0,0.0,0.0,0.0,9999.0,9999.0,0.0,0.0,0.0,0.0,0.0,0.0,0.0,0.0,0.0,1.0,1.0,0.0,0.0,0.0,0.0,0.0,0.0,0.0,0.0,0.0,0.0,0.0,0.0,0.0,0.0,0.0,0.0
259,148,0,,,,0.5,18.0,3.0,245.0,0.9533,0.0117,256.0,0.0,0.0,0.0,0.0,0.0,0.0,0.0,0.0,0.0,0.0,0.0,0.0,0.0,0.0,0.0,0.0,0.0,9999.0,9999.0,0.0,0.0,0.0,0.0,0.0,0.0,0.0,0.0,0.0,1.0,1.0,0.0,0.0,0.0,0.0,0.0,0.0,0.0,0.0,0.0,0.0,0.0,0.0,0.0,0.0,0.0,0.0
346,254,1,,,,0.5,7.0,2.0,37.0,0.9487,0.0513,38.0,5.0,0.2,1.0,0.0,1.0,4.0,0.0,0.0,0.0,0.0,5.0,2.0,2.0,2.0,8.0,0.0,0.0,0.0,0.0,71.0,71.0,0.2,0.8,0.0,0.0,0.0,0.0,0.0,1.0,1.0,0.0,0.0,0.0,0.0,0.0,0.0,0.0,0.0,0.0,0.0,0.0,0.0,0.0,0.0,0.0,0.0
346,255,1,,,,0.5,7.0,2.0,37.0,0.9487,0.0513,38.0,5.0,0.2,1.0,0.0,1.0,4.0,0.0,0.0,0.0,0.0,5.0,2.0,2.0,2.0,8.0,0.0,0.0,0.0,0.0,71.0,71.0,0.2,0.8,0.0,0.0,0.0,0.0,0.0,1.0,1.0,0.0,0.0,0.0,0.0,0.0,0.0,0.0,0.0,0.0,0.0,0.0,0.0,0.0,0.0,0.0,0.0
390,216,0,,,,0.5,8.0,1.0,146.0,0.9865,0.0068,147.0,23.0,0.0,0.0,0.0,0.0,23.0,0.0,0.0,0.0,0.0,23.0,0.0,0.0,1.0,23.0,0.0,0.0,9999.0,0.0,70.0,70.0,0.0,1.0,0.0,0.0,0.0,0.0,0.0,1.0,1.0,0.0,0.0,0.0,0.0,0.0,0.0,0.0,0.0,0.0,0.0,0.0,0.0,0.0,0.0,0.0,0.0
390,222,0,,,,0.5,6.0,1.0,146.0,0.9865,0.0068,147.0,3.0,0.0,0.0,0.0,0.0,3.0,0.0,0.0,0.0,0.0,3.0,0.0,0.0,1.0,3.0,0.0,0.0,9999.0,0.0,93.33333333333333,100.0,0.0,1.0,0.0,0.0,0.0,0.0,0.0,1.0,1.0,0.0,0.0,0.0,0.0,0.0,0.0,0.0,0.0,0.0,0.0,0.0,0.0,0.0,0.0,0.0,0.0
391,216,0,,,,0.5,8.0,2.0,146.0,0.9799,0.0134,148.0,23.0,0.0,0.0,0.0,0.0,23.0,0.0,0.0,0.0,0.0,23.0,0.0,0.0,2.0,46.0,0.0,0.0,9999.0,0.0,70.0,70.0,0.0,1.0,0.0,0.0,0.0,0.0,0.0,1.0,1.0,0.0,0.0,0.0,0.0,0.0,0.0,0.0,0.0,0.0,0.0,0.0,0.0,0.0,0.0,0.0,0.0
391,222,0,,,,0.5,6.0,2.0,146.0,0.9799,0.0134,148.0,3.0,0.0,0.0,0.0,0.0,3.0,0.0,0.0,0.0,0.0,3.0,0.0,0.0,2.0,6.0,0.0,0.0,9999.0,0.0,93.33333333333333,100.0,0.0,1.0,0.0,0.0,0.0,0.0,0.0,1.0,1.0,0.0,0.0,0.0,0.0,0.0,0.0,0.0,0.0,0.0,0.0,0.0,0.0,0.0,0.0,0.0,0.0
425,246,0,,,,0.5,5.0,3.0,149.0,0.9803,0.0197,151.0,2.0,0.996,0.996,0.996,2.0,0.0,0.0,0.0,0.0,0.0,2.0,3.0,6.0,0.0,0.0,1.0,1.0,0.0,151.0,75.0,75.0,1.0,0.0,0.0,0.0,0.0,0.0,0.0,1.0,1.0,0.0,0.0,0.0,0.0,0.0,0.0,0.0,0.0,0.0,0.0,0.0,0.0,0.0,0.0,0.0,0.0
468,333,1,,,,0.5,5.0,2.0,4.0,0.5714,0.2857,6.0,18.0,0.0514,0.4626,0.0,0.0,16.0,0.0,0.0,0.0,0.0,18.0,1.0,2.0,2.0,34.0,-0.1111111111111111,-1.0,5.0,0.0,72.61111111111111,100.0,0.16666666666666666,0.8333333333333334,0.0,0.0,0.0,0.0,0.0,1.0,1.0,0.0,0.0,0.0,0.0,0.0,0.0,0.0,0.0,0.0,0.0,0.0,0.0,0.0,0.0,0.0,0.0
468,348,0,,,,0.5,5.0,2.0,4.0,0.5714,0.2857,6.0,1.0,0.0,0.0,0.0,0.0,1.0,0.0,0.0,0.0,0.0,1.0,0.0,0.0,2.0,2.0,0.0,0.0,9999.0,0.0,75.0,75.0,0.0,1.0,0.0,0.0,0.0,0.0,0.0,1.0,1.0,0.0,0.0,0.0,0.0,0.0,0.0,0.0,0.0,0.0,0.0,0.0,0.0,0.0,0.0,0.0,0.0
476,198,1,,,,0.5,10.0,4.0,256.0,0.9808,0.0153,260.0,4.0,0.2842,0.7337,0.1343,1.0,3.0,0.0,0.0,0.0,0.0,4.0,2.0,5.0,3.0,10.0,0.21265,0.1343,0.0,0.0,70.0,70.0,0.0,1.0,0.0,0.0,0.0,0.0,0.0,1.0,1.0,0.0,0.0,0.0,0.0,0.0,0.0,0.0,0.0,0.0,0.0,0.0,0.0,0.0,0.0,0.0,0.0
476,280,1,,,,0.5,5.0,2.0,12.0,0.8,0.1333,14.0,2.0,0.8389,1.0,0.6778,2.0,0.0,0.0,0.0,0.0,0.0,2.0,2.0,3.0,0.0,0.0,0.2687,-0.4626,0.0,5.0,75.0,75.0,1.0,0.0,0.0,0.0,0.0,0.0,0.0,1.0,1.0,0.0,0.0,0.0,0.0,0.0,0.0,0.0,0.0,0.0,0.0,0.0,0.0,0.0,0.0,0.0,0.0
476,282,0,,,,0.5,12.0,3.0,11.0,0.7333,0.2,14.0,1.0,0.544,0.544,0.544,1.0,0.0,0.0,0.0,0.0,0.0,1.0,2.0,2.0,1.0,1.0,-0.0149,-0.0149,0.0,5.0,75.0,75.0,0.0,1.0,0.0,0.0,0.0,0.0,0.0,1.0,1.0,0.0,0.0,0.0,0.0,0.0,0.0,0.0,0.0,0.0,0.0,0.0,0.0,0.0,0.0,0.0,0.0
476,283,1,,,,0.5,10.0,2.0,12.0,0.8,0.1333,14.0,4.0,0.1834,0.7337,0.0,1.0,3.0,0.0,0.0,0.0,0.0,4.0,2.0,2.0,2.0,6.0,0.111925,0.0,0.0,0.0,70.0,70.0,0.0,1.0,0.0,0.0,0.0,0.0,0.0,1.0,1.0,0.0,0.0,0.0,0.0,0.0,0.0,0.0,0.0,0.0,0.0,0.0,0.0,0.0,0.0,0.0,0.0
476,284,0,,,,0.5,17.0,2.0,12.0,0.8,0.1333,14.0,1.0,1.0,1.0,1.0,1.0,0.0,0.0,0.0,0.0,0.0,1.0,2.0,2.0,0.0,0.0,0.0,0.0,0.0,9999.0,83.0,83.0,1.0,0.0,0.0,0.0,0.0,0.0,0.0,1.0,1.0,0.0,0.0,0.0,0.0,0.0,0.0,0.0,0.0,0.0,0.0,0.0,0.0,0.0,0.0,0.0,0.0
476,286,0,,,,0.5,5.0,3.0,11.0,0.7333,0.2,14.0,2.0,0.272,0.544,0.0,1.0,1.0,0.0,0.0,0.0,0.0,2.0,2.0,2.0,3.0,4.0,-0.00745,-0.0149,0.0,0.0,75.0,75.0,0.0,1.0,0.0,0.0,0.0,0.0,0.0,1.0,1.0,0.0,0.0,0.0,0.0,0.0,0.0,0.0,0.0,0.0,0.0,0.0,0.0,0.0,0.0,0.0,0.0
476,291,1,,,,0.5,5.0,3.0,11.0,0.7333,0.2,14.0,2.0,0.6076,0.6778,0.5374,2.0,0.0,0.0,0.0,0.0,0.0,2.0,2.0,3.0,1.0,2.0,0.2687,-0.4626,0.0,5.0,75.0,75.0,1.0,0.0,0.0,0.0,0.0,0.0,0.0,1.0,1.0,0.0,0.0,0.0,0.0,0.0,0.0,0.0,0.0,0.0,0.0,0.0,0.0,0.0,0.0,0.0,0.0
476,293,1,,,,0.5,14.0,3.0,11.0,0.7333,0.2,14.0,24.0,0.6971,1.0,0.0,23.0,1.0,0.0,0.0,0.0,0.0,24.0,3.0,51.0,3.0,21.0,-0.2092125,-0.4626,0.0,0.0,98.75,100.0,0.25,0.75,0.0,0.0,0.0,0.0,0.0,1.0,1.0,0.0,0.0,0.0,0.0,0.0,0.0,0.0,0.0,0.0,0.0,0.0,0.0,0.0,0.0,0.0,0.0
476,295,0,,,,0.5,12.0,3.0,11.0,0.7333,0.2,14.0,0.0,0.0,0.0,0.0,0.0,0.0,0.0,0.0,0.0,0.0,0.0,0.0,0.0,0.0,0.0,0.0,0.0,9999.0,9999.0,0.0,0.0,0.0,0.0,0.0,0.0,0.0,0.0,0.0,1.0,1.0,0.0,0.0,0.0,0.0,0.0,0.0,0.0,0.0,0.0,0.0,0.0,0.0,0.0,0.0,0.0,0.0
476,297,0,,,,0.5,8.0,3.0,11.0,0.7333,0.2,14.0,3.0,0.1813,0.544,0.0,1.0,2.0,0.0,0.0,0.0,0.0,3.0,2.0,2.0,3.0,7.0,-0.004966666666666667,-0.0149,0.0,0.0,71.0,71.0,0.0,1.0,0.0,0.0,0.0,0.0,0.0,1.0,1.0,0.0,0.0,0.0,0.0,0.0,0.0,0.0,0.0,0.0,0.0,0.0,0.0,0.0,0.0,0.0,0.0
476,307,1,,,,0.5,10.0,3.0,11.0,0.7333,0.2,14.0,24.0,0.5758,0.7978,0.0,21.0,1.0,0.0,0.0,0.0,0.0,24.0,3.0,51.0,3.0,21.0,0.14670416666666666,-0.0074,0.0,0.0,71.45833333333333,100.0,0.25,0.75,0.0,0.0,0.0,0.0,0.0,1.0,1.0,0.0,0.0,0.0,0.0,0.0,0.0,0.0,0.0,0.0,0.0,0.0,0.0,0.0,0.0,0.0,0.0
476,309,1,,,,0.5,10.0,3.0,11.0,0.7333,0.2,14.0,24.0,0.6971,1.0,0.0,23.0,1.0,0.0,0.0,0.0,0.0,24.0,3.0,51.0,3.0,21.0,-0.20921250000000002,-0.4626,0.0,0.0,71.45833333333333,100.0,0.25,0.75,0.0,0.0,0.0,0.0,0.0,1.0,1.0,0.0,0.0,0.0,0.0,0.0,0.0,0.0,0.0,0.0,0.0,0.0,0.0,0.0,0.0,0.0,0.0
476,318,1,,,,0.5,10.0,3.0,11.0,0.7333,0.2,14.0,24.0,0.6971,1.0,0.0,23.0,1.0,0.0,0.0,0.0,0.0,24.0,3.0,51.0,3.0,21.0,-0.2092125,-0.4626,0.0,0.0,71.45833333333333,100.0,0.25,0.75,0.0,0.0,0.0,0.0,0.0,1.0,1.0,0.0,0.0,0.0,0.0,0.0,0.0,0.0,0.0,0.0,0.0,0.0,0.0,0.0,0.0,0.0,0.0
476,326,0,,,,0.5,11.0,3.0,11.0,0.7333,0.2,14.0,1.0,0.6778,0.6778,0.6778,1.0,0.0,0.0,0.0,0.0,0.0,1.0,2.0,2.0,1.0,1.0,-0.4626,-0.4626,0.0,5.0,70.0,70.0,1.0,0.0,0.0,0.0,0.0,0.0,0.0,1.0,1.0,0.0,0.0,0.0,0.0,0.0,0.0,0.0,0.0,0.0,0.0,0.0,0.0,0.0,0.0,0.0,0.0
476,332,1,,,,0.5,5.0,4.0,10.0,0.6667,0.2667,14.0,20.0,0.4427,1.0,0.0,14.0,6.0,0.0,0.0,0.0,0.0,20.0,4.0,33.0,4.0,45.0,0.03560000000000001,-0.5374,0.0,0.0,72.45,100.0,0.2,0.8,0.0,0.0,0.0,0.0,0.0,1.0,1.0,0.0,0.0,0.0,0.0,0.0,0.0,0.0,0.0,0.0,0.0,0.0,0.0,0.0,0.0,0.0,0.0
476,333,1,,,,0.5,5.0,5.0,9.0,0.6,0.3333,14.0,20.0,0.3821,1.0,0.0,5.0,6.0,0.0,0.0,0.0,0.0,20.0,4.0,33.0,5.0,63.0,0.1471,-0.1915,0.0,0.0,72.45,100.0,0.2,0.8,0.0,0.0,0.0,0.0,0.0,1.0,1.0,0.0,0.0,0.0,0.0,0.0,0.0,0.0,0.0,0.0,0.0,0.0,0.0,0.0,0.0,0.0,0.0
476,336,0,,,,0.5,7.0,3.0,11.0,0.7333,0.2,14.0,2.0,0.0,0.0,0.0,0.0,2.0,0.0,0.0,0.0,0.0,2.0,0.0,0.0,3.0,6.0,0.0,0.0,9999.0,0.0,77.0,77.0,0.0,1.0,0.0,0.0,0.0,0.0,0.0,1.0,1.0,0.0,0.0,0.0,0.0,0.0,0.0,0.0,0.0,0.0,0.0,0.0,0.0,0.0,0.0,0.0,0.0
476,338,1,,,,0.5,5.0,3.0,11.0,0.7333,0.2,14.0,20.0,0.486,1.0,0.0,13.0,6.0,0.0,0.0,0.0,0.0,20.0,3.0,31.0,3.0,29.0,-0.1316,-0.4626,0.0,0.0,72.45,100.0,0.2,0.8,0.0,0.0,0.0,0.0,0.0,1.0,1.0,0.0,0.0,0.0,0.0,0.0,0.0,0.0,0.0,0.0,0.0,0.0,0.0,0.0,0.0,0.0,0.0
476,339,0,,,,0.5,8.0,3.0,11.0,0.7333,0.2,14.0,2.0,1.0,1.0,1.0,2.0,0.0,0.0,0.0,0.0,0.0,2.0,3.0,6.0,0.0,0.0,0.0,0.0,0.0,9999.0,80.0,80.0,1.0,0.0,0.0,0.0,0.0,0.0,0.0,1.0,1.0,0.0,0.0,0.0,0.0,0.0,0.0,0.0,0.0,0.0,0.0,0.0,0.0,0.0,0.0,0.0,0.0
476,341,0,,,,0.5,5.0,2.0,10.0,0.6667,0.1333,14.0,0.0,0.0,0.0,0.0,0.0,0.0,0.0,0.0,0.0,0.0,0.0,0.0,0.0,0.0,0.0,0.0,0.0,9999.0,9999.0,0.0,0.0,0.0,0.0,0.0,0.0,0.0,0.0,0.0,1.0,1.0,0.0,0.0,0.0,0.0,0.0,0.0,0.0,0.0,0.0,0.0,0.0,0.0,0.0,0.0,0.0,0.0
476,357,1,,,,0.5,18.0,3.0,5.0,0.625,0.375,7.0,20.0,0.5202,1.0,0.0,14.0,6.0,0.0,0.0,0.0,0.0,20.0,3.0,31.0,3.0,29.0,0.20750000000000002,-1.0,0.0,0.0,72.4,100.0,0.2,0.8,0.0,0.0,0.0,0.0,0.0,1.0,1.0,0.0,0.0,0.0,0.0,0.0,0.0,0.0,0.0,0.0,0.0,0.0,0.0,0.0,0.0,0.0,0.0
476,360,0,,,,0.5,6.0,2.0,4.0,0.6667,0.3333,5.0,1.0,0.0,0.0,0.0,0.0,1.0,0.0,0.0,0.0,0.0,1.0,0.0,0.0,2.0,2.0,0.0,0.0,9999.0,0.0,75.0,75.0,0.0,1.0,0.0,0.0,0.0,0.0,0.0,1.0,1.0,0.0,0.0,0.0,0.0,0.0,0.0,0.0,0.0,0.0,0.0,0.0,0.0,0.0,0.0,0.0,0.0
477,284,1,1.0,0.1971,1.0,0.1,17.0,3.0,12.0,0.75,0.1875,15.0,1.0,0.6373,0.6373,0.6373,1.0,0.0,0.0,0.0,0.0,0.0,1.0,2.0,2.0,1.0,1.0,-0.5075,-0.5075,1.0,0.0,83.0,83.0,1.0,0.0,0.0,0.0,0.0,0.0,0.0,1.0,1.0,0.0,0.0,0.0,0.0,0.0,0.0,0.0,0.0,0.0,0.0,0.0,0.0,0.0,0.0,0.0,0.0
477,297,0,0.0,0.0019,1.0,0.1,8.0,4.0,11.0,0.6875,0.25,15.0,3.0,0.1385,0.4154,0.0,0.0,2.0,0.0,0.0,0.0,0.0,3.0,2.0,2.0,4.0,10.0,-0.0688,-0.2064,1.0,0.0,71.0,71.0,0.0,1.0,0.0,0.0,0.0,0.0,0.0,1.0,1.0,0.0,0.0,0.0,0.0,0.0,0.0,0.0,0.0,0.0,0.0,0.0,0.0,0.0,0.0,0.0,0.0
477,307,1,1.0,0.9913,1.0,0.1,10.0,4.0,11.0,0.6875,0.25,15.0,24.0,0.4684,0.8454,0.0,5.0,1.0,0.0,0.0,0.0,0.0,24.0,4.0,54.0,4.0,42.0,-0.05302083333333334,-0.199,0.0,0.0,71.45833333333333,100.0,0.25,0.75,0.0,0.0,0.0,0.0,0.0,1.0,1.0,0.0,0.0,0.0,0.0,0.0,0.0,0.0,0.0,0.0,0.0,0.0,0.0,0.0,0.0,0.0,0.0
477,309,1,1.0,0.9971,1.0,0.1,10.0,4.0,11.0,0.6875,0.25,15.0,24.0,0.5394,1.0,0.0,5.0,1.0,0.0,0.0,0.0,0.0,24.0,4.0,54.0,4.0,42.0,-0.40887083333333335,-0.6541,0.0,0.0,71.45833333333333,100.0,0.25,0.75,0.0,0.0,0.0,0.0,0.0,1.0,1.0,0.0,0.0,0.0,0.0,0.0,0.0,0.0,0.0,0.0,0.0,0.0,0.0,0.0,0.0,0.0,0.0
477,333,1,1.0,0.9994,1.0,0.1,5.0,6.0,9.0,0.5625,0.375,15.0,20.0,0.3431,1.0,0.0,4.0,6.0,0.0,0.0,0.0,0.0,20.0,5.0,37.0,6.0,79.0,0.045125,-0.0105,0.0,0.0,72.45,100.0,0.2,0.8,0.0,0.0,0.0,0.0,0.0,1.0,1.0,0.0,0.0,0.0,0.0,0.0,0.0,0.0,0.0,0.0,0.0,0.0,0.0,0.0,0.0,0.0,0.0
477,336,0,0.0,0.0042,1.0,0.1,7.0,4.0,11.0,0.6875,0.25,15.0,2.0,0.0,0.0,0.0,0.0,2.0,0.0,0.0,0.0,0.0,2.0,0.0,0.0,4.0,8.0,0.0,0.0,9999.0,0.0,77.0,77.0,0.0,1.0,0.0,0.0,0.0,0.0,0.0,1.0,1.0,0.0,0.0,0.0,0.0,0.0,0.0,0.0,0.0,0.0,0.0,0.0,0.0,0.0,0.0,0.0,0.0
477,338,1,1.0,0.9998,1.0,0.1,5.0,4.0,11.0,0.6875,0.25,15.0,20.0,0.4035,1.0,0.0,4.0,6.0,0.0,0.0,0.0,0.0,20.0,4.0,35.0,4.0,45.0,-0.23357499999999995,-0.6541,0.0,0.0,72.45,100.0,0.2,0.8,0.0,0.0,0.0,0.0,0.0,1.0,1.0,0.0,0.0,0.0,0.0,0.0,0.0,0.0,0.0,0.0,0.0,0.0,0.0,0.0,0.0,0.0,0.0
477,339,0,1.0,0.4897,0.0,0.1,8.0,4.0,11.0,0.6875,0.25,15.0,2.0,0.7216,0.7216,0.7216,2.0,0.0,0.0,0.0,0.0,0.0,2.0,3.0,6.0,1.0,2.0,-0.3564,-0.3564,1.0,0.0,80.0,80.0,1.0,0.0,0.0,0.0,0.0,0.0,0.0,1.0,1.0,0.0,0.0,0.0,0.0,0.0,0.0,0.0,0.0,0.0,0.0,0.0,0.0,0.0,0.0,0.0,0.0
477,341,0,0.0,0.0027,1.0,0.1,5.0,3.0,10.0,0.625,0.1875,15.0,0.0,0.0,0.0,0.0,0.0,0.0,0.0,0.0,0.0,0.0,0.0,0.0,0.0,0.0,0.0,0.0,0.0,9999.0,9999.0,0.0,0.0,0.0,0.0,0.0,0.0,0.0,0.0,0.0,1.0,1.0,0.0,0.0,0.0,0.0,0.0,0.0,0.0,0.0,0.0,0.0,0.0,0.0,0.0,0.0,0.0,0.0
477,342,1,1.0,0.9998,1.0,0.1,5.0,4.0,11.0,0.6875,0.25,15.0,20.0,0.2329,0.7716,0.0,4.0,15.0,0.0,0.0,0.0,0.0,20.0,4.0,24.0,4.0,54.0,-0.30591500000000005,-0.5449,0.0,0.0,72.45,100.0,0.2,0.8,0.0,0.0,0.0,0.0,0.0,1.0,1.0,0.0,0.0,0.0,0.0,0.0,0.0,0.0,0.0,0.0,0.0,0.0,0.0,0.0,0.0,0.0,0.0
477,357,1,1.0,0.9969,1.0,0.1,18.0,4.0,5.0,0.5556,0.4444,8.0,20.0,0.4311,1.0,0.0,4.0,6.0,0.0,0.0,0.0,0.0,20.0,4.0,35.0,4.0,45.0,-0.020874999999999998,-0.4925,0.0,0.0,72.4,100.0,0.2,0.8,0.0,0.0,0.0,0.0,0.0,1.0,1.0,0.0,0.0,0.0,0.0,0.0,0.0,0.0,0.0,0.0,0.0,0.0,0.0,0.0,0.0,0.0,0.0
477,360,0,0.0,0.0032,1.0,0.1,6.0,3.0,4.0,0.5714,0.4286,6.0,1.0,0.0,0.0,0.0,0.0,1.0,0.0,0.0,0.0,0.0,1.0,0.0,0.0,3.0,3.0,0.0,0.0,9999.0,0.0,75.0,75.0,0.0,1.0,0.0,0.0,0.0,0.0,0.0,1.0,1.0,0.0,0.0,0.0,0.0,0.0,0.0,0.0,0.0,0.0,0.0,0.0,0.0,0.0,0.0,0.0,0.0
636,281,0,0.0,0.0184,1.0,0.1,7.0,4.0,168.0,0.96,0.0229,174.0,1.0,0.0106,0.0106,0.0106,0.0,1.0,0.0,0.0,0.0,0.0,1.0,2.0,2.0,2.0,2.0,-1.0,-1.0,160.0,0.0,83.0,83.0,0.0,1.0,0.0,0.0,0.0,0.0,0.0,1.0,1.0,0.0,0.0,0.0,0.0,0.0,0.0,0.0,0.0,0.0,0.0,0.0,0.0,0.0,0.0,0.0,0.0
636,309,1,1.0,0.9952,1.0,0.1,10.0,7.0,167.0,0.9543,0.04,174.0,24.0,0.0981,0.9931,0.0,2.0,20.0,0.0,0.0,0.0,0.0,24.0,6.0,53.0,7.0,93.0,-0.2878083333333333,-0.6886,0.0,0.0,70.20833333333333,75.0,0.16666666666666666,0.8333333333333334,0.0,0.0,0.0,0.0,0.0,1.0,1.0,0.0,0.0,0.0,0.0,0.0,0.0,0.0,0.0,0.0,0.0,0.0,0.0,0.0,0.0,0.0,0.0
636,318,1,1.0,0.9879,1.0,0.1,10.0,6.0,168.0,0.96,0.0343,174.0,24.0,0.0969,0.9931,0.0,2.0,21.0,0.0,0.0,0.0,0.0,24.0,6.0,48.0,6.0,78.0,-0.2992666666666666,-0.4934,0.0,0.0,70.20833333333333,75.0,0.16666666666666666,0.8333333333333334,0.0,0.0,0.0,0.0,0.0,1.0,1.0,0.0,0.0,0.0,0.0,0.0,0.0,0.0,0.0,0.0,0.0,0.0,0.0,0.0,0.0,0.0,0.0
636,336,1,1.0,0.2425,1.0,0.1,7.0,7.0,167.0,0.9543,0.04,174.0,3.0,0.3333,1.0,0.0,1.0,2.0,0.0,0.0,0.0,0.0,3.0,1.0,1.0,7.0,14.0,0.0,0.0,0.0,0.0,79.0,83.0,0.3333333333333333,0.6666666666666666,0.0,0.0,0.0,0.0,0.0,1.0,1.0,0.0,0.0,0.0,0.0,0.0,0.0,0.0,0.0,0.0,0.0,0.0,0.0,0.0,0.0,0.0,0.0
636,340,1,1.0,0.8888,1.0,0.1,9.0,1.0,6.0,0.0343,0.0057,174.0,24.0,0.0659,0.7934,0.0,2.0,22.0,0.0,0.0,0.0,0.0,24.0,1.0,2.0,1.0,22.0,0.06775833333333334,0.0,0.0,0.0,70.20833333333333,75.0,0.16666666666666666,0.8333333333333334,0.0,0.0,0.0,0.0,0.0,1.0,1.0,0.0,0.0,0.0,0.0,0.0,0.0,0.0,0.0,0.0,0.0,0.0,0.0,0.0,0.0,0.0,0.0
636,342,1,1.0,0.9942,1.0,0.1,5.0,6.0,167.0,0.9543,0.0343,174.0,21.0,0.006,0.0285,0.0,0.0,21.0,0.0,0.0,0.0,0.0,21.0,5.0,25.0,6.0,90.0,-0.1870238095238095,-0.7131,158.0,0.0,72.38095238095238,100.0,0.14285714285714285,0.8571428571428571,0.0,0.0,0.0,0.0,0.0,1.0,1.0,0.0,0.0,0.0,0.0,0.0,0.0,0.0,0.0,0.0,0.0,0.0,0.0,0.0,0.0,0.0,0.0
636,360,0,0.0,0.0007,1.0,0.1,6.0,6.0,160.0,0.9639,0.0361,165.0,1.0,0.0,0.0,0.0,0.0,1.0,0.0,0.0,0.0,0.0,1.0,0.0,0.0,6.0,6.0,0.0,0.0,9999.0,0.0,75.0,75.0,0.0,1.0,0.0,0.0,0.0,0.0,0.0,1.0,1.0,0.0,0.0,0.0,0.0,0.0,0.0,0.0,0.0,0.0,0.0,0.0,0.0,0.0,0.0,0.0,0.0
636,361,0,0.0,0.0019,1.0,0.1,5.0,3.0,161.0,0.9699,0.0181,165.0,2.0,0.0037,0.0037,0.0037,0.0,2.0,0.0,0.0,0.0,0.0,2.0,1.0,2.0,2.0,4.0,-0.2882,-0.3234,160.0,0.0,75.0,75.0,1.0,0.0,0.0,0.0,0.0,0.0,0.0,1.0,1.0,0.0,0.0,0.0,0.0,0.0,0.0,0.0,0.0,0.0,0.0,0.0,0.0,0.0,0.0,0.0,0.0
636,399,1,0.0,0.0611,0.0,0.1,7.0,1.0,0.0,0.0,1.0,0.0,3.0,0.3333,1.0,0.0,1.0,2.0,0.0,0.0,0.0,0.0,3.0,1.0,1.0,1.0,2.0,0.0,0.0,0.0,0.0,79.0,83.0,0.3333333333333333,0.6666666666666666,0.0,0.0,0.0,0.0,0.0,1.0,1.0,0.0,0.0,0.0,0.0,0.0,0.0,0.0,0.0,0.0,0.0,0.0,0.0,0.0,0.0,0.0,0.0
656,402,0,1.0,1.0,0.0,0.1,8.0,1.0,0.0,0.0,0.5,1.0,5.0,0.2,1.0,0.0,1.0,4.0,0.0,0.0,0.0,0.0,5.0,1.0,1.0,1.0,4.0,0.2,0.0,0.0,0.0,76.8,100.0,0.2,0.8,0.0,0.0,0.0,0.0,0.0,1.0,1.0,0.0,0.0,0.0,0.0,0.0,0.0,0.0,0.0,0.0,0.0,0.0,0.0,0.0,0.0,0.0,0.0
656,406,0,0.0,0.0005,1.0,0.1,5.0,1.0,0.0,0.0,0.5,1.0,3.0,0.0,0.0,0.0,0.0,3.0,0.0,0.0,0.0,0.0,3.0,0.0,0.0,1.0,3.0,0.0,0.0,9999.0,0.0,75.0,75.0,0.0,1.0,0.0,0.0,0.0,0.0,0.0,1.0,1.0,0.0,0.0,0.0,0.0,0.0,0.0,0.0,0.0,0.0,0.0,0.0,0.0,0.0,0.0,0.0,0.0
656,408,0,0.0,0.0002,1.0,0.1,8.0,1.0,0.0,0.0,0.5,1.0,1.0,0.0,0.0,0.0,0.0,1.0,0.0,0.0,0.0,0.0,1.0,0.0,0.0,1.0,1.0,0.0,0.0,9999.0,0.0,100.0,100.0,0.0,1.0,0.0,0.0,0.0,0.0,0.0,1.0,1.0,0.0,0.0,0.0,0.0,0.0,0.0,0.0,0.0,0.0,0.0,0.0,0.0,0.0,0.0,0.0,0.0
656,411,0,0.0,0.0,1.0,0.1,6.0,1.0,0.0,0.0,0.5,1.0,0.0,0.0,0.0,0.0,0.0,0.0,0.0,0.0,0.0,0.0,0.0,0.0,0.0,0.0,0.0,0.0,0.0,9999.0,9999.0,0.0,0.0,0.0,0.0,0.0,0.0,0.0,0.0,0.0,1.0,1.0,0.0,0.0,0.0,0.0,0.0,0.0,0.0,0.0,0.0,0.0,0.0,0.0,0.0,0.0,0.0,0.0
656,416,1,1.0,0.9999,1.0,0.1,5.0,1.0,0.0,0.0,0.5,1.0,23.0,0.087,1.0,0.0,2.0,21.0,0.0,0.0,0.0,0.0,23.0,1.0,2.0,1.0,21.0,0.08695652173913043,0.0,0.0,0.0,71.0,71.0,0.08695652173913043,0.9130434782608695,0.0,0.0,0.0,0.0,0.0,1.0,1.0,0.0,0.0,0.0,0.0,0.0,0.0,0.0,0.0,0.0,0.0,0.0,0.0,0.0,0.0,0.0,0.0
656,419,1,1.0,0.9999,1.0,0.1,5.0,1.0,0.0,0.0,0.5,1.0,23.0,0.087,1.0,0.0,2.0,21.0,0.0,0.0,0.0,0.0,23.0,1.0,2.0,1.0,21.0,0.08695652173913043,0.0,0.0,0.0,71.0,71.0,0.08695652173913043,0.9130434782608695,0.0,0.0,0.0,0.0,0.0,1.0,1.0,0.0,0.0,0.0,0.0,0.0,0.0,0.0,0.0,0.0,0.0,0.0,0.0,0.0,0.0,0.0,0.0
656,420,0,0.0,0.0,1.0,0.1,8.0,1.0,0.0,0.0,0.5,1.0,1.0,0.0,0.0,0.0,0.0,1.0,0.0,0.0,0.0,0.0,1.0,0.0,0.0,1.0,1.0,0.0,0.0,9999.0,0.0,71.0,71.0,0.0,1.0,0.0,0.0,0.0,0.0,0.0,1.0,1.0,0.0,0.0,0.0,0.0,0.0,0.0,0.0,0.0,0.0,0.0,0.0,0.0,0.0,0.0,0.0,0.0
656,421,0,0.0,0.0005,1.0,0.1,5.0,1.0,0.0,0.0,0.5,1.0,3.0,0.0,0.0,0.0,0.0,3.0,0.0,0.0,0.0,0.0,3.0,0.0,0.0,1.0,3.0,0.0,0.0,9999.0,0.0,75.0,75.0,0.0,1.0,0.0,0.0,0.0,0.0,0.0,1.0,1.0,0.0,0.0,0.0,0.0,0.0,0.0,0.0,0.0,0.0,0.0,0.0,0.0,0.0,0.0,0.0,0.0
656,428,0,0.0,0.0003,1.0,0.1,7.0,1.0,0.0,0.0,0.5,1.0,2.0,0.0,0.0,0.0,0.0,2.0,0.0,0.0,0.0,0.0,2.0,0.0,0.0,1.0,2.0,0.0,0.0,9999.0,0.0,100.0,100.0,0.0,1.0,0.0,0.0,0.0,0.0,0.0,1.0,1.0,0.0,0.0,0.0,0.0,0.0,0.0,0.0,0.0,0.0,0.0,0.0,0.0,0.0,0.0,0.0,0.0
656,429,1,1.0,0.9999,1.0,0.1,5.0,1.0,0.0,0.0,0.5,1.0,23.0,0.087,1.0,0.0,2.0,21.0,0.0,0.0,0.0,0.0,23.0,1.0,2.0,1.0,21.0,0.08695652173913043,0.0,0.0,0.0,71.0,71.0,0.08695652173913043,0.9130434782608695,0.0,0.0,0.0,0.0,0.0,1.0,1.0,0.0,0.0,0.0,0.0,0.0,0.0,0.0,0.0,0.0,0.0,0.0,0.0,0.0,0.0,0.0,0.0
657,402,1,1.0,0.996,1.0,0.1,8.0,2.0,0.0,0.0,0.6667,2.0,5.0,0.0985,0.4925,0.0,0.0,4.0,0.0,0.0,0.0,0.0,5.0,1.0,1.0,2.0,9.0,-0.2,-1.0,1.0,0.0,76.8,100.0,0.2,0.8,0.0,0.0,0.0,0.0,0.0,1.0,1.0,0.0,0.0,0.0,0.0,0.0,0.0,0.0,0.0,0.0,0.0,0.0,0.0,0.0,0.0,0.0,0.0
657,406,0,0.0,0.0006,1.0,0.1,5.0,2.0,0.0,0.0,0.6667,2.0,3.0,0.0,0.0,0.0,0.0,3.0,0.0,0.0,0.0,0.0,3.0,0.0,0.0,2.0,6.0,0.0,0.0,9999.0,0.0,75.0,75.0,0.0,1.0,0.0,0.0,0.0,0.0,0.0,1.0,1.0,0.0,0.0,0.0,0.0,0.0,0.0,0.0,0.0,0.0,0.0,0.0,0.0,0.0,0.0,0.0,0.0
657,408,0,0.0,0.0002,1.0,0.1,8.0,2.0,0.0,0.0,0.6667,2.0,1.0,0.0,0.0,0.0,0.0,1.0,0.0,0.0,0.0,0.0,1.0,0.0,0.0,2.0,2.0,0.0,0.0,9999.0,0.0,100.0,100.0,0.0,1.0,0.0,0.0,0.0,0.0,0.0,1.0,1.0,0.0,0.0,0.0,0.0,0.0,0.0,0.0,0.0,0.0,0.0,0.0,0.0,0.0,0.0,0.0,0.0
657,411,0,0.0,0.0,1.0,0.1,6.0,2.0,0.0,0.0,0.6667,2.0,0.0,0.0,0.0,0.0,0.0,0.0,0.0,0.0,0.0,0.0,0.0,0.0,0.0,0.0,0.0,0.0,0.0,9999.0,9999.0,0.0,0.0,0.0,0.0,0.0,0.0,0.0,0.0,0.0,1.0,1.0,0.0,0.0,0.0,0.0,0.0,0.0,0.0,0.0,0.0,0.0,0.0,0.0,0.0,0.0,0.0,0.0
657,416,1,1.0,0.9999,1.0,0.1,5.0,2.0,0.0,0.0,0.6667,2.0,23.0,0.087,1.0,0.0,2.0,21.0,0.0,0.0,0.0,0.0,23.0,2.0,4.0,2.0,42.0,0.0,0.0,0.0,0.0,71.0,71.0,0.08695652173913043,0.9130434782608695,0.0,0.0,0.0,0.0,0.0,1.0,1.0,0.0,0.0,0.0,0.0,0.0,0.0,0.0,0.0,0.0,0.0,0.0,0.0,0.0,0.0,0.0,0.0
657,419,1,1.0,0.9999,1.0,0.1,5.0,2.0,0.0,0.0,0.6667,2.0,23.0,0.087,1.0,0.0,2.0,21.0,0.0,0.0,0.0,0.0,23.0,2.0,4.0,2.0,42.0,0.0,0.0,0.0,0.0,71.0,71.0,0.08695652173913043,0.9130434782608695,0.0,0.0,0.0,0.0,0.0,1.0,1.0,0.0,0.0,0.0,0.0,0.0,0.0,0.0,0.0,0.0,0.0,0.0,0.0,0.0,0.0,0.0,0.0
657,420,0,0.0,0.0,1.0,0.1,8.0,2.0,0.0,0.0,0.6667,2.0,1.0,0.0,0.0,0.0,0.0,1.0,0.0,0.0,0.0,0.0,1.0,0.0,0.0,2.0,2.0,0.0,0.0,9999.0,0.0,71.0,71.0,0.0,1.0,0.0,0.0,0.0,0.0,0.0,1.0,1.0,0.0,0.0,0.0,0.0,0.0,0.0,0.0,0.0,0.0,0.0,0.0,0.0,0.0,0.0,0.0,0.0
657,421,0,0.0,0.0006,1.0,0.1,5.0,2.0,0.0,0.0,0.6667,2.0,3.0,0.0,0.0,0.0,0.0,3.0,0.0,0.0,0.0,0.0,3.0,0.0,0.0,2.0,6.0,0.0,0.0,9999.0,0.0,75.0,75.0,0.0,1.0,0.0,0.0,0.0,0.0,0.0,1.0,1.0,0.0,0.0,0.0,0.0,0.0,0.0,0.0,0.0,0.0,0.0,0.0,0.0,0.0,0.0,0.0,0.0
657,429,1,1.0,0.9999,1.0,0.1,5.0,2.0,0.0,0.0,0.6667,2.0,23.0,0.087,1.0,0.0,2.0,21.0,0.0,0.0,0.0,0.0,23.0,2.0,4.0,2.0,42.0,0.0,0.0,0.0,0.0,71.0,71.0,0.08695652173913043,0.9130434782608695,0.0,0.0,0.0,0.0,0.0,1.0,1.0,0.0,0.0,0.0,0.0,0.0,0.0,0.0,0.0,0.0,0.0,0.0,0.0,0.0,0.0,0.0,0.0
658,401,0,1.0,1.0,0.0,0.1,8.0,2.0,1.0,0.25,0.5,3.0,5.0,0.1334,0.6668,0.0,1.0,4.0,0.0,0.0,0.0,0.0,5.0,2.0,2.0,2.0,8.0,-0.0985,-0.4925,0.0,0.0,76.8,100.0,0.2,0.8,0.0,0.0,0.0,0.0,0.0,1.0,1.0,0.0,0.0,0.0,0.0,0.0,0.0,0.0,0.0,0.0,0.0,0.0,0.0,0.0,0.0,0.0,0.0
658,411,0,0.0,0.0,1.0,0.1,6.0,3.0,0.0,0.0,0.75,3.0,0.0,0.0,0.0,0.0,0.0,0.0,0.0,0.0,0.0,0.0,0.0,0.0,0.0,0.0,0.0,0.0,0.0,9999.0,9999.0,0.0,0.0,0.0,0.0,0.0,0.0,0.0,0.0,0.0,1.0,1.0,0.0,0.0,0.0,0.0,0.0,0.0,0.0,0.0,0.0,0.0,0.0,0.0,0.0,0.0,0.0,0.0
658,413,1,0.0,0.0002,0.0,0.1,10.0,2.0,1.0,0.25,0.5,3.0,1.0,0.0,0.0,0.0,0.0,1.0,0.0,0.0,0.0,0.0,1.0,0.0,0.0,2.0,2.0,0.0,0.0,9999.0,0.0,100.0,100.0,0.0,1.0,0.0,0.0,0.0,0.0,0.0,1.0,1.0,0.0,0.0,0.0,0.0,0.0,0.0,0.0,0.0,0.0,0.0,0.0,0.0,0.0,0.0,0.0,0.0
658,416,1,1.0,0.9997,1.0,0.1,5.0,3.0,0.0,0.0,0.75,3.0,23.0,0.087,1.0,0.0,2.0,21.0,0.0,0.0,0.0,0.0,23.0,3.0,6.0,3.0,63.0,0.0,0.0,0.0,0.0,71.0,71.0,0.08695652173913043,0.9130434782608695,0.0,0.0,0.0,0.0,0.0,1.0,1.0,0.0,0.0,0.0,0.0,0.0,0.0,0.0,0.0,0.0,0.0,0.0,0.0,0.0,0.0,0.0,0.0
658,419,1,1.0,0.9997,1.0,0.1,5.0,3.0,0.0,0.0,0.75,3.0,23.0,0.087,1.0,0.0,2.0,21.0,0.0,0.0,0.0,0.0,23.0,3.0,6.0,3.0,63.0,0.0,0.0,0.0,0.0,71.0,71.0,0.08695652173913043,0.9130434782608695,0.0,0.0,0.0,0.0,0.0,1.0,1.0,0.0,0.0,0.0,0.0,0.0,0.0,0.0,0.0,0.0,0.0,0.0,0.0,0.0,0.0,0.0,0.0
658,420,0,0.0,0.0,1.0,0.1,8.0,3.0,0.0,0.0,0.75,3.0,1.0,0.0,0.0,0.0,0.0,1.0,0.0,0.0,0.0,0.0,1.0,0.0,0.0,3.0,3.0,0.0,0.0,9999.0,0.0,71.0,71.0,0.0,1.0,0.0,0.0,0.0,0.0,0.0,1.0,1.0,0.0,0.0,0.0,0.0,0.0,0.0,0.0,0.0,0.0,0.0,0.0,0.0,0.0,0.0,0.0,0.0
658,421,1,0.0,0.0006,0.0,0.1,5.0,3.0,0.0,0.0,0.75,3.0,3.0,0.0,0.0,0.0,0.0,3.0,0.0,0.0,0.0,0.0,3.0,0.0,0.0,3.0,9.0,0.0,0.0,9999.0,0.0,75.0,75.0,0.0,1.0,0.0,0.0,0.0,0.0,0.0,1.0,1.0,0.0,0.0,0.0,0.0,0.0,0.0,0.0,0.0,0.0,0.0,0.0,0.0,0.0,0.0,0.0,0.0
659,197,0,1.0,0.94,0.0,0.1,8.0,6.0,432.0,0.973,0.0135,443.0,27.0,0.0384,1.0,0.0,1.0,26.0,0.0,0.0,0.0,0.0,27.0,1.0,24.0,5.0,121.0,-0.019474074074074074,-0.6166,0.0,0.0,70.0,70.0,0.0,1.0,0.0,0.0,0.0,0.0,0.0,1.0,1.0,0.0,0.0,0.0,0.0,0.0,0.0,0.0,0.0,0.0,0.0,0.0,0.0,0.0,0.0,0.0,0.0
659,206,0,1.0,0.6919,0.0,0.1,5.0,9.0,434.0,0.9775,0.0203,443.0,3.0,0.0874,0.2614,0.0,0.0,2.0,0.0,0.0,0.0,0.0,3.0,1.0,2.0,8.0,12.0,0.1694,0.0,0.0,0.0,75.0,75.0,0.0,1.0,0.0,0.0,0.0,0.0,0.0,1.0,1.0,0.0,0.0,0.0,0.0,0.0,0.0,0.0,0.0,0.0,0.0,0.0,0.0,0.0,0.0,0.0,0.0
659,274,0,0.0,0.001,1.0,0.1,7.0,5.0,216.0,0.9643,0.0223,223.0,1.0,0.0034,0.0034,0.0034,0.0,1.0,0.0,0.0,0.0,0.0,1.0,2.0,2.0,2.0,2.0,-1.0,-1.0,183.0,0.0,83.0,83.0,0.0,1.0,0.0,0.0,0.0,0.0,0.0,1.0,1.0,0.0,0.0,0.0,0.0,0.0,0.0,0.0,0.0,0.0,0.0,0.0,0.0,0.0,0.0,0.0,0.0
659,291,1,0.0,0.0631,0.0,0.1,5.0,7.0,190.0,0.9596,0.0354,197.0,2.0,0.3802,0.3808,0.3795,0.0,0.0,0.0,0.0,0.0,0.0,2.0,5.0,7.0,4.0,6.0,-0.13155,-0.3917,0.0,0.0,75.0,75.0,1.0,0.0,0.0,0.0,0.0,0.0,0.0,1.0,1.0,0.0,0.0,0.0,0.0,0.0,0.0,0.0,0.0,0.0,0.0,0.0,0.0,0.0,0.0,0.0,0.0
659,300,1,1.0,0.7568,1.0,0.1,134.0,5.0,193.0,0.9747,0.0253,197.0,1.0,0.0042,0.0042,0.0042,0.0,1.0,0.0,0.0,0.0,0.0,1.0,2.0,2.0,3.0,3.0,-0.7583,-0.7583,181.0,0.0,75.0,75.0,0.0,1.0,0.0,0.0,0.0,0.0,0.0,1.0,1.0,0.0,0.0,0.0,0.0,0.0,0.0,0.0,0.0,0.0,0.0,0.0,0.0,0.0,0.0,0.0,0.0
659,301,1,0.0,0.0014,0.0,0.1,7.0,5.0,192.0,0.9697,0.0253,197.0,1.0,1.0,1.0,1.0,1.0,0.0,0.0,0.0,0.0,0.0,1.0,5.0,5.0,0.0,0.0,0.0,0.0,0.0,9999.0,80.0,80.0,1.0,0.0,0.0,0.0,0.0,0.0,0.0,1.0,1.0,0.0,0.0,0.0,0.0,0.0,0.0,0.0,0.0,0.0,0.0,0.0,0.0,0.0,0.0,0.0,0.0
659,302,1,0.0,0.0014,0.0,0.1,7.0,5.0,192.0,0.9697,0.0253,197.0,1.0,1.0,1.0,1.0,1.0,0.0,0.0,0.0,0.0,0.0,1.0,5.0,5.0,0.0,0.0,0.0,0.0,0.0,9999.0,80.0,80.0,1.0,0.0,0.0,0.0,0.0,0.0,0.0,1.0,1.0,0.0,0.0,0.0,0.0,0.0,0.0,0.0,0.0,0.0,0.0,0.0,0.0,0.0,0.0,0.0,0.0
659,304,1,1.0,0.9997,1.0,0.1,10.0,8.0,190.0,0.9596,0.0404,197.0,28.0,0.2106,1.0,0.0,1.0,13.0,0.0,0.0,0.0,0.0,28.0,7.0,67.0,8.0,111.0,-0.2098964285714286,-0.5739,0.0,0.0,70.0,70.0,0.5,0.5,0.0,0.0,0.0,0.0,0.0,1.0,1.0,0.0,0.0,0.0,0.0,0.0,0.0,0.0,0.0,0.0,0.0,0.0,0.0,0.0,0.0,0.0,0.0
659,307,1,1.0,0.9998,1.0,0.1,10.0,8.0,189.0,0.9545,0.0404,197.0,28.0,0.0728,0.7661,0.0,1.0,23.0,0.0,0.0,0.0,0.0,28.0,8.0,59.0,8.0,113.0,-0.23368928571428574,-0.6862,0.0,0.0,70.0,70.0,0.17857142857142858,0.8214285714285714,0.0,0.0,0.0,0.0,0.0,1.0,1.0,0.0,0.0,0.0,0.0,0.0,0.0,0.0,0.0,0.0,0.0,0.0,0.0,0.0,0.0,0.0,0.0
659,309,1,1.0,0.9998,1.0,0.1,10.0,9.0,188.0,0.9495,0.0455,197.0,28.0,0.0857,0.7661,0.0,2.0,23.0,0.0,0.0,0.0,0.0,28.0,8.0,61.0,9.0,134.0,-0.25696785714285714,-0.7837,0.0,0.0,70.0,70.0,0.17857142857142858,0.8214285714285714,0.0,0.0,0.0,0.0,0.0,1.0,1.0,0.0,0.0,0.0,0.0,0.0,0.0,0.0,0.0,0.0,0.0,0.0,0.0,0.0,0.0,0.0,0.0
659,332,1,1.0,0.9999,1.0,0.1,5.0,8.0,189.0,0.9545,0.0404,197.0,23.0,0.251,0.9954,0.0,2.0,8.0,0.0,0.0,0.0,0.0,23.0,8.0,49.0,8.0,101.0,0.07985652173913041,-0.4135,0.0,0.0,71.0,71.0,0.13043478260869565,0.8695652173913043,0.0,0.0,0.0,0.0,0.0,1.0,1.0,0.0,0.0,0.0,0.0,0.0,0.0,0.0,0.0,0.0,0.0,0.0,0.0,0.0,0.0,0.0,0.0
659,333,1,1.0,1.0,1.0,0.1,5.0,10.0,187.0,0.9444,0.0505,197.0,23.0,0.251,0.9954,0.0,2.0,8.0,0.0,0.0,0.0,0.0,23.0,8.0,52.0,10.0,133.0,0.1086782608695652,-0.3776,0.0,0.0,71.0,71.0,0.13043478260869565,0.8695652173913043,0.0,0.0,0.0,0.0,0.0,1.0,1.0,0.0,0.0,0.0,0.0,0.0,0.0,0.0,0.0,0.0,0.0,0.0,0.0,0.0,0.0,0.0,0.0
659,334,1,1.0,0.9999,1.0,0.1,5.0,7.0,190.0,0.9596,0.0354,197.0,23.0,0.4635,1.0,0.0,10.0,8.0,0.0,0.0,0.0,0.0,23.0,7.0,72.0,7.0,65.0,0.03559565217391304,-0.3801,0.0,0.0,71.0,71.0,0.43478260869565216,0.5652173913043478,0.0,0.0,0.0,0.0,0.0,1.0,1.0,0.0,0.0,0.0,0.0,0.0,0.0,0.0,0.0,0.0,0.0,0.0,0.0,0.0,0.0,0.0,0.0
659,335,1,1.0,0.9999,1.0,0.1,5.0,7.0,190.0,0.9596,0.0354,197.0,23.0,0.4635,1.0,0.0,10.0,8.0,0.0,0.0,0.0,0.0,23.0,7.0,72.0,7.0,65.0,0.03559565217391304,-0.3801,0.0,0.0,71.0,71.0,0.43478260869565216,0.5652173913043478,0.0,0.0,0.0,0.0,0.0,1.0,1.0,0.0,0.0,0.0,0.0,0.0,0.0,0.0,0.0,0.0,0.0,0.0,0.0,0.0,0.0,0.0,0.0
659,336,1,1.0,1.0,1.0,0.1,7.0,9.0,188.0,0.9495,0.0455,197.0,3.0,0.3333,1.0,0.0,1.0,2.0,0.0,0.0,0.0,0.0,3.0,3.0,3.0,9.0,18.0,0.0,0.0,0.0,0.0,79.0,83.0,0.3333333333333333,0.6666666666666666,0.0,0.0,0.0,0.0,0.0,1.0,1.0,0.0,0.0,0.0,0.0,0.0,0.0,0.0,0.0,0.0,0.0,0.0,0.0,0.0,0.0,0.0,0.0
659,342,1,1.0,0.9999,1.0,0.1,5.0,8.0,188.0,0.9495,0.0404,197.0,23.0,0.216,0.7109,0.0,2.0,8.0,0.0,0.0,0.0,0.0,23.0,7.0,39.0,8.0,113.0,0.14267391304347823,-0.4495,0.0,0.0,71.0,71.0,0.13043478260869565,0.8695652173913043,0.0,0.0,0.0,0.0,0.0,1.0,1.0,0.0,0.0,0.0,0.0,0.0,0.0,0.0,0.0,0.0,0.0,0.0,0.0,0.0,0.0,0.0,0.0
659,343,1,1.0,0.9999,1.0,0.1,5.0,7.0,190.0,0.9596,0.0354,197.0,23.0,0.4635,1.0,0.0,10.0,8.0,0.0,0.0,0.0,0.0,23.0,7.0,72.0,7.0,65.0,0.03559565217391304,-0.3801,0.0,0.0,71.0,71.0,0.43478260869565216,0.5652173913043478,0.0,0.0,0.0,0.0,0.0,1.0,1.0,0.0,0.0,0.0,0.0,0.0,0.0,0.0,0.0,0.0,0.0,0.0,0.0,0.0,0.0,0.0,0.0
659,344,1,1.0,1.0,1.0,0.1,5.0,8.0,189.0,0.9545,0.0404,197.0,23.0,0.4632,1.0,0.0,10.0,8.0,0.0,0.0,0.0,0.0,23.0,7.0,75.0,8.0,80.0,0.12602608695652173,-0.603,0.0,0.0,71.0,71.0,0.43478260869565216,0.5652173913043478,0.0,0.0,0.0,0.0,0.0,1.0,1.0,0.0,0.0,0.0,0.0,0.0,0.0,0.0,0.0,0.0,0.0,0.0,0.0,0.0,0.0,0.0,0.0
659,345,1,1.0,0.9999,1.0,0.1,5.0,7.0,190.0,0.9596,0.0354,197.0,23.0,0.4635,1.0,0.0,10.0,8.0,0.0,0.0,0.0,0.0,23.0,7.0,72.0,7.0,65.0,0.03559565217391304,-0.3801,0.0,0.0,71.0,71.0,0.43478260869565216,0.5652173913043478,0.0,0.0,0.0,0.0,0.0,1.0,1.0,0.0,0.0,0.0,0.0,0.0,0.0,0.0,0.0,0.0,0.0,0.0,0.0,0.0,0.0,0.0,0.0
659,346,1,1.0,0.9999,1.0,0.1,5.0,7.0,190.0,0.9596,0.0354,197.0,23.0,0.4635,1.0,0.0,10.0,8.0,0.0,0.0,0.0,0.0,23.0,7.0,72.0,7.0,65.0,0.03559565217391304,-0.3801,0.0,0.0,71.0,71.0,0.43478260869565216,0.5652173913043478,0.0,0.0,0.0,0.0,0.0,1.0,1.0,0.0,0.0,0.0,0.0,0.0,0.0,0.0,0.0,0.0,0.0,0.0,0.0,0.0,0.0,0.0,0.0
659,347,0,0.0,0.0,1.0,0.1,5.0,7.0,190.0,0.9596,0.0354,197.0,0.0,0.0,0.0,0.0,0.0,0.0,0.0,0.0,0.0,0.0,0.0,0.0,0.0,0.0,0.0,0.0,0.0,9999.0,9999.0,0.0,0.0,0.0,0.0,0.0,0.0,0.0,0.0,0.0,1.0,1.0,0.0,0.0,0.0,0.0,0.0,0.0,0.0,0.0,0.0,0.0,0.0,0.0,0.0,0.0,0.0,0.0
659,348,0,0.0,0.0003,1.0,0.1,5.0,6.0,188.0,0.9495,0.0303,197.0,1.0,0.0,0.0,0.0,0.0,1.0,0.0,0.0,0.0,0.0,1.0,0.0,0.0,6.0,6.0,0.0,0.0,9999.0,0.0,75.0,75.0,0.0,1.0,0.0,0.0,0.0,0.0,0.0,1.0,1.0,0.0,0.0,0.0,0.0,0.0,0.0,0.0,0.0,0.0,0.0,0.0,0.0,0.0,0.0,0.0,0.0
659,350,1,1.0,0.9999,1.0,0.1,5.0,7.0,190.0,0.9596,0.0354,197.0,23.0,0.4635,1.0,0.0,10.0,8.0,0.0,0.0,0.0,0.0,23.0,7.0,72.0,7.0,65.0,0.03559565217391304,-0.3801,0.0,0.0,71.0,71.0,0.43478260869565216,0.5652173913043478,0.0,0.0,0.0,0.0,0.0,1.0,1.0,0.0,0.0,0.0,0.0,0.0,0.0,0.0,0.0,0.0,0.0,0.0,0.0,0.0,0.0,0.0,0.0
659,356,1,1.0,0.9996,1.0,0.1,10.0,7.0,184.0,0.9634,0.0366,190.0,28.0,0.2108,1.0,0.0,1.0,13.0,0.0,0.0,0.0,0.0,28.0,7.0,67.0,7.0,91.0,-0.3299785714285714,-0.8402,0.0,0.0,70.0,70.0,0.5,0.5,0.0,0.0,0.0,0.0,0.0,1.0,1.0,0.0,0.0,0.0,0.0,0.0,0.0,0.0,0.0,0.0,0.0,0.0,0.0,0.0,0.0,0.0,0.0
659,359,1,1.0,0.9998,1.0,0.1,5.0,6.0,185.0,0.9686,0.0314,190.0,23.0,0.4061,0.8407,0.0,9.0,8.0,0.0,0.0,0.0,0.0,23.0,6.0,63.0,6.0,54.0,0.007434782608695644,-0.5299,0.0,0.0,71.0,71.0,0.43478260869565216,0.5652173913043478,0.0,0.0,0.0,0.0,0.0,1.0,1.0,0.0,0.0,0.0,0.0,0.0,0.0,0.0,0.0,0.0,0.0,0.0,0.0,0.0,0.0,0.0,0.0
659,360,0,0.0,0.0002,1.0,0.1,6.0,8.0,181.0,0.9577,0.0423,188.0,1.0,0.0,0.0,0.0,0.0,1.0,0.0,0.0,0.0,0.0,1.0,0.0,0.0,8.0,8.0,0.0,0.0,9999.0,0.0,75.0,75.0,0.0,1.0,0.0,0.0,0.0,0.0,0.0,1.0,1.0,0.0,0.0,0.0,0.0,0.0,0.0,0.0,0.0,0.0,0.0,0.0,0.0,0.0,0.0,0.0,0.0
659,361,1,0.0,0.0766,0.0,0.1,5.0,5.0,182.0,0.963,0.0265,188.0,2.0,0.1912,0.3808,0.0016,0.0,1.0,0.0,0.0,0.0,0.0,2.0,2.0,3.0,4.0,7.0,-0.09740000000000001,-0.3234,0.0,0.0,75.0,75.0,1.0,0.0,0.0,0.0,0.0,0.0,0.0,1.0,1.0,0.0,0.0,0.0,0.0,0.0,0.0,0.0,0.0,0.0,0.0,0.0,0.0,0.0,0.0,0.0,0.0
659,396,1,1.0,1.0,1.0,0.1,5.0,3.0,26.0,0.8966,0.1034,28.0,23.0,0.3928,0.7968,0.0,9.0,8.0,0.0,0.0,0.0,0.0,23.0,3.0,32.0,3.0,31.0,0.2854913043478261,-0.6715,0.0,0.0,71.0,71.0,0.43478260869565216,0.5652173913043478,0.0,0.0,0.0,0.0,0.0,1.0,1.0,0.0,0.0,0.0,0.0,0.0,0.0,0.0,0.0,0.0,0.0,0.0,0.0,0.0,0.0,0.0,0.0
659,399,1,1.0,0.9963,1.0,0.1,7.0,3.0,21.0,0.875,0.125,23.0,3.0,0.3333,1.0,0.0,1.0,2.0,0.0,0.0,0.0,0.0,3.0,3.0,3.0,3.0,6.0,0.0,0.0,0.0,0.0,79.0,83.0,0.3333333333333333,0.6666666666666666,0.0,0.0,0.0,0.0,0.0,1.0,1.0,0.0,0.0,0.0,0.0,0.0,0.0,0.0,0.0,0.0,0.0,0.0,0.0,0.0,0.0,0.0,0.0
659,411,0,0.0,0.0,1.0,0.1,6.0,4.0,0.0,0.0,0.8,4.0,0.0,0.0,0.0,0.0,0.0,0.0,0.0,0.0,0.0,0.0,0.0,0.0,0.0,0.0,0.0,0.0,0.0,9999.0,9999.0,0.0,0.0,0.0,0.0,0.0,0.0,0.0,0.0,0.0,1.0,1.0,0.0,0.0,0.0,0.0,0.0,0.0,0.0,0.0,0.0,0.0,0.0,0.0,0.0,0.0,0.0,0.0
659,412,0,1.0,0.2401,0.0,0.1,10.0,1.0,4.0,0.8,0.2,4.0,1.0,0.3467,0.3467,0.3467,0.0,0.0,0.0,0.0,0.0,0.0,1.0,1.0,1.0,0.0,0.0,0.5075,0.5075,0.0,1.0,100.0,100.0,0.0,1.0,0.0,0.0,0.0,0.0,0.0,1.0,1.0,0.0,0.0,0.0,0.0,0.0,0.0,0.0,0.0,0.0,0.0,0.0,0.0,0.0,0.0,0.0,0.0
659,416,1,1.0,1.0,1.0,0.1,5.0,4.0,0.0,0.0,0.8,4.0,23.0,0.2233,1.0,0.0,2.0,8.0,0.0,0.0,0.0,0.0,23.0,4.0,19.0,4.0,73.0,0.26478260869565223,-0.5075,0.0,0.0,71.0,71.0,0.08695652173913043,0.9130434782608695,0.0,0.0,0.0,0.0,0.0,1.0,1.0,0.0,0.0,0.0,0.0,0.0,0.0,0.0,0.0,0.0,0.0,0.0,0.0,0.0,0.0,0.0,0.0
659,419,1,1.0,1.0,1.0,0.1,5.0,4.0,0.0,0.0,0.8,4.0,23.0,0.2233,1.0,0.0,2.0,8.0,0.0,0.0,0.0,0.0,23.0,4.0,19.0,4.0,73.0,0.26478260869565223,-0.5075,0.0,0.0,71.0,71.0,0.08695652173913043,0.9130434782608695,0.0,0.0,0.0,0.0,0.0,1.0,1.0,0.0,0.0,0.0,0.0,0.0,0.0,0.0,0.0,0.0,0.0,0.0,0.0,0.0,0.0,0.0,0.0
659,420,0,0.0,0.0002,1.0,0.1,8.0,4.0,0.0,0.0,0.8,4.0,1.0,0.0,0.0,0.0,0.0,1.0,0.0,0.0,0.0,0.0,1.0,0.0,0.0,4.0,4.0,0.0,0.0,9999.0,0.0,71.0,71.0,0.0,1.0,0.0,0.0,0.0,0.0,0.0,1.0,1.0,0.0,0.0,0.0,0.0,0.0,0.0,0.0,0.0,0.0,0.0,0.0,0.0,0.0,0.0,0.0,0.0
659,426,0,0.0,0.0,1.0,0.1,7.0,1.0,4.0,0.8,0.2,4.0,0.0,0.0,0.0,0.0,0.0,0.0,0.0,0.0,0.0,0.0,0.0,0.0,0.0,0.0,0.0,0.0,0.0,9999.0,9999.0,0.0,0.0,0.0,0.0,0.0,0.0,0.0,0.0,0.0,1.0,1.0,0.0,0.0,0.0,0.0,0.0,0.0,0.0,0.0,0.0,0.0,0.0,0.0,0.0,0.0,0.0,0.0
668,370,0,0.0,0.0,1.0,0.1,7.0,2.0,138.0,0.9718,0.0141,141.0,0.0,0.0,0.0,0.0,0.0,0.0,0.0,0.0,0.0,0.0,0.0,0.0,0.0,0.0,0.0,0.0,0.0,9999.0,9999.0,0.0,0.0,0.0,0.0,0.0,0.0,0.0,0.0,0.0,1.0,1.0,0.0,0.0,0.0,0.0,0.0,0.0,0.0,0.0,0.0,0.0,0.0,0.0,0.0,0.0,0.0,0.0
669,370,0,0.0,0.0,1.0,0.1,7.0,3.0,138.0,0.965,0.021,142.0,0.0,0.0,0.0,0.0,0.0,0.0,0.0,0.0,0.0,0.0,0.0,0.0,0.0,0.0,0.0,0.0,0.0,9999.0,9999.0,0.0,0.0,0.0,0.0,0.0,0.0,0.0,0.0,0.0,1.0,1.0,0.0,0.0,0.0,0.0,0.0,0.0,0.0,0.0,0.0,0.0,0.0,0.0,0.0,0.0,0.0,0.0
670,370,0,0.0,0.0,1.0,0.1,7.0,4.0,138.0,0.9583,0.0278,143.0,0.0,0.0,0.0,0.0,0.0,0.0,0.0,0.0,0.0,0.0,0.0,0.0,0.0,0.0,0.0,0.0,0.0,9999.0,9999.0,0.0,0.0,0.0,0.0,0.0,0.0,0.0,0.0,0.0,1.0,1.0,0.0,0.0,0.0,0.0,0.0,0.0,0.0,0.0,0.0,0.0,0.0,0.0,0.0,0.0,0.0,0.0
697,549,0,0.0,0.0,1.0,0.1,5.0,2.0,1.0,0.25,0.5,3.0,2.0,0.0,0.0,0.0,0.0,2.0,0.0,0.0,0.0,0.0,2.0,0.0,0.0,2.0,4.0,0.0,0.0,9999.0,0.0,80.0,80.0,0.0,1.0,0.0,0.0,0.0,0.0,0.0,1.0,1.0,0.0,0.0,0.0,0.0,0.0,0.0,0.0,0.0,0.0,0.0,0.0,0.0,0.0,0.0,0.0,0.0
697,555,1,1.0,0.9911,1.0,0.1,5.0,1.0,0.0,0.0,1.0,0.0,8.0,0.125,1.0,0.0,1.0,7.0,0.0,0.0,0.0,0.0,8.0,1.0,1.0,1.0,7.0,0.0,0.0,0.0,0.0,75.0,75.0,0.125,0.875,0.0,0.0,0.0,0.0,0.0,1.0,1.0,0.0,0.0,0.0,0.0,0.0,0.0,0.0,0.0,0.0,0.0,0.0,0.0,0.0,0.0,0.0,0.0
697,556,1,1.0,0.9911,1.0,0.1,5.0,1.0,0.0,0.0,1.0,0.0,8.0,0.125,1.0,0.0,1.0,7.0,0.0,0.0,0.0,0.0,8.0,1.0,1.0,1.0,7.0,0.0,0.0,0.0,0.0,75.0,75.0,0.125,0.875,0.0,0.0,0.0,0.0,0.0,1.0,1.0,0.0,0.0,0.0,0.0,0.0,0.0,0.0,0.0,0.0,0.0,0.0,0.0,0.0,0.0,0.0,0.0
697,557,0,1.0,0.9984,0.0,0.1,5.0,1.0,0.0,0.0,1.0,0.0,31.0,0.0,0.0,0.0,0.0,31.0,0.0,0.0,0.0,0.0,31.0,0.0,0.0,1.0,31.0,0.0,0.0,9999.0,0.0,72.87096774193549,100.0,0.0,1.0,0.0,0.0,0.0,0.0,0.0,1.0,1.0,0.0,0.0,0.0,0.0,0.0,0.0,0.0,0.0,0.0,0.0,0.0,0.0,0.0,0.0,0.0,0.0
698,544,0,1.0,0.997,0.0,0.1,9.0,2.0,2.0,0.4,0.4,4.0,1.0,0.0,0.0,0.0,0.0,1.0,0.0,0.0,0.0,0.0,1.0,0.0,0.0,2.0,2.0,0.0,0.0,9999.0,0.0,77.0,77.0,0.0,1.0,0.0,0.0,0.0,0.0,0.0,1.0,1.0,0.0,0.0,0.0,0.0,0.0,0.0,0.0,0.0,0.0,0.0,0.0,0.0,0.0,0.0,0.0,0.0
698,549,0,0.0,0.0,1.0,0.1,5.0,3.0,1.0,0.2,0.6,4.0,2.0,0.0,0.0,0.0,0.0,2.0,0.0,0.0,0.0,0.0,2.0,0.0,0.0,3.0,6.0,0.0,0.0,9999.0,0.0,80.0,80.0,0.0,1.0,0.0,0.0,0.0,0.0,0.0,1.0,1.0,0.0,0.0,0.0,0.0,0.0,0.0,0.0,0.0,0.0,0.0,0.0,0.0,0.0,0.0,0.0,0.0
698,555,1,1.0,1.0,1.0,0.1,5.0,2.0,0.0,0.0,1.0,1.0,8.0,0.125,1.0,0.0,1.0,7.0,0.0,0.0,0.0,0.0,8.0,2.0,2.0,2.0,14.0,0.0,0.0,0.0,0.0,75.0,75.0,0.125,0.875,0.0,0.0,0.0,0.0,0.0,1.0,1.0,0.0,0.0,0.0,0.0,0.0,0.0,0.0,0.0,0.0,0.0,0.0,0.0,0.0,0.0,0.0,0.0
698,556,1,1.0,1.0,1.0,0.1,5.0,2.0,0.0,0.0,1.0,1.0,8.0,0.125,1.0,0.0,1.0,7.0,0.0,0.0,0.0,0.0,8.0,2.0,2.0,2.0,14.0,0.0,0.0,0.0,0.0,75.0,75.0,0.125,0.875,0.0,0.0,0.0,0.0,0.0,1.0,1.0,0.0,0.0,0.0,0.0,0.0,0.0,0.0,0.0,0.0,0.0,0.0,0.0,0.0,0.0,0.0,0.0
698,557,0,1.0,0.9985,0.0,0.1,5.0,2.0,0.0,0.0,1.0,1.0,31.0,0.0,0.0,0.0,0.0,31.0,0.0,0.0,0.0,0.0,31.0,0.0,0.0,2.0,62.0,0.0,0.0,9999.0,0.0,72.87096774193549,100.0,0.0,1.0,0.0,0.0,0.0,0.0,0.0,1.0,1.0,0.0,0.0,0.0,0.0,0.0,0.0,0.0,0.0,0.0,0.0,0.0,0.0,0.0,0.0,0.0,0.0
732,624,0,1.0,0.8456,0.0,0.1,23.0,1.0,0.0,0.0,1.0,0.0,3.0,0.0,0.0,0.0,0.0,3.0,0.0,0.0,0.0,0.0,3.0,0.0,0.0,1.0,3.0,0.0,0.0,9999.0,0.0,70.0,70.0,0.6666666666666666,0.3333333333333333,0.0,0.0,0.0,0.0,0.0,1.0,1.0,0.0,0.0,0.0,0.0,0.0,0.0,0.0,0.0,0.0,0.0,0.0,0.0,0.0,0.0,0.0,0.0
774,606,1,0.0,0.0002,0.0,0.1,5.0,1.0,55.0,0.9649,0.0175,56.0,2.0,0.0,0.0,0.0,0.0,2.0,0.0,0.0,0.0,0.0,2.0,0.0,0.0,1.0,2.0,0.0,0.0,9999.0,0.0,75.0,75.0,1.0,0.0,0.0,0.0,0.0,0.0,0.0,1.0,1.0,0.0,0.0,0.0,0.0,0.0,0.0,0.0,0.0,0.0,0.0,0.0,0.0,0.0,0.0,0.0,0.0
777,14,1,0.0,0.0544,0.0,0.1,8.0,5.0,757.0,0.9768,0.0065,774.0,1.0,0.9654,0.9654,0.9654,1.0,0.0,0.0,0.0,0.0,0.0,1.0,3.0,3.0,0.0,0.0,0.1131,0.1131,0.0,100.0,83.0,83.0,1.0,0.0,0.0,0.0,0.0,0.0,0.0,1.0,1.0,0.0,0.0,0.0,0.0,0.0,0.0,0.0,0.0,0.0,0.0,0.0,0.0,0.0,0.0,0.0,0.0
777,436,1,0.0,0.0104,0.0,0.1,8.0,4.0,98.0,0.9608,0.0392,101.0,1.0,0.9654,0.9654,0.9654,1.0,0.0,0.0,0.0,0.0,0.0,1.0,3.0,3.0,1.0,1.0,0.1131,0.1131,0.0,100.0,83.0,83.0,1.0,0.0,0.0,0.0,0.0,0.0,0.0,1.0,1.0,0.0,0.0,0.0,0.0,0.0,0.0,0.0,0.0,0.0,0.0,0.0,0.0,0.0,0.0,0.0,0.0
798,281,0,0.0,0.0004,1.0,0.1,7.0,10.0,324.0,0.9614,0.0297,336.0,1.0,0.0,0.0,0.0,0.0,1.0,0.0,0.0,0.0,0.0,1.0,2.0,2.0,8.0,8.0,-0.0368,-0.0368,322.0,0.0,83.0,83.0,0.0,1.0,0.0,0.0,0.0,0.0,0.0,1.0,1.0,0.0,0.0,0.0,0.0,0.0,0.0,0.0,0.0,0.0,0.0,0.0,0.0,0.0,0.0,0.0,0.0
798,301,1,1.0,0.9998,1.0,0.1,7.0,10.0,326.0,0.9674,0.0297,336.0,3.0,0.2268,0.6803,0.0,1.0,2.0,0.0,0.0,0.0,0.0,3.0,9.0,9.0,3.0,7.0,-0.10663333333333334,-0.3199,0.0,0.0,80.0,80.0,0.3333333333333333,0.6666666666666666,0.0,0.0,0.0,0.0,0.0,1.0,1.0,0.0,0.0,0.0,0.0,0.0,0.0,0.0,0.0,0.0,0.0,0.0,0.0,0.0,0.0,0.0,0.0
798,302,1,1.0,0.9977,1.0,0.1,7.0,9.0,327.0,0.9703,0.0267,336.0,3.0,0.2268,0.6803,0.0,1.0,2.0,0.0,0.0,0.0,0.0,3.0,9.0,9.0,2.0,4.0,-0.10663333333333334,-0.3199,0.0,0.0,80.0,80.0,0.3333333333333333,0.6666666666666666,0.0,0.0,0.0,0.0,0.0,1.0,1.0,0.0,0.0,0.0,0.0,0.0,0.0,0.0,0.0,0.0,0.0,0.0,0.0,0.0,0.0,0.0,0.0
798,309,1,1.0,0.9996,1.0,0.1,10.0,16.0,320.0,0.9496,0.0475,336.0,50.0,0.0814,0.883,0.0,5.0,45.0,0.0,0.0,0.0,0.0,50.0,13.0,83.0,16.0,395.0,0.0030359999999999988,-0.4116,0.0,0.0,70.0,70.0,0.1,0.9,0.0,0.0,0.0,0.0,0.0,1.0,1.0,0.0,0.0,0.0,0.0,0.0,0.0,0.0,0.0,0.0,0.0,0.0,0.0,0.0,0.0,0.0,0.0
798,332,1,1.0,0.9997,1.0,0.1,5.0,14.0,322.0,0.9555,0.0415,336.0,35.0,0.085,1.0,0.0,3.0,32.0,0.0,0.0,0.0,0.0,35.0,14.0,77.0,14.0,247.0,-0.011942857142857144,-0.2772,0.0,0.0,71.0,71.0,0.08571428571428572,0.9142857142857143,0.0,0.0,0.0,0.0,0.0,1.0,1.0,0.0,0.0,0.0,0.0,0.0,0.0,0.0,0.0,0.0,0.0,0.0,0.0,0.0,0.0,0.0,0.0
798,333,1,1.0,0.9996,1.0,0.1,5.0,16.0,320.0,0.9496,0.0475,336.0,35.0,0.085,1.0,0.0,3.0,32.0,0.0,0.0,0.0,0.0,35.0,14.0,80.0,16.0,279.0,-0.013319999999999999,-0.2772,0.0,0.0,71.0,71.0,0.08571428571428572,0.9142857142857143,0.0,0.0,0.0,0.0,0.0,1.0,1.0,0.0,0.0,0.0,0.0,0.0,0.0,0.0,0.0,0.0,0.0,0.0,0.0,0.0,0.0,0.0,0.0
798,342,1,1.0,0.9995,1.0,0.1,5.0,15.0,320.0,0.9496,0.0445,336.0,35.0,0.0781,0.8832,0.0,3.0,32.0,0.0,0.0,0.0,0.0,35.0,13.0,67.0,15.0,292.0,0.02838857142857143,-0.2772,0.0,0.0,71.0,71.0,0.08571428571428572,0.9142857142857143,0.0,0.0,0.0,0.0,0.0,1.0,1.0,0.0,0.0,0.0,0.0,0.0,0.0,0.0,0.0,0.0,0.0,0.0,0.0,0.0,0.0,0.0,0.0
798,360,0,0.0,0.0003,1.0,0.1,6.0,14.0,314.0,0.9573,0.0427,327.0,1.0,0.0,0.0,0.0,0.0,1.0,0.0,0.0,0.0,0.0,1.0,0.0,0.0,14.0,14.0,0.0,0.0,9999.0,0.0,75.0,75.0,0.0,1.0,0.0,0.0,0.0,0.0,0.0,1.0,1.0,0.0,0.0,0.0,0.0,0.0,0.0,0.0,0.0,0.0,0.0,0.0,0.0,0.0,0.0,0.0,0.0
799,686,0,0.0,0.0015,1.0,0.1,16.0,1.0,0.0,0.0,1.0,0.0,3.0,0.0,0.0,0.0,0.0,3.0,0.0,0.0,0.0,0.0,3.0,0.0,0.0,1.0,3.0,0.0,0.0,9999.0,0.0,78.0,78.0,0.3333333333333333,0.6666666666666666,0.0,0.0,0.0,0.0,0.0,1.0,1.0,0.0,0.0,0.0,0.0,0.0,0.0,0.0,0.0,0.0,0.0,0.0,0.0,0.0,0.0,0.0,0.0
806,129,0,0.0,0.0007,1.0,0.1,5.0,7.0,788.0,0.9801,0.0087,803.0,1.0,0.0,0.0,0.0,0.0,1.0,0.0,0.0,0.0,0.0,1.0,1.0,1.0,6.0,6.0,0.0,0.0,362.0,0.0,75.0,75.0,0.0,1.0,0.0,0.0,0.0,0.0,0.0,1.0,1.0,0.0,0.0,0.0,0.0,0.0,0.0,0.0,0.0,0.0,0.0,0.0,0.0,0.0,0.0,0.0,0.0
