revision,n_change_events_so_far,n_verified_so_far,rolling_acc,rolling_mcc,rolling_f1,threshold
137,32,2,1.0,1.0,1.0,0.1
139,41,11,0.8182,0.6236,0.875,0.1
150,41,11,0.8182,0.6236,0.875,0.1
151,41,11,0.8182,0.6236,0.875,0.1
156,41,11,0.8182,0.6236,0.875,0.1
161,41,11,0.8182,0.6236,0.875,0.1
163,55,25,0.88,0.7181,0.9143,0.231
187,63,33,0.9091,0.8018,0.9302,0.231
188,63,33,0.9091,0.8018,0.9302,0.231
190,73,43,0.8837,0.7194,0.918,0.231
197,73,43,0.8837,0.7194,0.918,0.231
200,75,45,0.8889,0.7366,0.9206,0.247
201,76,46,0.8913,0.7493,0.9206,0.247
209,76,46,0.8913,0.7493,0.9206,0.247
212,76,46,0.8913,0.7493,0.9206,0.247
213,76,46,0.8913,0.7493,0.9206,0.247
218,79,49,0.898,0.765,0.9254,0.247
221,79,49,0.898,0.765,0.9254,0.247
226,79,49,0.898,0.765,0.9254,0.247
227,79,49,0.898,0.765,0.9254,0.247
231,79,49,0.898,0.765,0.9254,0.247
247,79,49,0.898,0.765,0.9254,0.247
258,80,50,0.9,0.7748,0.9254,0.247
259,82,52,0.9038,0.791,0.9254,0.247
260,83,53,0.8868,0.7568,0.9118,0.247
262,83,53,0.8868,0.7568,0.9118,0.247
265,83,53,0.8868,0.7568,0.9118,0.247
267,88,58,0.8793,0.7365,0.9067,0.247
273,101,71,0.8592,0.6977,0.8913,0.28
274,102,72,0.8611,0.7051,0.8913,0.28
276,102,72,0.8611,0.7051,0.8913,0.28
282,114,84,0.8571,0.6833,0.8929,0.28
289,115,85,0.8588,0.6905,0.8929,0.28
307,115,85,0.8588,0.6905,0.8929,0.28
329,115,85,0.8588,0.6905,0.8929,0.28
331,118,88,0.8523,0.6709,0.8889,0.28
333,129,99,0.8586,0.6776,0.8955,0.296
338,130,100,0.85,0.6583,0.8889,0.296
341,130,100,0.85,0.6583,0.8889,0.296
345,133,103,0.8544,0.6684,0.8921,0.296
346,145,115,0.8609,0.6812,0.8974,0.296
374,151,121,0.8595,0.6763,0.897,0.1
377,152,122,0.8607,0.6819,0.897,0.1
380,155,125,0.856,0.6697,0.8941,0.1
381,156,126,0.8492,0.6555,0.8889,0.1
384,156,126,0.8492,0.6555,0.8889,0.1
386,158,128,0.8516,0.658,0.8914,0.1
389,158,128,0.8516,0.658,0.8914,0.1
390,160,130,0.8385,0.6314,0.8814,0.1
391,162,132,0.8333,0.6248,0.8764,0.1
393,162,132,0.8333,0.6248,0.8764,0.1
400,164,134,0.8209,0.6011,0.8667,0.1
401,164,134,0.8209,0.6011,0.8667,0.1
402,165,135,0.8222,0.607,0.8667,0.1
417,168,138,0.8188,0.5952,0.8649,0.1
420,171,141,0.8227,0.5994,0.8691,0.492
423,172,142,0.8169,0.5883,0.8646,0.492
424,175,145,0.8207,0.5923,0.8687,0.492
425,176,146,0.8151,0.5817,0.8643,0.492
431,176,146,0.8151,0.5817,0.8643,0.492
432,176,146,0.8151,0.5817,0.8643,0.492
435,176,146,0.8151,0.5817,0.8643,0.492
443,279,249,0.759,0.4225,0.8324,0.1
455,280,250,0.756,0.4143,0.8301,0.1
461,285,255,0.7451,0.3893,0.8209,0.1
462,285,255,0.7451,0.3893,0.8209,0.1
467,287,257,0.7393,0.3749,0.8164,0.1
468,304,274,0.7409,0.3781,0.8175,0.1
469,305,275,0.7382,0.3717,0.8154,0.1
470,327,297,0.734,0.3484,0.8141,0.1
474,330,300,0.7367,0.3643,0.8141,0.1
475,407,377,0.7507,0.3671,0.8297,0.231
476,430,400,0.75,0.3666,0.8288,0.214
477,456,426,0.7512,0.3691,0.8296,0.149
479,458,428,0.75,0.3661,0.8288,0.149
483,459,429,0.7483,0.3623,0.8275,0.149
487,459,429,0.7483,0.3623,0.8275,0.149
489,461,431,0.7448,0.3549,0.8248,0.149
492,462,432,0.7431,0.3513,0.8235,0.149
493,463,433,0.7413,0.3477,0.8222,0.149
495,463,433,0.7413,0.3477,0.8222,0.149
523,466,436,0.7385,0.3446,0.8196,0.149
525,467,437,0.7368,0.3412,0.8183,0.149
526,469,439,0.738,0.3457,0.8189,0.149
529,474,444,0.7387,0.351,0.8187,0.149
536,478,448,0.7344,0.3448,0.8149,0.182
544,479,449,0.735,0.3485,0.8149,0.182
557,480,450,0.7333,0.3452,0.8137,0.182
561,480,450,0.7333,0.3452,0.8137,0.182
568,482,452,0.7345,0.3525,0.8137,0.182
571,483,453,0.7351,0.356,0.8137,0.182
574,505,475,0.7368,0.3613,0.8148,0.182
576,507,477,0.7379,0.3623,0.8159,0.182
579,508,478,0.7385,0.3656,0.8159,0.182
586,532,502,0.739,0.3652,0.8168,0.116
592,532,502,0.739,0.3652,0.8168,0.116
598,533,503,0.7376,0.3623,0.8156,0.116
623,533,503,0.7376,0.3623,0.8156,0.116
630,558,528,0.7481,0.3764,0.8252,0.165
634,563,533,0.7467,0.3749,0.824,0.165
635,571,541,0.7449,0.3763,0.8217,0.165
636,586,556,0.7464,0.3739,0.824,0.149
637,600,570,0.7526,0.3822,0.8295,0.149
639,600,570,0.7526,0.3822,0.8295,0.149
644,636,606,0.7558,0.3863,0.8326,0.116
646,636,606,0.7558,0.3863,0.8326,0.116
655,636,606,0.7558,0.3863,0.8326,0.116
656,646,616,0.7565,0.3961,0.8318,0.116
657,667,637,0.7504,0.3886,0.8266,0.133
658,703,673,0.7533,0.3903,0.8296,0.116
659,740,710,0.7592,0.4032,0.8338,0.133
663,755,725,0.7628,0.413,0.8362,0.133
664,781,751,0.7683,0.4216,0.841,0.1
666,790,760,0.7671,0.4195,0.8401,0.1
667,791,761,0.7674,0.4215,0.8401,0.1
668,792,762,0.7677,0.4235,0.8401,0.1
669,793,763,0.768,0.4255,0.8401,0.1
670,795,765,0.7673,0.4256,0.8394,0.1
672,798,768,0.7682,0.4282,0.8399,0.1
675,800,770,0.7675,0.4276,0.8392,0.1
680,801,771,0.7665,0.4258,0.8384,0.1
681,802,772,0.7668,0.4277,0.8384,0.1
687,802,772,0.7668,0.4277,0.8384,0.1
691,803,773,0.7658,0.4259,0.8377,0.1
694,803,773,0.7658,0.4259,0.8377,0.1
696,806,776,0.7655,0.4279,0.8369,0.1
697,811,781,0.7657,0.4304,0.8368,0.1
698,820,790,0.7658,0.4364,0.8358,0.1
699,851,821,0.7698,0.437,0.8402,0.1
700,859,829,0.7708,0.4395,0.8409,0.1
703,861,831,0.769,0.4361,0.8395,0.1
705,861,831,0.769,0.4361,0.8395,0.1
711,863,833,0.7671,0.4314,0.8381,0.1
714,871,841,0.7658,0.4309,0.8365,0.1
717,872,842,0.766,0.4326,0.8365,0.1
720,879,849,0.7656,0.4348,0.8357,0.1
731,880,850,0.7647,0.4332,0.835,0.1
732,881,851,0.7638,0.4315,0.8343,0.1
735,890,860,0.7651,0.4401,0.8342,0.1
737,920,890,0.7685,0.4405,0.8381,0.1
740,944,914,0.7735,0.4444,0.8431,0.476
741,945,915,0.7738,0.446,0.8431,0.476
742,947,917,0.7732,0.4447,0.8427,0.476
743,948,918,0.7723,0.4431,0.842,0.476
745,963,933,0.7738,0.4451,0.8434,0.476
751,964,934,0.7741,0.4466,0.8434,0.443
755,981,951,0.776,0.4458,0.8455,0.443
756,1014,984,0.7744,0.4345,0.8452,0.1
757,1016,986,0.7738,0.4345,0.8446,0.1
759,1016,986,0.7738,0.4345,0.8446,0.1
760,1030,1000,0.776,0.4371,0.8466,0.1
762,1030,1000,0.776,0.4371,0.8466,0.1
763,1036,1006,0.7753,0.4363,0.846,0.1
766,1036,1006,0.7753,0.4363,0.846,0.1
770,1038,1008,0.7758,0.4367,0.8465,0.1
773,1038,1008,0.7758,0.4367,0.8465,0.1
774,1042,1012,0.7757,0.4358,0.8465,0.1
776,1044,1014,0.7761,0.4362,0.8469,0.1
777,1051,1021,0.7767,0.4386,0.8472,0.1
779,1051,1021,0.7767,0.4386,0.8472,0.1
785,1060,1030,0.7757,0.4414,0.8457,0.1
786,1061,1031,0.7759,0.4428,0.8457,0.1
787,1062,1032,0.7762,0.4442,0.8457,0.1
788,1062,1032,0.7762,0.4442,0.8457,0.1
789,1065,1035,0.7768,0.4461,0.8461,0.1
791,1095,1065,0.7793,0.4499,0.8483,0.133
793,1125,1095,0.7799,0.4532,0.8485,0.133
795,1126,1096,0.7792,0.4519,0.848,0.133
797,1150,1120,0.7812,0.4574,0.8494,0.116
798,1161,1131,0.7816,0.4586,0.8497,0.116
799,1162,1132,0.7809,0.4573,0.8491,0.116
800,1186,1156,0.7803,0.4572,0.8486,0.149
805,1189,1159,0.7808,0.4609,0.8486,0.149
806,1190,1160,0.781,0.4621,0.8486,0.149
808,1191,1161,0.7812,0.4633,0.8486,0.149
809,1205,1175,0.7821,0.4669,0.8491,0.149
813,1206,1176,0.7815,0.4657,0.8486,0.133
814,1206,1176,0.7815,0.4657,0.8486,0.133
815,1206,1176,0.7815,0.4657,0.8486,0.133
816,1209,1179,0.7803,0.4644,0.8476,0.133
